"Authors","Author full names","Author(s) ID","Title","Year","Source title","Cited by","DOI","Link","Affiliations","Authors with affiliations","Abstract","Author Keywords","Index Keywords","Funding Details","Funding Texts","Publisher","Document Type","Source"
"Vadi S.; Bayindir R.; Colak A.M.; Hossain E.","Vadi, Seyfettin (37110185200); Bayindir, Ramazan (6506084880); Colak, Alperen Mustafa (57193863487); Hossain, Eklas (26422996300)","37110185200; 6506084880; 57193863487; 26422996300","A review on communication standards and charging topologies of V2G and V2H operation strategies","2019","Energies","99","10.3390/en12193748","https://www.scopus.com/pages/publications/85073057784?origin=resultslist","Department of Electronics and Automation, Vocational School of Technical Sciences, Gazi University, Ankara, 06500, Turkey; Department of Electrical and Electronics Engineering, Faculty of Technology, Gazi University, Ankara, 06500, Turkey; Department of Advanced Technology and Science for Sustainable Development, Graduate School of Engineering, Nagasaki University, 1-14 Bunkyo, Nagasaki, 852-8521, Japan; Department of Electrical Engineering and Renewable Energy, Oregon Renewable Energy Center (OREC), Oregon Tech, Klamath Falls, 97601, OR, United States","Vadi S., Department of Electronics and Automation, Vocational School of Technical Sciences, Gazi University, Ankara, 06500, Turkey; Bayindir R., Department of Electrical and Electronics Engineering, Faculty of Technology, Gazi University, Ankara, 06500, Turkey; Colak A.M., Department of Advanced Technology and Science for Sustainable Development, Graduate School of Engineering, Nagasaki University, 1-14 Bunkyo, Nagasaki, 852-8521, Japan; Hossain E., Department of Electrical Engineering and Renewable Energy, Oregon Renewable Energy Center (OREC), Oregon Tech, Klamath Falls, 97601, OR, United States","Electric vehicles are the latest form of technology developed to create an environmentally friendly transportation sector and act as an additional energy source to minimize the demand on the grid. This comprehensive research review presents the vehicle-to-grid (V2G) and the vehicle-to-home (V2H) technologies, along with their structures, components, power electronic topologies, communication standards, socket structure, and charging methods. In addition, the charging topologies in V2G and V2H are given in detail. This study is planned as a useful guide for future studies that can be achieved in that it compares the results obtained and analyzes the studies in the literature, finding the advantages and disadvantages of charging topologies in V2G and V2H. © 2019 by the authors.","Battery cycle; Bi-directional charging topologies; Communication standards; Vehicle-to-grid (V2G); Vehicle-to-home (V2H)","Charging (batteries); Electric power transmission networks; Topology; Vehicle-to-grid; Vehicles; Battery cycle; Bi-directional; Communication standards; Comprehensive research; Electronic topologies; Operation strategy; Transportation sector; Vehicle to Grid (V2G); Vehicle to vehicle communications","Oregon Renewable Energy Center","The authors would like to express their sincere gratitude to Oregon Renewable Energy Center (OREC) for their assistance with the experimentation required during the course of this research. Their contributions have greatly improved the content of the manuscript.","MDPI AG","Review","Scopus"
"Howe M.S.","Howe, M.S. (7202129488)","7202129488","Indirect combustion noise","2010","Journal of Fluid Mechanics","93","10.1017/S0022112010002466","https://www.scopus.com/pages/publications/77957166038?origin=resultslist","College of Engineering, Boston University, Boston, MA 02215, United States","Howe M.S., College of Engineering, Boston University, Boston, MA 02215, United States","An analysis is made of the noise generated during the passage of quiescent temperature/entropy inhomogeneities through regions of rapidly accelerated mean flow. This is an important source of jet engine core noise. Bake et al. (J. Sound Vib., vol. 326, 2009, pp. 574-598) have used an entropy wave generator coupled with a converging-diverging nozzle to perform a series of canonical measurements of the sound produced when the inhomogeneity consists of a nominally uniform slug of hot gas. When flow separation and jet formation occur in the diffuser section of the nozzle, it is shown in this paper that the vortex sound generated by the jet is strongly correlated with the entropy noise produced by the slug and that the overall noise level is significantly reduced. Streamwise stretching of the hot slug during high subsonic acceleration into the nozzle and the consequent attenuation of the entropy gradient in the nozzle are shown to significantly decrease the effective rate at which indirect combustion noise increases with the Mach number. Numerical predictions indicate that this is responsible for the peak observed by Bake et al. in the entropy-generated sound pressure at a nozzle Mach number near 0.6. © 2010 Cambridge University Press.","aeroacoustics; gas dynamics; instability","Aeroacoustics; Aerodynamics; Combustion; Entropy; Flow separation; Gas dynamics; Mach number; Nozzles; Plasma stability; Converging-diverging nozzles; Entropy gradients; Entropy waves; Inhomogeneities; Jet formation; Measurements of; Numerical predictions; Sound pressures; acoustics; aerodynamics; combustion; entropy; noise; numerical model; Acoustic noise","","","Cambridge University Press","Article","Scopus"
"Dezitter F.; Grandin A.; Brenguier J.L.; Hervy F.; Schlager H.; Villedieu P.; Zalamansky G.","Dezitter, F. (36573180000); Grandin, A. (56358933300); Brenguier, J.L. (55896920900); Hervy, F. (55345775000); Schlager, H. (7006747416); Villedieu, P. (56293807300); Zalamansky, G. (6602431660)","36573180000; 56358933300; 55896920900; 55345775000; 7006747416; 56293807300; 6602431660","HAIC (high altitude ice crystals)","2013","5th AIAA Atmospheric and Space Environments Conference","84","10.2514/6.2013-2674","https://www.scopus.com/pages/publications/84883471071?origin=resultslist","Airbus; Meteo, France; DGA; DLR; ONERA; Dassault-Aviation","Dezitter F., Airbus; Grandin A., Airbus; Brenguier J.L., Meteo, France; Hervy F., DGA; Schlager H., DLR; Villedieu P., ONERA; Zalamansky G., Dassault-Aviation","Commercial aircraft have been experiencing in-service events while flying in the vicinity of deep convective clouds since at least the early 1990s. Heated probes and engines are the areas of aircraft most prone to mixed phase and glaciated icing threat. In anticipation of regulation changes according to mixed phase and glaciated icing conditions, the HAIC project will provide to the European Aeronautical industry Acceptable Means of Compliance (numerical and test capabilities) and appropriate ice particle detection/awareness technologies for use on-board of commercial aircraft in order to enhance safety when an aircraft is flying in such weather conditions. HAIC will achieve high Technology Readiness Level (TRL6) for technologies (radar, detector) and capabilities (numerical models and tools, test facilities) developed as part of the project HAIC is a 4 years integrated project comprising 37 partners representing the European stakeholders of the Aeronautical industry from 14 European countries.HAIC will also develop international cooperation and collaboration thanks to the involvement of key international organizations and companies as partner of the project or through the advisory board. Finally, HAIC will complement the work performed as part of existing international projects and working groups, notably EASA-HighIWC, HIWC, Engine Icing Working Group and Ice Crystals Consortium, and pave the way towards the ACARE 2020 and Flight Path 2050 safety objectives.","","Accident prevention; Aircraft; Engines; International cooperation; Mobile telecommunication systems; Advisory boards; Commercial aircraft; Deep convective clouds; Icing conditions; Integrated project; International organizations; International projects; Safety objectives; Ice","FP7/2007, (ACP2-GA-2012-314314); Seventh Framework Programme, FP7","The research leading to these results has received funding from the European Union Seventh Framework Programme (FP7/2007-2013) under grant agreement n°ACP2-GA-2012-314314.","","Conference paper","Scopus"
"Deprés D.; Reijasse P.; Dussauge J.P.","Deprés, D. (16552115700); Reijasse, P. (56004517600); Dussauge, J.P. (6603741487)","16552115700; 56004517600; 6603741487","Analysis of unsteadiness in afterbody transonic flows","2004","AIAA Journal","104","10.2514/1.7000","https://www.scopus.com/pages/publications/10944274109?origin=resultslist","ONERA, 92190 Meudon, France; Inst. Univ. Syst. Tech./Industriels, 13003 Marseille, France; Fundamental Aerodynamics Department, 8 rue des Vertugadins, France; Unite Mixte de Recherche, Ctr. Natl. de la Rech. Scientifique, Univ.́ de Provence No. 6595, 12 ave. Général Lederc, France","Deprés D., ONERA, 92190 Meudon, France, Fundamental Aerodynamics Department, 8 rue des Vertugadins, France; Reijasse P., ONERA, 92190 Meudon, France, Fundamental Aerodynamics Department, 8 rue des Vertugadins, France; Dussauge J.P., Inst. Univ. Syst. Tech./Industriels, 13003 Marseille, France, Unite Mixte de Recherche, Ctr. Natl. de la Rech. Scientifique, Univ.́ de Provence No. 6595, 12 ave. Général Lederc, France","Separated flows behind afterbodies in the high subsonic regime are investigated experimentally. Measurements of mean and unsteady wall pressure have been performed in a transonic wind tunnel on axisymmetric configurations with a propulsive jet. It is found that the distance between the base plane and the nozzle exit section, namely, the rear-body extension, is a determining parameter. For a long enough rear-body extension, the separated flow reattaches at the end of the external nozzle wall. The spectra in the reattachment region exhibit a weakly defined maximum, which is associated with the shear layer vortices impinging the downstream surface. For a short rear-body extension, the reattachment on the downstream nozzle wall is not possible. The spectra in the whole region exhibit a well-defined periodicity that corresponds to the formation of large-scale structures in the wake, as observed for bluff bodies. This is confirmed by a two-point correlation analysis of the turbulent signals, which shows that the flow is dominated by a highly coherent antisymmetric mode at the vortex shedding frequency.","","Boundary layer flow; Correlation methods; Drop breakup; Reynolds number; Subsonic flow; Transducers; Turbulent flow; Shock wave disturbances; Strouhal numbers; Transonic wind tunnel; Vortex shedding frequency; Transonic flow","","","American Institute of Aeronautics and Astronautics Inc.","Article","Scopus"
"Dallinger D.; Krampe D.; Wietschel M.","Dallinger, David (37065826600); Krampe, Daniel (40361248700); Wietschel, Martin (6602655666)","37065826600; 40361248700; 6602655666","Vehicle-to-grid regulation reserves based on a dynamic simulation of mobility behavior","2011","IEEE Transactions on Smart Grid","238","10.1109/TSG.2011.2131692","https://www.scopus.com/pages/publications/79957683037?origin=resultslist","Fraunhofer Institute for Systems and Innovations Research, Karlsruhe, Germany","Dallinger D., Fraunhofer Institute for Systems and Innovations Research, Karlsruhe, Germany; Krampe D., Fraunhofer Institute for Systems and Innovations Research, Karlsruhe, Germany; Wietschel M., Fraunhofer Institute for Systems and Innovations Research, Karlsruhe, Germany","This study establishes a new approach to analyzing the economic impacts of vehicle-to-grid (V2G) regulation reserves by simulating the restrictions arising from unpredictable mobility requests by vehicle users. A case study for Germany using average daily values (in the following also called the static approach) and a dynamic simulation including different mobility use patterns are presented. Comparing the dynamic approach with the static approach reveals a significant difference in the power a vehicle can offer for ancillary services and provides insights into the necessary size of vehicle pools and possible adaptations required in the regulation market to render V2G feasible. In the static approach it is shown that negative secondary control is economically the most beneficial for electric vehicles because it offers the highest potential for charging with low-priced energy from negative regulation reserves. A Monte Carlo simulation using stochastic mobility behavior results in a 40% reduction of the power available for regulation compared to the static approach. Because of the high value of power in the regulation market, this finding has a strong impact on the resulting revenues. Further, we demonstrate that, for the data used, a pool size of 10000 vehicles seems reasonable to balance the variation in each individual's driving behavior. In the case of the German regulation market, which uses monthly bids, a daily or hourly bid period is recommended. This adaptation would be necessary to provide individual regulation assuming that the vehicles are primarily used for mobility reasons and cannot deliver the same amount of power every hour of the week. © 2011 IEEE.","Ancillary services; demand side management; electric vehicles; regulation reserves; vehicle-to-grid","Automobiles; Commerce; Computer simulation; Electric vehicles; Lakes; Monte Carlo methods; Ancillary service; demand side management; Driving behavior; Dynamic simulation; Economic impacts; Germany; Mobility behavior; Monte Carlo Simulation; Regulation markets; regulation reserves; Secondary control; Static approach; Vehicle to grids; Vehicle users; Behavioral research","Fraunhofer Systemforschung Elektromobilität; Bundesministerium für Bildung und Forschung, BMBF, (13N10599, TSG-00115-2010)","Funding text 1: This work was cofinanced under a grant of the German Federal Ministry of Education and Research (BMBF) within the project “Fraunhofer Systemforschung Elektromobilität.” The authors would like to thank Prof. Tomas Gómez, Chris Marnay, and Gillian Bowman-Köhler for discussions and critical reading of the manuscript.; Funding text 2: Manuscript received September 06, 2010; revised January 12, 2011 and February 26, 2011; accepted March 02, 2011. Date of publication April 29, 2011; date of current version May 25, 2011. This work was supported by the German Federal Ministry of Education and Research (BMBF) as part of the project “Fraunhofer Systems Research Electric Mobility” under Project 13N10599. Paper no. TSG-00115-2010.","","Article","Scopus"
"Moase W.H.; Brear M.J.; Manzie C.","Moase, William H. (18437877000); Brear, Michael J. (6602248941); Manzie, Chris (12791337200)","18437877000; 6602248941; 12791337200","The forced response of choked nozzles and supersonic diffusers","2007","Journal of Fluid Mechanics","101","10.1017/S0022112007006647","https://www.scopus.com/pages/publications/34547784973?origin=resultslist","Department of Mechanical and Manufacturing Engineering, University of Melbourne, Melbourne, VIC 3010, Australia","Moase W.H., Department of Mechanical and Manufacturing Engineering, University of Melbourne, Melbourne, VIC 3010, Australia; Brear M.J., Department of Mechanical and Manufacturing Engineering, University of Melbourne, Melbourne, VIC 3010, Australia; Manzie C., Department of Mechanical and Manufacturing Engineering, University of Melbourne, Melbourne, VIC 3010, Australia","The response of choked nozzles and supersonic diffusers to one-dimensional flow perturbations is investigated. Following previous arguments in the literature, small flow perturbations in a duct of spatially linear steady velocity distribution are determined by solution of a hyper-geometric differential equation. A set of boundary conditions is then developed that extends the existing work to a nozzle of arbitrary geometry. This analysis accommodates the motion of a plane shock wave and makes no assumption about the nozzle compactness. Numerical simulations of the unsteady, quasi-one-dimensional Euler equations are performed to validate this analysis and also to indicate the conditions under which the perturbations remain approximately linear. The nonlinear response of compact choked nozzles and supersonic diffusers is also investigated. Simple analyses are performed to determine the reflected and transmitted waveforms, as well as conditions for unchoke, 'over-choke' and unstart. This analysis is also supported with results from numerical simulations of the Euler equations. © Cambridge University Press 2007.","","Boundary conditions; Computer simulation; Differential equations; Ducts; Fluid dynamics; Geometry; Nozzles; Perturbation techniques; Shock waves; Supersonic flow; Unsteady flow; Boundary conditions; Computer simulation; Differential equations; Ducts; Geometry; Nozzles; Perturbation techniques; Shock waves; Supersonic flow; Unsteady flow; Hyper-geometric differential equation; Supersonic diffusers; boundary condition; Eulerian analysis; perturbation; steady flow; unsteady flow; Fluid dynamics","","","Cambridge University Press","Article","Scopus"
"Flaszynski P.; Doerffer P.; Szwaba R.; Kaczynski P.; Piotrowicz M.","Flaszynski, Pawel (16229969300); Doerffer, Piotr (6603477705); Szwaba, Ryszard (6505512270); Kaczynski, Piotr (56946660900); Piotrowicz, Michal (57188975509)","16229969300; 6603477705; 6505512270; 56946660900; 57188975509","Shock wave boundary layer interaction on suction side of compressor profile in single passage test section","2015","Journal of Thermal Science","27","10.1007/s11630-015-0816-9","https://www.scopus.com/pages/publications/84946410014?origin=resultslist","The Szewalski Institute of Fluid-Flow Machinery Polish Academy of Sciences (IMP PAN), Fiszera 14, Gdansk, Poland","Flaszynski P., The Szewalski Institute of Fluid-Flow Machinery Polish Academy of Sciences (IMP PAN), Fiszera 14, Gdansk, Poland; Doerffer P., The Szewalski Institute of Fluid-Flow Machinery Polish Academy of Sciences (IMP PAN), Fiszera 14, Gdansk, Poland; Szwaba R., The Szewalski Institute of Fluid-Flow Machinery Polish Academy of Sciences (IMP PAN), Fiszera 14, Gdansk, Poland; Kaczynski P., The Szewalski Institute of Fluid-Flow Machinery Polish Academy of Sciences (IMP PAN), Fiszera 14, Gdansk, Poland; Piotrowicz M., The Szewalski Institute of Fluid-Flow Machinery Polish Academy of Sciences (IMP PAN), Fiszera 14, Gdansk, Poland","The shock wave boundary layer interaction on the suction side of transonic compressor blade is one of the main objectives of TFAST project (Transition Location Effect on Shock Wave Boundary Layer Interaction). In order to investigate the flow structure on the suction side of a profile, a design of a generic test section in linear transonic wind tunnel was proposed. The experimental and numerical results for the flow structure investigations are shown for the flow conditions as the existing ones on the suction side of the compressor profile. Near the sidewalls the suction slots are applied for the corner flow structure control. It allows to control the Axial Velocity Density Ratio (AVDR), important parameter for compressor cascade investigations. Numerical results for Explicit Algebraic Reynolds Stress Model with transition modeling are compared with oil flow visualization, schlieren and Pressure Sensitive Paint. Boundary layer transition location is detected by Temperature Sensitive Paint. © 2015, Science Press, Institute of Engineering Thermophysics, CAS and Springer-Verlag Berlin Heidelberg.","compressor profile; laminar-turbulent transition; shock wave; transonic flow","Compressors; Flow structure; Hypersonic flow; Paint; Reynolds number; Shock waves; Structural design; Transonic flow; Turbulent flow; Wind tunnels; Axial velocity-density; Boundary layer transitions; Explicit algebraic reynolds stress models; Laminar turbulent transitions; Pressure sensitive paints; Shock wave boundary layer interactions; Temperature sensitive paint; Transonic compressor blades; Boundary layers","","","Science Press","Article","Scopus"
"Palm J.; Gustafsson S.","Palm, Jenny (23036198800); Gustafsson, Sara (6505789897)","23036198800; 6505789897","Barriers to and enablers of district cooling expansion in Sweden","2018","Journal of Cleaner Production","13","10.1016/j.jclepro.2017.10.141","https://www.scopus.com/pages/publications/85038820492?origin=resultslist","Lund University, International Institute for Industrial Environmental Economics (IIIEE), Box 196, Lund, SE-221 00, Sweden; Linköping University, Department of Thematic Studies – Technology and Social Change, Linköping, 581 83, Sweden; Linköping University, IEI/ Environmental Technology and Management, Linköping, 581 83, Sweden","Palm J., Lund University, International Institute for Industrial Environmental Economics (IIIEE), Box 196, Lund, SE-221 00, Sweden, Linköping University, Department of Thematic Studies – Technology and Social Change, Linköping, 581 83, Sweden; Gustafsson S., Linköping University, IEI/ Environmental Technology and Management, Linköping, 581 83, Sweden","Although Sweden is a northern country with fairly low outdoor temperatures most of the year, its district cooling (DC) systems are expected to expand. Some actors claim that there is potential for at least a doubling of DC in Sweden. One reason for this is that demand for cooling increases with the increased use of electronics such as computers, resulting in higher indoor temperatures from waste heat production. Although DC should have considerable growth potential based on its convenience and climate benefits, its growth has been surprisingly slow. This article discusses the barriers to and enablers of DC expansion. We examine how energy companies, property owners, and tenants perceive the barriers to and enablers of installing and using DC. How do these actors view the present and future need for cooling? What would make DC more attractive according to these actors? These questions were studied using surveys and in-depth interviews. The results indicate that lack of information is the most important current barrier to DC expansion, a barrier that could easily be addressed, making information an enabler of DC. Earlier grid-based energy systems in Sweden were established through public–private collaboration, and such collaboration could promote the ongoing expansion of DC. For example, municipalities played an important role when district heating was built, but this has not been the case for DC. Another possible enabler is the eco-labelling of DC, which has so far played a minor role in the Swedish system. © 2017 Elsevier Ltd","Barriers; District cooling; Large technical systems; Sustainable energy; Urban","Cooling systems; District heating; Expansion; Space heating; Waste heat; Barriers; District cooling; Large technical systems; Sustainable energy; Urban; Electronic cooling","Swedish District Association; Energimyndigheten, (39607-1); Energimyndigheten","This work was supported by the Swedish District Association and the Swedish Energy Agency through grant number 39607-1 .","Elsevier Ltd","Article","Scopus"
"Seitz A.; Bijewitz J.; Kaiser S.; Wortmann G.","Seitz, Arne (7006821345); Bijewitz, Julian (56418467400); Kaiser, Sascha (56417224400); Wortmann, Guido (56432437500)","7006821345; 56418467400; 56417224400; 56432437500","Conceptual investigation of a propulsive fuselage aircraft layout","2014","Aircraft Engineering and Aerospace Technology","33","10.1108/AEAT-06-2014-0079","https://www.scopus.com/pages/publications/84913533778?origin=resultslist","Visionary Aircraft Concepts, Bauhaus Luftfahrt e.V., Munich, Germany; Munich Aerospace e.V, Munich, Germany","Seitz A., Visionary Aircraft Concepts, Bauhaus Luftfahrt e.V., Munich, Germany; Bijewitz J., Visionary Aircraft Concepts, Bauhaus Luftfahrt e.V., Munich, Germany; Kaiser S., Visionary Aircraft Concepts, Bauhaus Luftfahrt e.V., Munich, Germany; Wortmann G., Munich Aerospace e.V, Munich, Germany","Purpose :The purpose of this paper is the multi-disciplinary conceptual investigation of a propulsive fuselage (PF) aircraft layout allowing for new performance synergies through closely coupled propulsion/airframe integration. The discussed aircraft layout facilitates the ingestion of the fuselage boundary layer and the utilization of wake filling, thus eliminating a significant share of fuselage drag.; Findings : During benchmarking, it was found that a best and balanced design for the proposed PF aircraft layout yields an increase in vehicular efficiency of approximately 10 per cent compared to the advanced conventional reference aircraft.; Design/methodology/approach : Based on consistent book-keeping standards for conventionally installed and highly integrated propulsion systems, key aspects of conceptualisation regarding airframe and propulsion system are presented. As a result of this, a PF aircraft configuration is proposed featuring a fuselage fan power plant in conjunction with two under-wing podded power plants. Parametric models for integrated aircraft and propulsion system sizing and performance analysis are discussed that are suitable for the consistent mapping of the characteristics intrinsic to a PF layout. In an initial benchmarking exercise, the vehicular efficiency potentials of the previously identified PF configuration are evaluated against an advanced conventional reference aircraft.; Practical implications : The paper gives the reader an idea for the efficiency potentials achievable through a PF aircraft configuration, as well as guidelines for aircraft sizing and integrational aspects. It may serve as a basis for advanced studies in the future.; Originality/value :The conceptual investigation of the PF concept idea, contributes to establishing the initial technical feasibility of this novel approach to synergistic propulsion system integration. The methods presented in this paper allow for the multi-disciplinary conceptual design sizing of a PF aircraft. © Emerald Group Publishing Limited.","Aircraft wake filling; Boundary layer ingestion; Conceptual aircraft design; Distributed propulsion; Propulsive fuselage","Aircraft plants; Fighter aircraft; Gas turbines; Ingestion (engines); Propulsive wing aircraft; Structural dynamics; Aircraft configurations; Aircraft wake filling; Aircraft wakes; Boundary layer ingestion; Conceptual aircraft designs; Distributed propulsions; Performance; Propulsion system; Propulsive fuselage; Reference aircraft; Benchmarking","European Commission, EC; Seventh Framework Programme, FP7, (323013); Seventh Framework Programme, FP7","","Emerald Publishing","Article","Scopus"
"Wierman A.; Liu Z.; Liu I.; Mohsenian-Rad H.","Wierman, Adam (8148116600); Liu, Zhenhua (55714470900); Liu, Iris (56272642900); Mohsenian-Rad, Hamed (54400374100)","8148116600; 55714470900; 56272642900; 54400374100","Opportunities and challenges for data center demand response","2015","2014 International Green Computing Conference, IGCC 2014","141","10.1109/IGCC.2014.7039172","https://www.scopus.com/pages/publications/84924365614?origin=resultslist","Computing and Mathematical Sciences, California Institute of Technology, United States; Electrical Engineering, University of California at Riverside, United States","Wierman A., Computing and Mathematical Sciences, California Institute of Technology, United States; Liu Z., Computing and Mathematical Sciences, California Institute of Technology, United States; Liu I., Computing and Mathematical Sciences, California Institute of Technology, United States; Mohsenian-Rad H., Electrical Engineering, University of California at Riverside, United States","This paper surveys the opportunities and challenges in an emerging area of research that has the potential to significantly ease the incorporation of renewable energy into the grid as weil as electric power peak-load shaving: data center demand response. Data center demand response sits at the intersection of two growing fields: energy efficient data centers and demand response in the smart grid. As such, the literature related to data center demand response is sprinkled across multiple areas and worked on by diverse groups. Our goal in this survey is to demonstrate the potential of the field while also summarizing the progress that has been made and the challenges that remain. © 2014 IEEE.","","Electric power transmission networks; Energy efficiency; Smart power grids; Surveys; Data centers; Demand response; Electric power; Energy efficient; Multiple areas; Paper surveys; Renewable energies; Smart grid; Green computing","National Science Foundation, NSF, (1319798); National Science Foundation, NSF","","Institute of Electrical and Electronics Engineers Inc.","Conference paper","Scopus"
"Kusalaphirom T.; Satiennam T.; Satiennam W.","Kusalaphirom, Triluck (57719795200); Satiennam, Thaned (56181230000); Satiennam, Wichuda (56181572300)","57719795200; 56181230000; 56181572300","Factors Influencing the Real-World Electricity Consumption of Electric Motorcycles","2023","Energies","6","10.3390/en16176369","https://www.scopus.com/pages/publications/85170244154?origin=resultslist","Department of Civil Engineering, Faculty of Engineering, Khon Kaen University, Khon Kaen, 40002, Thailand","Kusalaphirom T., Department of Civil Engineering, Faculty of Engineering, Khon Kaen University, Khon Kaen, 40002, Thailand; Satiennam T., Department of Civil Engineering, Faculty of Engineering, Khon Kaen University, Khon Kaen, 40002, Thailand; Satiennam W., Department of Civil Engineering, Faculty of Engineering, Khon Kaen University, Khon Kaen, 40002, Thailand","Currently, studies regarding the factors influencing the real-world electricity consumption of electric motorcycles are lacking. The objective of this study was to examine the factors influencing the real-world electricity consumption of electric motorcycles when driving along an uncongested road network. This study developed an onboard measurement device to collect on-road data, including instant speed data and electricity consumption, from the test electric motorcycle while it was driving on a real-world road. Overall, 105 participants (n = 105) drove the test motorcycle along the uncongested urban road network. Multiple linear regression analysis was applied to explore the effect of influencing variables on the electricity consumption of electric motorcycles. The analysis results revealed that the rider’s weight and average running speed positively influenced electricity consumption, whereas decelerating time negatively influenced electricity consumption. Noticeably, the rider’s weight affected electricity consumption more than other factors. The lightweighting of electric motorcycles was mainly recommended to lower electricity consumption. Subsequently, CO2 emissions from electricity generation could be reduced. © 2023 by the authors.","CO<sub>2</sub> equivalent emissions; electric motorcycle; electricity consumption; real-world driving","Electric motorcycles; Electric power utilization; Linear regression; Roads and streets; CO2 equivalent emission; Electric motorcycle; Electricity-consumption; Instant speed; Measurement device; On-board measurements; Real-world; Real-world drivings; Road network; Urban road networks; Carbon dioxide","","","Multidisciplinary Digital Publishing Institute (MDPI)","Article","Scopus"
"Thompson A.W.; Perez Y.","Thompson, Andrew W. (57202706113); Perez, Yannick (24177047000)","57202706113; 24177047000","Vehicle-to-Everything (V2X) energy services, value streams, and regulatory policy implications","2020","Energy Policy","142","10.1016/j.enpol.2019.111136","https://www.scopus.com/pages/publications/85077145129?origin=resultslist","RITM Lab, University of Paris-Sud 11 (Université Paris-Saclay), 54 boulevard Desgranges, Sceaux, 92230, France; Lawrence Berkeley National Laboratory, 1 Cyclotron Road, Berkeley, 94720, CA, United States; Institut VEDECOM, 77 rue des Chantiers, Versailles, 78000, France; Laboratoire de Génie Industriel (LGI), Centrale Supélec (Université Paris-Saclay), Bâtiment Bouygues, 9 rue Joliot Curie, Gif sur Yvette, 91192, France","Thompson A.W., RITM Lab, University of Paris-Sud 11 (Université Paris-Saclay), 54 boulevard Desgranges, Sceaux, 92230, France, Lawrence Berkeley National Laboratory, 1 Cyclotron Road, Berkeley, 94720, CA, United States, Institut VEDECOM, 77 rue des Chantiers, Versailles, 78000, France; Perez Y., Institut VEDECOM, 77 rue des Chantiers, Versailles, 78000, France, Laboratoire de Génie Industriel (LGI), Centrale Supélec (Université Paris-Saclay), Bâtiment Bouygues, 9 rue Joliot Curie, Gif sur Yvette, 91192, France","Vehicle-to-Anything (V2X) is an umbrella term to explain the use of electric vehicle batteries to derive additional value during times of non-use. V2X services generate revenue from the battery asset through dynamic (V1X) or bi-directional (V2X) charging to provide benefits to the electric grid, to reduce energy consumption of buildings and homes, or to provide back-up power to loads. While relatively unknown and still regarded as a nascent technology, V2X exhibits low capital costs and enabling costs have decreased by 90% since 2014. We present the V2X Value Stream Framework as a means to better communicate and categorize its full economic potential. A meta-analysis of Value Stream potential gives results contradictory to the literature and indicates that Bill Management, Resource Adequacy, and Network Deferral are more valuable than Energy Arbitrage and Spinning Reserves. We distinguish between Energy and Power Value Streams and show how the latter cause less battery degradation and allow for greater stacking of services. Finally, energy policy recommendations are given to better integrate V2X. While we concur that development is of and by the market, we emphasize that V2X will develop within the constraints of the regulatory environment; therefore regulators have an enabling role to play. © 2019 Elsevier Ltd","Ancillary Services; Distributed Energy Resources (DER); Energy Market Regulation; Vehicle-to-Anything (V2X); Vehicle-to-Grid (V2G)","Charging (batteries); Commerce; Energy resources; Energy utilization; Public policy; Vehicle-to-grid; Vehicles; Ancillary service; Distributed energy resource; Electric vehicle batteries; Energy markets; Policy recommendations; Reduce energy consumption; Regulatory environment; Vehicle to Grid (V2G); building; electric vehicle; energy market; energy policy; energy resource; energy use; regulatory framework; Secondary batteries","French Public-Private research institute; Institut VEDECOM; Shared Mobility and Energy research domain, (MOB.06)","Funding text 1: This work was financially supported by the Institut VEDECOM , a French Public-Private research institute and one of the Institutes for the Energy Transition (Instituts pour la transition énergétique, ITE) under the Shared Mobility and Energy research domain , Project ID MOB.06 . The authors claim no conflict of interest.  ; Funding text 2: This work was financially supported by the Institut VEDECOM, a French Public-Private research institute and one of the Institutes for the Energy Transition (Instituts pour la transition ?nerg?tique, ITE) under the Shared Mobility and Energy research domain, Project ID MOB.06. The authors claim no conflict of interest.","Elsevier Ltd","Article","Scopus"
"Pirozzoli S.; Bernardini M.; Grasso F.","Pirozzoli, Sergio (6602918813); Bernardini, Matteo (25229576700); Grasso, Francesco (7007165101)","6602918813; 25229576700; 7007165101","Direct numerical simulation of transonic shock/boundary layer interaction under conditions of incipient separation","2010","Journal of Fluid Mechanics","180","10.1017/S0022112010001710","https://www.scopus.com/pages/publications/77957112779?origin=resultslist","Dipartimento di Meccanica e Aeronautica, Universit ̀a di Roma la Sapienza, 00184 Rome, Via Eudossiana 18, Italy","Pirozzoli S., Dipartimento di Meccanica e Aeronautica, Universit ̀a di Roma la Sapienza, 00184 Rome, Via Eudossiana 18, Italy; Bernardini M., Dipartimento di Meccanica e Aeronautica, Universit ̀a di Roma la Sapienza, 00184 Rome, Via Eudossiana 18, Italy; Grasso F., Dipartimento di Meccanica e Aeronautica, Universit ̀a di Roma la Sapienza, 00184 Rome, Via Eudossiana 18, Italy","The interaction of a normal shock wave with a turbulent boundary layer developing over a flat plate at free-stream Mach number M∞ = 1.3 and Reynolds number Re ≈1200 (based on the momentum thickness of the upstream boundary layer) is analysed by means of direct numerical simulation of the compressible Navier-Stokes equations. The computational methodology is based on a hybrid linear/weighted essentially non-oscillatory conservative finite-difference approach, whereby the switch is controlled by the local regularity of the solution, so as to minimize numerical dissipation. As found in experiments, the mean flow pattern consists of an upstream fan of compression waves associated with the thickening of the boundary layer, and the supersonic region is terminated by a nearly normal shock, with substantial bending of the interacting shock. At the selected conditions the flow does not exhibit separation in the mean. However, the interaction region is characterized by intermittent transitory detachment with scattered spots of instantaneous flow reversal throughout the interaction zone, and by the formation of a turbulent mixing layer, with associated unsteady release of vortical structures. As found in supersonic impinging shock interactions, we observe a different amplification of the longitudinal Reynolds stress component with respect to the others. Indeed, the effect of the adverse pressure gradient is to reduce the mean shear, with subsequent suppression of the near-wall streaks, and isotropization of turbulence. The recovery of the boundary layer past the interaction zone follows a quasi-equilibrium process, characterized by a self-similar distribution of the mean flow properties. © 2010 Cambridge University Press.","compressible boundary layers; shock waves; turbulence simulation","Boundary layer flow; Boundary layers; Direct numerical simulation; Flow patterns; Incompressible flow; Navier Stokes equations; Numerical models; Reynolds number; Shear flow; Shock waves; Turbulence; Turbulent flow; Compressible boundary layers; Compressible Navier-Stokes equations; Computational methodology; Essentially non-oscillatory; Finite difference approach; Shock/boundary layer interactions; Turbulence simulation; Turbulent boundary layers; amplification; computer simulation; experimental study; finite difference method; linearity; Navier-Stokes equations; numerical model; Reynolds number; shock wave; turbulence; turbulent boundary layer; Atmospheric thermodynamics","CASPUR","The support of the CASPUR computing consortium through the 2009 Competitive HPC Grant ‘Extremely large scale simulation of transonic turbulent flows’ is gratefully acknowledged. The authors wish to thank J. Délery, H. Babinsky and P. J. K. Bruce for helpful discussions, and the anonymous referees for help in improving the quality of the manuscript.","Cambridge University Press","Article","Scopus"
"Frieden D.; Tuerk A.; Antunes A.R.; Athanasios V.; Chronis A.-G.; D’herbemont S.; Kirac M.; Marouço R.; Neumann C.; Catalayud E.P.; Primo N.; Gubina A.F.","Frieden, Dorian (55206716300); Tuerk, Andreas (16319567600); Antunes, Ana Rita (57339969800); Athanasios, Vasilakis (57340598600); Chronis, Alexandros-Georgios (57200967516); D’herbemont, Stanislas (57340386000); Kirac, Mislav (55033129500); Marouço, Rita (57340386100); Neumann, Camilla (57224513030); Catalayud, Esteban Pastor (57340075800); Primo, Niccolò (57302438300); Gubina, Andrej Ferdo (6602596220)","55206716300; 16319567600; 57339969800; 57340598600; 57200967516; 57340386000; 55033129500; 57340386100; 57224513030; 57340075800; 57302438300; 6602596220","Are we on the right track? Collective self-consumption and energy communities in the european union","2021","Sustainability (Switzerland)","82","10.3390/su132212494","https://www.scopus.com/pages/publications/85119176195?origin=resultslist","Joanneum Research Forschungsgesellschaft mbH, LIFE–Institute for Climate, Energy & Society, Science Tower-Waagner-Biro-Strasse 100, Graz, 8020, Austria; Coopérnico, Rua de São Nicolau, 73, 2º Esq, Lisboa, 1100-548, Portugal; School of Electrical and Computer Engineering, National Technical University of Athens, Athens, 15771, Greece; REScoop.eu vzw, Posthoflei 3 Bus 3, Berchem, 2600, Belgium; Green Energy Cooperative (ZEZ), Bukovačka Cesta 110, Zagreb, HR-10000, Croatia; ETRA Investigación y Desarrollo S.A., C/Tres Forques, 147, Valencia, 46014, Spain; Faculty of Electrical Engineering, University of Ljubljana, Tržaška c. 25, Ljubljana, 1000, Slovenia","Frieden D., Joanneum Research Forschungsgesellschaft mbH, LIFE–Institute for Climate, Energy & Society, Science Tower-Waagner-Biro-Strasse 100, Graz, 8020, Austria; Tuerk A., Joanneum Research Forschungsgesellschaft mbH, LIFE–Institute for Climate, Energy & Society, Science Tower-Waagner-Biro-Strasse 100, Graz, 8020, Austria; Antunes A.R., Coopérnico, Rua de São Nicolau, 73, 2º Esq, Lisboa, 1100-548, Portugal; Athanasios V., School of Electrical and Computer Engineering, National Technical University of Athens, Athens, 15771, Greece; Chronis A.-G., School of Electrical and Computer Engineering, National Technical University of Athens, Athens, 15771, Greece; D’herbemont S., REScoop.eu vzw, Posthoflei 3 Bus 3, Berchem, 2600, Belgium; Kirac M., Green Energy Cooperative (ZEZ), Bukovačka Cesta 110, Zagreb, HR-10000, Croatia; Marouço R., Coopérnico, Rua de São Nicolau, 73, 2º Esq, Lisboa, 1100-548, Portugal; Neumann C., Joanneum Research Forschungsgesellschaft mbH, LIFE–Institute for Climate, Energy & Society, Science Tower-Waagner-Biro-Strasse 100, Graz, 8020, Austria; Catalayud E.P., ETRA Investigación y Desarrollo S.A., C/Tres Forques, 147, Valencia, 46014, Spain; Primo N., Coopérnico, Rua de São Nicolau, 73, 2º Esq, Lisboa, 1100-548, Portugal; Gubina A.F., Faculty of Electrical Engineering, University of Ljubljana, Tržaška c. 25, Ljubljana, 1000, Slovenia","To accelerate the energy transition, the EU “Clean Energy for all Europeans” package aims to strengthen the involvement of end consumers in the energy market. To this end, together with so-called “active consumers” and provisions for individual and collective renewable energy self-consumption, two types of energy communities were introduced. The EU framework, however, leaves many details of the transposition process to the national level. The corresponding directives were supposed to be transposed by the end of December 2020 (recast Electricity Market Directive, defining active consumers and citizen energy communities) and by the end of June 2021 (Renewable Energy Directive, defining renewables self-consumption and renewable energy communities). In this paper, we critically discuss major developments of the transposition, including questions of the general distinction of the different concepts, governance and ownership, physical expansion, administrative barriers and the overall integration of energy communities into the energy system. The analysis builds on country case studies as well as on previous work by the authors on the status of the transposition process throughout the EU. The paper shows that the national approaches differ greatly and are at very different stages. While basic provisions are in place in most Member States to meet the fundamental EU requirements, the overall integration into the energy system and market is only partly addressed. This concerns, for instance, the analysis of system impacts of energy communities and measures that would allow and support energy system-friendly behaviour. In addition, several practical hurdles need to be overcome. These often relate to administrative requirements such as complex registration and licensing procedures, the need for the involvement of several institutions, or difficult procedures for access to relevant data. The paper concludes that discussed barriers will need to be carefully addressed if the high expectations for the role of energy communities are to be met. © 2021 by the authors. Licensee MDPI, Basel, Switzerland.","Clean energy package; Collective self-consumption; Energy communities; Renewables; Transposition","alternative energy; consumption behavior; energy market; European Union; organizational framework","Horizon 2020 Framework Programme, H2020, (824424); Horizon 2020 Framework Programme, H2020","Funding: The research was supported by the European Union’s Horizon 2020 research and innovation program LC-SC3-ES-3-2018-2020, Innovation Action-under the project name COMPILE– Integrating community power in energy islands (grant number 824424). The funding bodies had no involvement in preparing the manuscript, methods and results.","MDPI","Article","Scopus"
"Larson R.E.; Peschon J.; Tinney W.F.","Larson, Robert E. (7402161579); Peschon, John (7003764720); Tinney, William F. (7003330520)","7402161579; 7003764720; 7003330520","State Estimation in Power Systems Part I: Theory and Feasibility","1970","IEEE Transactions on Power Apparatus and Systems","138","10.1109/TPAS.1970.292711","https://www.scopus.com/pages/publications/0014749517?origin=resultslist","Systems Control, Inc., Wolf Management Services of Palo Alto, Palo Alto, Calif., United States; Bonneville Power Administration, Portland, Ore., United States","Larson R.E., Systems Control, Inc., Wolf Management Services of Palo Alto, Palo Alto, Calif., United States; Peschon J., Systems Control, Inc., Wolf Management Services of Palo Alto, Palo Alto, Calif., United States; Tinney W.F., Bonneville Power Administration, Portland, Ore., United States","State estimation is a digital processing scheme which provides a real-time data base for many of the central control and dispatch functions in a power system. The estimator processes the imperfect information available and produces the best possible estimate of the true state of the system. The basic theory and computational requirements of static state estimation are presented, and their impact on the evolution of the data-acquisition, data-processing, and control subsystems are discussed. The feasibility of this technique is demonstrated on network examples. © 1970 SDAIEEE","","ELECTRIC POWER SYSTEMS; ELECTRIC TRANSMISSION","","","","Article","Scopus"
"Afzal S.; Mokhlis H.; Azil Lllias H.; Nadzirah Mansor N.; Shareef H.","Afzal, Suhail (57222070914); Mokhlis, Hazlie (57114786800); Azil Lllias, Hazlee (57222066892); Nadzirah Mansor, Nurulafiqah (58776135800); Shareef, Hussain (59793362700)","57222070914; 57114786800; 57222066892; 58776135800; 59793362700","State-of-the-art review on power system resilience and assessment techniques","2020","IET Generation, Transmission and Distribution","137","10.1049/iet-gtd.2020.0531","https://www.scopus.com/pages/publications/85101278806?origin=resultslist","Department of Electrical Engineering, Faculty of Engineering, University of Malaya, Kuala Lumpur, 50603, Malaysia; Department of Electrical Engineering, Faculty of Engineering, Bahauddin Zakariya University, Multan, 60800, Pakistan; Department of Electrical Engineering, United Arab Emirates University, Al-Ain, United Arab Emirates","Afzal S., Department of Electrical Engineering, Faculty of Engineering, University of Malaya, Kuala Lumpur, 50603, Malaysia, Department of Electrical Engineering, Faculty of Engineering, Bahauddin Zakariya University, Multan, 60800, Pakistan; Mokhlis H., Department of Electrical Engineering, Faculty of Engineering, University of Malaya, Kuala Lumpur, 50603, Malaysia; Azil Lllias H., Department of Electrical Engineering, Faculty of Engineering, University of Malaya, Kuala Lumpur, 50603, Malaysia; Nadzirah Mansor N., Department of Electrical Engineering, Faculty of Engineering, University of Malaya, Kuala Lumpur, 50603, Malaysia; Shareef H., Department of Electrical Engineering, United Arab Emirates University, Al-Ain, United Arab Emirates","Modern societies these days are more dependent on electrical energy and they expect a continuous supply as per demand. In this regard, the complex power system is designed to supply electrical energy with a certain level of quality and continuity though it is still susceptible to vandalism, natural disasters, and extreme weather. The black sky event where the power grid goes down is more of a possibility nowadays than ever due to more frequent severe weather events. This in turn has increased the need to study resilience in the context of the power system. This study presents a comprehensive review of the literature on power system resilience from various perspectives. First, well-developed power system safety concepts are discussed and critically reviewed in view of large-scale power outages. Then, the various definitions and confounding features of resilience in the power system domain are presented. Subsequently, several frameworks, resilience curves, and quantitative metrics proposed in recent years for power system resilience are investigated, followed by a summary of hardening strategies. Next, a case study is presented to illustrate how the resilience of a 69-bus system is assessed against a hurricane. Finally, the study highlights challenges and proposes several future works to achieve a resilient power grid. © The Institution of Engineering and Technology 2020.","","Disasters; Electric power transmission networks; Assessment technique; Complex power; Electrical energy; Extreme weather; Natural disasters; Power; Power grids; Severe weather events; State-of-the art reviews; System resiliences; Outages","U.S. Department of Homeland Security, DHS; Ministry of Higher Education, Malaysia, MOHE, (FP126-2019A); Ministry of Higher Education, Malaysia, MOHE","Funding text 1: The term is rooted in economics and has been applied in financial management to measure the consequences of adversity those may or may not be of monetary value. According to the 2007 grant guidance of the Homeland Security Grant Program ?HSGP) in the USA, the risk is defined as the product of the probability of attack, vulnerability, and measure of consequences [19]. In power systems, the risk of an event is measured by; Funding text 2: This work was financially supported by the Ministry of Higher Education Malaysia under the Fundamental Research Grant Scheme ?Grant no. FP126-2019A).","John Wiley and Sons Inc","Article","Scopus"
"Inês C.; Guilherme P.L.; Esther M.-G.; Swantje G.; Stephen H.; Lars H.","Inês, Campos (57188748637); Guilherme, Pontes Luz (57212536134); Esther, Marín-González (57212532651); Swantje, Gährs (57212528324); Stephen, Hall (55489737700); Lars, Holstenkamp (56536883000)","57188748637; 57212536134; 57212532651; 57212528324; 55489737700; 56536883000","Regulatory challenges and opportunities for collective renewable energy prosumers in the EU","2020","Energy Policy","414","10.1016/j.enpol.2019.111212","https://www.scopus.com/pages/publications/85077001709?origin=resultslist","Centre for Ecology, Evolution and Environmental Changes (CE3C), Faculty of Sciences of Lisbon University, Portugal; Institute for Ecological Economy Research (IOW), Germany; Sustainability Research Institute, School of Earth and Environment, University of Leeds, United Kingdom; Leuphana University of Lüneburg, Institute of Banking, Finance and New Venture Management, Germany","Inês C., Centre for Ecology, Evolution and Environmental Changes (CE3C), Faculty of Sciences of Lisbon University, Portugal; Guilherme P.L., Centre for Ecology, Evolution and Environmental Changes (CE3C), Faculty of Sciences of Lisbon University, Portugal; Esther M.-G., Centre for Ecology, Evolution and Environmental Changes (CE3C), Faculty of Sciences of Lisbon University, Portugal; Swantje G., Institute for Ecological Economy Research (IOW), Germany; Stephen H., Sustainability Research Institute, School of Earth and Environment, University of Leeds, United Kingdom; Lars H., Leuphana University of Lüneburg, Institute of Banking, Finance and New Venture Management, Germany","The transition to a low-carbon future based on renewable energy sources is leading to a new role for citizens, from passive energy consumers to active energy citizens - the so-called renewable energy (RE) prosumers. Recent EU energy policy seeks to mainstream RE prosumers in each Member State. This study carries out a cross-country comparison between the regulatory frameworks of nine countries and regions - Belgium (Flanders region only), Croatia, France, Germany, Italy, Portugal, Spain, Netherlands and the United Kingdom - to reveal the main challenges and opportunities that these have posed to collective RE prosumers (i.e. renewable energy communities, citizen energy communities and jointly-acting renewable self-consumers). Four countries have had more favourable frameworks for collective prosumers: France, Germany, Netherlands and United Kingdom. The results indicate that the current legal framework at the EU level represents a clear opportunity for collective prosumers. Spain and Portugal have both already shifted from a restrictive regulation to implementing in 2019 a legal framework for collectives. The study provides a starting point to distil policy implications for improving legal frameworks relevant for collective RES prosumers across Europe. © 2019 The Authors","Citizen energy communities; Collective RE prosumers; Cross-country comparison; Regulatory frameworks; Renewable energy communities","Europe; Public policy; Collective RE prosumers; Country comparisons; EU energy policies; Low-carbon futures; Policy implications; Regulatory frameworks; Renewable energy community; Renewable energy source; alternative energy; European Union; legal system; policy implementation; regulatory approach; renewable resource; state role; Renewable energy resources","European Union's Horizon 2020, (N° 764056); Horizon 2020 Framework Programme, H2020, (764056); Horizon 2020 Framework Programme, H2020","Funding text 1: This work was supported by the European Union's Horizon 2020 research and innovation programme under grant agreement N° 764056 . The sole responsibility for the content of this document lies with the authors. It does not necessarily reflect the opinion of the funding authorities. The funding authorities are not responsible for any use that may be made of the information contained therein. 7 ; Funding text 2: This work was supported by the European Union's Horizon 2020 research and innovation programme under grant agreement N?764056. The sole responsibility for the content of this document lies with the authors. It does not necessarily reflect the opinion of the funding authorities. The funding authorities are not responsible for any use that may be made of the information contained therein.","Elsevier Ltd","Article","Scopus"
"Nordgren A.","Nordgren, Anders (57196828427)","57196828427","Artificial intelligence and climate change: ethical issues","2023","Journal of Information, Communication and Ethics in Society","77","10.1108/JICES-11-2021-0106","https://www.scopus.com/pages/publications/85124748592?origin=resultslist","Linköping University, Linköping, Sweden","Nordgren A., Linköping University, Linköping, Sweden","Purpose: The purpose of this paper is to pinpoint and analyse ethical issues raised by the dual role of artificial intelligence (AI) in relation to climate change, that is, AI as a contributor to climate change and AI as a contributor to fighting climate change. Design/methodology/approach: This paper consists of three main parts. The first part provides a short background on AI and climate change respectively, followed by a presentation of empirical findings on the contribution of AI to climate change. The second part presents proposals by various AI researchers and commentators on how AI companies may contribute to fighting climate change by reducing greenhouse gas emissions from training and use of AI and by providing AI assistance to various mitigation and adaptation measures. The final part investigates ethical issues raised by some of the options presented in the second part. Findings: AI applications may lead to substantial emissions but may also play an important role in mitigation and adaptation. Given this dual role of AI, ethical considerations by AI companies and governments are of vital importance. Practical implications: This paper pinpoints practical ethical issues that AI companies and governments should take into account. Social implications: Given the potential impact of AI on society, it is vital that AI companies and governments take seriously the ethical issues raised by the dual role of AI in relation to climate change. Originality/value: AI has been the subject of substantial ethical investigation, and even more so has climate change. However, the relationship between AI and climate change has received only limited attention from an ethical perspective. This paper provides such considerations. © 2022, Anders Nordgren.","Adaptation; Artificial intelligence; Climate change; Ethics; Machine learning; Mitigation","","","","Emerald Publishing","Article","Scopus"
"Jung J.-Y.; Cho Y.-S.","Jung, Jin-Yong (57261560700); Cho, Yoon-Sung (59631029400)","57261560700; 59631029400","A study on the evaluation of system inertia impact and stability improvement plan according to renewable energy expansion","2021","Transactions of the Korean Institute of Electrical Engineers","6","10.5370/KIEE.2021.70.9.1263","https://www.scopus.com/pages/publications/85115085016?origin=resultslist","Dept. of Electrical and Electronic Engineering, Daegu Catholic University, South Korea; Dept. of Electrical and Electronic Engineering, Daegu Catholic University, South Korea","Jung J.-Y., Dept. of Electrical and Electronic Engineering, Daegu Catholic University, South Korea; Cho Y.-S., Dept. of Electrical and Electronic Engineering, Daegu Catholic University, South Korea","As the environmental pollution problem becomes serious, interest in renewable energy is increasing around the world, and overseas power companies and domestic companies are also planning to expand renewable energy. With the expansion of renewable energy, the system inertia is decreasing due to the decrease of existing synchronous generators and the increase of inverter-based generators. In this paper, the effect of frequency response due to expansion of renewable energy was evaluated and a method for improving frequency stability was simulated. Based on the 9th power supply and demand plan, a scenario was constructed according to the amount of renewable generation, and the effect for changing and installing the synchronous inertia, frequency reserve, governor droop and ESS was analyzed through frequency response simulation in case of simultaneous generator accidents. The frequency response characteristics are analyzed through those methods to confirm that four methods can be applied as stability improvement measures. Copyright © The Korean Institute of Electrical Engineers.","ESS; FFR; Frequency stability; Governor droop; Renewable energy; System Inertia","Economics; Electric utilities; Domestic companies; Environmental pollution problem; Frequency response characteristic; Governor droop; Renewable energies; Renewable generation; Stability improvement; System inertia; Frequency response","Daegu Catholic University in 2020","This work was supported by the sabbatical Daegu Catholic University in 2020","Korean Institute of Electrical Engineers","Article","Scopus"
"Furler P.; Scheffe J.R.; Steinfeld A.","Furler, Philipp (36702494400); Scheffe, Jonathan R. (25422860900); Steinfeld, Aldo (7103257674)","36702494400; 25422860900; 7103257674","Syngas production by simultaneous splitting of H 2O and CO 2via ceria redox reactions in a high-temperature solar reactor","2012","Energy and Environmental Science","451","10.1039/c1ee02620h","https://www.scopus.com/pages/publications/84857522782?origin=resultslist","Department of Mechanical and Process Engineering, ETH Zurich, 8092 Zurich, Switzerland; Solar Technology Laboratory, Paul Scherrer Institute, 5232 Villigen PSI, Switzerland","Furler P., Department of Mechanical and Process Engineering, ETH Zurich, 8092 Zurich, Switzerland; Scheffe J.R., Department of Mechanical and Process Engineering, ETH Zurich, 8092 Zurich, Switzerland; Steinfeld A., Department of Mechanical and Process Engineering, ETH Zurich, 8092 Zurich, Switzerland, Solar Technology Laboratory, Paul Scherrer Institute, 5232 Villigen PSI, Switzerland","Solar syngas production from H 2O and CO 2 is experimentally investigated using a two-step thermochemical cycle based on cerium oxide redox reactions. A solar cavity-receiver containing porous ceria felt is directly exposed to concentrated thermal radiation at a mean solar concentration ratio of 2865 suns. In the first endothermic step at 1800 K, ceria is thermally reduced to an oxygen deficient state. In the second exothermic step at 1100 K, syngas is produced by re-oxidizing ceria with a gas mixture of H 2O and CO 2. The syngas composition is experimentally determined as a function of the molar co-feeding ratio H 2O:CO 2 in the range of 0.8 to 7.7, yielding syngas with H 2:CO molar ratios from 0.25 to 2.34. Ten consecutive H 2O/CO 2-splitting cycles performed over an 8 hour solar experimental run are presented. © 2012 The Royal Society of Chemistry.","","Cerium compounds; Redox reactions; Synthesis gas; Cerium oxides; Co-feeding; Endothermic steps; High-temperature solar reactors; Molar ratio; Oxygen deficient; Solar concentration; Syn-gas; Syngas composition; Syngas production; Thermochemical cycles; carbon dioxide; cerium; chemical composition; experimental study; gas production; high temperature; industrial production; industrial technology; oxide; photovoltaic system; porous medium; reaction kinetics; redox conditions; solar power; water; Carbon dioxide","European Commission, EC; Seventh Framework Programme, FP7, (285098)","","","Article","Scopus"
"Kurz H.B.E.; Kloker M.J.","Kurz, Holger B. E. (42461592400); Kloker, Markus J. (6602187267)","42461592400; 6602187267","Mechanisms of flow tripping by discrete roughness elements in a swept-wing boundary layer","2016","Journal of Fluid Mechanics","56","10.1017/jfm.2016.240","https://www.scopus.com/pages/publications/84964666735?origin=resultslist","Institute of Aerodynamics and Gas Dynamics, University of Stuttgart, Pfaffenwaldring 21, Stuttgart, D-70550, Germany","Kurz H.B.E., Institute of Aerodynamics and Gas Dynamics, University of Stuttgart, Pfaffenwaldring 21, Stuttgart, D-70550, Germany; Kloker M.J., Institute of Aerodynamics and Gas Dynamics, University of Stuttgart, Pfaffenwaldring 21, Stuttgart, D-70550, Germany","The effects of a spanwise row of finite-size cylindrical roughness elements in a laminar, compressible, three-dimensional boundary layer on a wing profile are investigated by direct numerical simulations (DNS). Large elements are capable of immediately tripping turbulent flow by either a strong, purely convective or an absolute/global instability in the near wake. First we focus on an understanding of the steady near-field past a finite-size roughness element in the swept-wing flow, comparing it to a respective case in unswept flow. Then, the mechanisms leading to immediate turbulence tripping are elaborated by gradually increasing the roughness height and varying the disturbance background level. The quasi-critical roughness Reynolds number above which turbulence sets in rapidly is found to be and global instability is found only for values well above 600 using nonlinear DNS; therefore the values do not differ significantly from two-dimensional boundary layers if the full velocity vector at the roughness height is taken to build . A detailed simulation study of elements in the critical range indicates a changeover from a purely convective to a global instability near the critical height. Finally, we perform a three-dimensional global stability analysis of the flow field to gain insight into the early stages of the temporal disturbance growth in the quasi-critical and over-critical cases, starting from a steady state enforced by damping of unsteady disturbances. © 2016 Cambridge University Press.","absolute/convective instability; boundary layer stability; transition to turbulence","Laminar boundary layer; Reynolds number; Stability; Swept wings; Turbulence; Absolute/convective instabilities; Boundary layer stabilities; Global stability analysis; Swept-wing boundary layers; Three-dimensional boundary layers; Transition to turbulence; Two-dimensional boundary layers; Unsteady disturbance; boundary layer; discrete choice analysis; finite element method; flow modeling; numerical model; roughness; turbulence; Atmospheric thermodynamics","","","Cambridge University Press","Article","Scopus"
"Hosseini S.M.; Hanifi A.; Hennigson D.S.","Hosseini, Seyed M. (59538926600); Hanifi, Ardeshir (6602899777); Hennigson, Dan S. (56815185200)","59538926600; 6602899777; 56815185200","Effect of Freestream Turbulence on Roughness-induced Crossflow Instability","2015","Procedia IUTAM","5","10.1016/j.piutam.2015.03.053","https://www.scopus.com/pages/publications/84940664720?origin=resultslist","KTH Royal Institute of Technology, Department of Mechanics, Linné Flow Centre, SeRC, Stockholm, SE-100 44, Sweden; Swedish Defence Research Agency, FOI, Stockholm, SE-164 90, Sweden","Hosseini S.M., KTH Royal Institute of Technology, Department of Mechanics, Linné Flow Centre, SeRC, Stockholm, SE-100 44, Sweden; Hanifi A., KTH Royal Institute of Technology, Department of Mechanics, Linné Flow Centre, SeRC, Stockholm, SE-100 44, Sweden, Swedish Defence Research Agency, FOI, Stockholm, SE-164 90, Sweden; Hennigson D.S., KTH Royal Institute of Technology, Department of Mechanics, Linné Flow Centre, SeRC, Stockholm, SE-100 44, Sweden","The effect of freestream turbulence on generation of crossflow disturbances over swept wings is investigated through direct nu- merical simulations. The set up follows the experiments performed by Downs et al. (2012). In these experiments the authors use ASU(67)-0315 wing geometry which promotes growth of crossflow disturbances. Distributed roughness elements are locally placed near the leading edge with a given spanwise wavenumber to excite the corresponding stationary crossflow vortices. In present study, we partially reproduce the isotropic homogenous freestream turbulence through direct numerical simulations using freestream spectrum data from the experiments. The generated freestream fields are then applied as the inflow boundary condition for direct numerical simulation of the wing. The distributed roughness elements are modelled through wing surface deformation and placed near the leading edge to trigger the stationary crossflow disturbances. The effects of the generated freestream turbulence on the initial amplitudes and growth of the boundary layer perturbations are then studied. © 2015 The Authors.","","Boundary layers; Direct numerical simulation; Numerical models; Swept wings; Turbulence; Vortex flow; Cross-flow instabilities; Crossflow vortices; Freestream turbulence; Inflow boundary conditions; Roughness elements; Wave numbers; Wing geometry; Wing surface; Atmospheric thermodynamics","European Unions Seventh Framework Programme for research, technological development and demonstration, (ACPO-GA-2010-265094)","The work reported here has been carried out within RECEPT project. This project has received funding from the European Unions Seventh Framework Programme for research, technological development and demonstration under grant agreement no ACPO-GA-2010-265094. All simulations has been performed at The National Supercomputer Centre in Sweden (NSC) with computer time granted by the Swedish National Infrastructure for Computing (SNIC).","Elsevier","Conference paper","Scopus"
"Furler P.; Scheffe J.; Gorbar M.; Moes L.; Vogt U.; Steinfeld A.","Furler, Philipp (36702494400); Scheffe, Jonathan (25422860900); Gorbar, Michal (25649383800); Moes, Louis (55488518200); Vogt, Ulrich (35270699200); Steinfeld, Aldo (7103257674)","36702494400; 25422860900; 25649383800; 55488518200; 35270699200; 7103257674","Solar thermochemical CO2 splitting utilizing a reticulated porous ceria redox system","2012","Energy and Fuels","384","10.1021/ef3013757","https://www.scopus.com/pages/publications/84869399637?origin=resultslist","Department of Mechanical and Process Engineering, ETH Zurich, 8092 Zurich, Switzerland; Laboratory for Hydrogen and Energy, Empa, 8600 Dübendorf, Switzerland; Solar Technology Laboratory, Paul Scherrer Institute, 5232 Villigen PSI, Switzerland","Furler P., Department of Mechanical and Process Engineering, ETH Zurich, 8092 Zurich, Switzerland; Scheffe J., Department of Mechanical and Process Engineering, ETH Zurich, 8092 Zurich, Switzerland; Gorbar M., Laboratory for Hydrogen and Energy, Empa, 8600 Dübendorf, Switzerland; Moes L., Department of Mechanical and Process Engineering, ETH Zurich, 8092 Zurich, Switzerland; Vogt U., Laboratory for Hydrogen and Energy, Empa, 8600 Dübendorf, Switzerland; Steinfeld A., Department of Mechanical and Process Engineering, ETH Zurich, 8092 Zurich, Switzerland, Solar Technology Laboratory, Paul Scherrer Institute, 5232 Villigen PSI, Switzerland","A solar cavity-receiver containing a reticulated porous ceramic (RPC) foam made of pure CeO2 has been experimentally investigated for CO 2 splitting via thermochemical redox reactions. The RPC was directly exposed to concentrated thermal radiation at mean solar flux concentration ratios of up to 3015 suns. During the endothermic reduction step, solar radiative power inputs in the range 2.8-3.8 kW and nominal reactor temperatures from 1400 to 1600 °C yielded CeO2-δ with oxygen deficiency δ ranging between 0.016 and 0.042. In the subsequent exothermic oxidation step at below about 1000 °C, CeO2-δ was stoichiometrically reoxidized with CO2 to generate CO. The solar-to-fuel energy conversion efficiency, defined as the ratio of the calorific value of CO (fuel) produced to the solar radiative energy input through the reactor's aperture and the energy penalty for using inert gas, was 1.73% average and 3.53% peak. This is roughly four times greater than the next highest reported values to date for a solar-driven device. The fuel yield per cycle was increased by nearly 17 times compared to that obtained with optically thick ceria felt because of the deeper penetration and volumetric absorption of high-flux solar irradiation. © 2012 American Chemical Society.","","Carbon dioxide; Cerium compounds; Conversion efficiency; Fuels; Inert gases; Redox reactions; Energy penalties; Exothermic oxidation; Oxygen deficiency; Radiative energy; Radiative power; Reactor temperatures; Redox systems; Reticulated porous ceramics; Solar flux; Solar irradiation; Solar energy","European Commission, EC; Seventh Framework Programme, FP7, (285098); Seventh Framework Programme, FP7","","","Conference paper","Scopus"
"Radovanovic A.; Koningstein R.; Schneider I.; Chen B.; Duarte A.; Roy B.; Xiao D.; Haridasan M.; Hung P.; Care N.; Talukdar S.; Mullen E.; Smith K.; Cottman M.; Cirne W.","Radovanovic, Ana (6603161224); Koningstein, Ross (56437692400); Schneider, Ian (57225906420); Chen, Bokan (56372611600); Duarte, Alexandre (59625414000); Roy, Binz (57208444621); Xiao, Diyue (57225879813); Haridasan, Maya (57212503467); Hung, Patrick (57225914119); Care, Nick (57225899048); Talukdar, Saurav (42062302400); Mullen, Eric (57225897541); Smith, Kendal (57225895343); Cottman, MariEllen (55378192100); Cirne, Walfredo (6602521697)","6603161224; 56437692400; 57225906420; 56372611600; 59625414000; 57208444621; 57225879813; 57212503467; 57225914119; 57225899048; 42062302400; 57225897541; 57225895343; 55378192100; 6602521697","Carbon-Aware Computing for Datacenters","2023","IEEE Transactions on Power Systems","241","10.1109/TPWRS.2022.3173250","https://www.scopus.com/pages/publications/85132504962?origin=resultslist","Google Inc., Mountain View, 94043, CA, United States","Radovanovic A., Google Inc., Mountain View, 94043, CA, United States; Koningstein R., Google Inc., Mountain View, 94043, CA, United States; Schneider I., Google Inc., Mountain View, 94043, CA, United States; Chen B., Google Inc., Mountain View, 94043, CA, United States; Duarte A., Google Inc., Mountain View, 94043, CA, United States; Roy B., Google Inc., Mountain View, 94043, CA, United States; Xiao D., Google Inc., Mountain View, 94043, CA, United States; Haridasan M., Google Inc., Mountain View, 94043, CA, United States; Hung P., Google Inc., Mountain View, 94043, CA, United States; Care N., Google Inc., Mountain View, 94043, CA, United States; Talukdar S., Google Inc., Mountain View, 94043, CA, United States; Mullen E., Google Inc., Mountain View, 94043, CA, United States; Smith K., Google Inc., Mountain View, 94043, CA, United States; Cottman M., Google Inc., Mountain View, 94043, CA, United States; Cirne W., Google Inc., Mountain View, 94043, CA, United States","The amount of CO$_{2}$ emitted per kilowatt-hour on an electricity grid varies by time of day and substantially varies by location due to the types of generation. Networked collections of warehouse scale computers, sometimes called Hyperscale Computing, emit more carbon than needed if operated without regard to these variations in carbon intensity. This paper introduces Google's system for global Carbon-Intelligent Compute Management, which actively minimizes electricity-based carbon footprint and power infrastructure costs by delaying temporally flexible workloads. The core component of the system is a suite of analytical pipelines used to gather the next day's carbon intensity forecasts, train day-ahead demand prediction models, and use risk-aware optimization to generate the next day's carbon-aware Virtual Capacity Curves (VCCs) for all datacenter clusters across Google's fleet. VCCs impose hourly limits on resources available to temporally flexible workloads while preserving overall daily capacity, enabling all such workloads to complete within a day with high probability. Data from Google's in-production operation shows that VCCs effectively limit hourly capacity when the grid's energy supply mix is carbon intensive and delay the execution of temporally flexible workloads to 'greener' times. © 1969-2012 IEEE.","Carbon- and efficiency-aware compute manage- ment; datacenter computing; power management","Carbon dioxide; Carbon footprint; Curve fitting; Electric load management; Interactive computer systems; Pipelines; Capacity curves; Carbon intensity; Computational modelling; Datacenter; Electricity grids; Google+; Load modeling; Real - Time system; Time of day; Virtual capacity; Real time systems","","","Institute of Electrical and Electronics Engineers Inc.","Article","Scopus"
"IJsselmuiden S.T.; Abdalla M.M.; Gürdal Z.","IJsselmuiden, Samuel T. (18041565800); Abdalla, Mostafa M. (7102448308); Gürdal, Zafer (7004015689)","18041565800; 7102448308; 7004015689","Optimization of variable-stiffness panels for maximum buckling load using lamination parameters","2010","AIAA Journal","204","10.2514/1.42490","https://www.scopus.com/pages/publications/77049100807?origin=resultslist","Delft University of Technology, 2629 HS Delft, Netherlands","IJsselmuiden S.T., Delft University of Technology, 2629 HS Delft, Netherlands; Abdalla M.M., Delft University of Technology, 2629 HS Delft, Netherlands; Gürdal Z., Delft University of Technology, 2629 HS Delft, Netherlands","With the large-scale adoption of advanced fiber placement technology in industry, it has become possible to fully exploit the anisotropy of composite materials through the use of fiber steering. By steering the composite fibers in curvilinear paths, spatial variation of stiffness can be induced resulting in beneficial load and stiffness distribution patterns. One especially relevant area in which fiber steering has proved its effectiveness is in improving buckling loads of composite panels. Previous research used predefined forms of fiber angle variations and the coefficients of these analytic expressions were used as design variables. Alternatively, the local ply angles were used as design variables directly. In this paper, a framework is developed to treat the most general approach that considers the largest possible design space. The use of lamination parameters efficiently defines stiffness variation over a structural domain with the minimum number of variables.Aconservative reciprocal approximation scheme is introduced. The inverse buckling factor is expanded linearly in terms of the in-plane stiffness and in terms of the inverse bending stiffness. The new approximation scheme is convex in lamination parameter space. Numerical results demonstrate improvements in excess of 100% in buckling loads of variable-stiffness panels compared to the optimum constant stiffness designs. Buckling load improvements are attributed primarily to in-plane load redistribution, which is confirmed both by the prebuckling stress distribution as well as by comparing the performance of designs optimized with variation of both in-plane and bending stiffness to those optimized with only bending stiffness variation. A tradeoff study between in-plane stiffness and buckling performance is also presented and shows the benefits of variable-stiffness design in enlarging the design possibilities of composite panels. Copyright © 2009 by Samuel IJsselmuiden.","","Buckling; Composite micromechanics; Design; Fibers; Laminating; Numerical analysis; Optimization; Stress concentration; Analytic expressions; Approximation scheme; Bending stiffness; Buckling loads; Composite fibers; Composite panels; Curvilinear path; Design spaces; Design variables; Fiber angles; Fiber placement; General approach; In-plane; In-plane loads; In-plane stiffness; Lamination parameters; Maximum buckling; Numerical results; Ply angles; Prebuckling stress distribution; Reciprocal approximations; Spatial variations; Stiffness distributions; Stiffness variations; Structural domains; Trade-off study; Stiffness","European Union Sixth Framework Program","This work is supported by the AUTOW (Automated Preform Fabrication by Dry Tow Placement) Project, part of the European Union Sixth Framework Program.","","Article","Scopus"
"","","","Wake turbulence: An obstacle to increased air traffic capacity","2008","Wake Turbulence: An Obstacle to Increased Air Traffic Capacity","7","10.17226/12044","https://www.scopus.com/pages/publications/85032851723?origin=resultslist","","","Without major changes, the current air transportation system will be unable to accommodate the expected increase in demand by 2025. One proposal to address this problem is to use the Global Positioning System to enable aircraft to fly more closely spaced. This approach, however, might be limited by the wake turbulence problem, which can be a safety hazard when smaller aircraft follow relatively larger aircraft too closely. To examine how this potential hazard might be reduced, Congress in 2005 directed NASA to request a study from the NRC to assess the federal wake turbulence R&D program. This book provides a description of the problem, an assessment of the organizational challenges to addressing wake turbulence, an analysis of the technical challenges in wake turbulence, and a proposal for a wake turbulence program plan. A series of recommendations for addressing the wake turbulence challenge are also given. © 2008 by the National Academy of Sciences. All rights reserved.","","Air traffic control; Air transportation; Hazards; NASA; Turbulence; Air traffics; Air transportation systems; Potential hazards; Program plan; Safety hazards; Technical challenges; Wake turbulence; Wakes","","","National Academies Press","Book","Scopus"
"Zukoski E.E.; Auerbach J.M.","Zukoski, E.E. (6602558851); Auerbach, J.M. (7006765845)","6602558851; 7006765845","Experiments concerning the response of supersonic nosles to fluctuating inlet conditions","1976","Journal of Engineering for Gas Turbines and Power","4","10.1115/1.3446114","https://www.scopus.com/pages/publications/85024542335?origin=resultslist","California Institute of Technology, Pasadena, CA, United States","Zukoski E.E., California Institute of Technology, Pasadena, CA, United States; Auerbach J.M., California Institute of Technology, Pasadena, CA, United States","The noise field produced by the passage of pressure and entropy fluctuations through a supersonic nozzle has been investigated in an experimental program. Magnitude and phase information for the disturbances produced within the nozzle are presented and are compared with numerical calculations. © 1976 by ASME.","","","","","","Article","Scopus"
"Hirmiz R.; Teamah H.M.; Lightstone M.F.; Cotton J.S.","Hirmiz, R. (57195529032); Teamah, H.M. (55772604200); Lightstone, M.F. (7003570555); Cotton, J.S. (7102218873)","57195529032; 55772604200; 7003570555; 7102218873","Performance of heat pump integrated phase change material thermal storage for electric load shifting in building demand side management","2019","Energy and Buildings","112","10.1016/j.enbuild.2019.02.026","https://www.scopus.com/pages/publications/85062269188?origin=resultslist","McMaster University, Hamilton, ON, Canada","Hirmiz R., McMaster University, Hamilton, ON, Canada; Teamah H.M., McMaster University, Hamilton, ON, Canada; Lightstone M.F., McMaster University, Hamilton, ON, Canada; Cotton J.S., McMaster University, Hamilton, ON, Canada","                             Heat pumps have the potential to reduce CO                             2                              emissions due to building heating when compared to fossil-based heating (e.g. natural gas, oil, wood), specifically when used in regions with low-CO                             2                              electrical generation. In many regions, emissions from the electric grid tend to peak during peak demand periods due to the dispatching of fossil-based generation. The design of buildings as distributed thermal storage units can act to diminish the peaks in the grid, reduce the overall CO                             2                              emissions from residential heating, increase the utilization of low-CO                             2                              technologies (nuclear, hydro, wind, solar, etc.…), while maintaining the thermal comfort of the occupants. This study is concerned with how thermal energy storage can be integrated into heat pump systems to improve demand flexibility, and ultimately allow the heating system to remain off during peak periods. Heat pumps tend to operate under a limited temperature range, which limits the energy storage density of water as a thermal storage medium. Phase change materials (PCM) can be used as thermal storage, and they benefit from the ability to maintain a high energy density under limited temperature conditions. The challenge is that PCMs have a relatively low thermal conductivity which can limit the rate of charging and discharging of the stored thermal energy. In the current state-of-the-art literature, there is no standard methodology to size PCM thermal energy storage units for heat pump systems. This study presents novel results that compare numerical and analytical predictions of a hybrid PCM-water thermal storage tank, and proposes a reduced analytical methodology for sizing PCM thermal storage tanks for heat pumps used for demand side management. System-level numerical simulations, considering the transient complexities of the melting and solidification process in a system environment, are compared against a simplified analytical predictions of thermal storage performance. Storage tanks containing 75% PCM modules of 2 cm thickness were able to reduce storage volume by over three-fold of water-only storage operating under a ΔT=10 °C. Peak periods ranging between 2 and 6 h in a residential household were sustained when the appropriate storage volume is used. Analytical methods for estimating the required volume are presented that ease the storage sizing and discuss the expected benefits and their limitation.                          © 2019 Elsevier B.V.","Building energy storage; Demand side management; Heat pumps; Phase change materials; Residential heating; Thermal Energy Storage; TRNSYS","Carbon dioxide; Demand side management; Electric utilities; Gas emissions; Heat pump systems; Heat storage; Heating; Housing; Pumps; Storage (materials); Storage management; Tanks (containers); Thermal conductivity; Thermal energy; Analytical methodology; Building energy; Heat pumps; Low thermal conductivity; Melting and solidification; Residential heating; Thermal storage performance; TRNSYS; Phase change materials","Ontario Centres of Excellence, OCE, (22261-2014); Natural Sciences and Engineering Research Council of Canada, NSERC, (CRDPJ 475300 - 2014)","Funding: This work was supported by the Natural Sciences and Engineering Research Council of Canada [ CRDPJ 475300 - 2014 ]; and the Ontario Centre of Excellence [ 22261-2014 ]. ","Elsevier Ltd","Article","Scopus"
"Prasad P.V.; Sivanagaraju S.; Sreenivasulu N.","Prasad, P.V. (15623699900); Sivanagaraju, S. (56085354800); Sreenivasulu, N. (23101428800)","15623699900; 56085354800; 23101428800","Network reconfiguration for load balancing in radial distribution systems using genetic algorithm","2008","Electric Power Components and Systems","34","10.1080/15325000701473783","https://www.scopus.com/pages/publications/37549035048?origin=resultslist","Chaitanya Bharathi Institute of Technology, Hyderabad, India; J.N.T.U College of Engineering, Anantapur, India; Vaagdevi Institute of Technology and Science, Proddaturu, India; Electrical and Electronics Engineering Dept., Hyderabad, Andhra Pradesh, 500 075, India","Prasad P.V., Chaitanya Bharathi Institute of Technology, Hyderabad, India, Electrical and Electronics Engineering Dept., Hyderabad, Andhra Pradesh, 500 075, India; Sivanagaraju S., J.N.T.U College of Engineering, Anantapur, India; Sreenivasulu N., Vaagdevi Institute of Technology and Science, Proddaturu, India","Network reconfiguration of a distribution system is an operation to alter the topological structure of distribution feeders by changing open /closed status of sectionalizing and tie switches. Network reconfiguration for time varying loads is very complex and extremely non-linear optimization, which can be effectively solved using genetic algorithm (GA). By transferring loads from the heavily loaded feeders to the lightly loaded feeders, network reconfiguration can balance feeder loads and lighten overload conditions of the network. This article presents a novel approach to solve the radial distribution system reconfiguration problem for load balancing using GA. A load flow technique is proposed for solving radial distribution systems using sparsity technique. The proposed method is simple, as it requires only two equations for load balancing. This method is demonstrated through a 69-node test system. The test results reveal that the proposed method yields optimal configuration with reduced computational burden.","Genetic algorithm; Load balancing index; Loadflow; Network reconfiguration; Radial distribution system","Electric switches; Genetic algorithms; Optimization; Resource allocation; Time varying networks; Distribution feeders; Network reconfiguration; Radial distribution system; Topological structure; Electric power distribution","","","","Article","Scopus"
"Wild J.; Brezillon J.; Amoignon O.; Quest J.; Moens F.; Quagliarella D.","Wild, Jochen (22958798500); Brezillon, Joel (56025884900); Amoignon, Olivier (22949847700); Quest, Jürgen (7004068707); Moens, Frederic (6603046252); Quagliarella, Domenico (6603277480)","22958798500; 56025884900; 22949847700; 7004068707; 6603046252; 6603277480","Advanced design by numerical methods and wind-tunnel verification within European High-Lift Program","2009","Journal of Aircraft","14","10.2514/1.37148","https://www.scopus.com/pages/publications/60049099681?origin=resultslist","DLR, German Aerospace Center, 38162 Brunswick, Germany; Swedish Defence Research Agency, 164 90 Stockholm, Sweden; European Transonic Wind Tunnel, GmbH, 51147 Cologne, Germany; ONERA, 92322 Châtillon, France; Centro Italiano Ricerche Aerospaziali, 81043 Capua, Italy; Institute of Aerodynamics and Flow Technology, Transport Aircraft Department, Germany; Institute of Aerodynamics and Flow Technology, Numerical Methods Department, Germany; Computational Physics Department; Applied Aerodynamics Department; Applied Aerodynamics Laboratory","Wild J., DLR, German Aerospace Center, 38162 Brunswick, Germany, Institute of Aerodynamics and Flow Technology, Transport Aircraft Department, Germany; Brezillon J., DLR, German Aerospace Center, 38162 Brunswick, Germany, Institute of Aerodynamics and Flow Technology, Numerical Methods Department, Germany; Amoignon O., Swedish Defence Research Agency, 164 90 Stockholm, Sweden, Computational Physics Department; Quest J., European Transonic Wind Tunnel, GmbH, 51147 Cologne, Germany; Moens F., ONERA, 92322 Châtillon, France, Applied Aerodynamics Department; Quagliarella D., Centro Italiano Ricerche Aerospaziali, 81043 Capua, Italy, Applied Aerodynamics Laboratory","The design activity within the European sixth framework European High-Lift Program II is targeted toward an improvement of the takeoff performance of a generic transport aircraft configuration by a redesign of the trailing-edge flap. The involved partners applied different optimization strategies, as well as different types of flow solvers, to cover a wide range of possible approaches for aerodynamic design optimization. The optimization results obtained by the different partners have been cross calculated to eliminate solver dependencies and to identify the best obtained design. The final selected design has been applied to the wind-tunnel model, and the test in the European Transonic Wind Tunnel at high Reynolds number confirms the predicted improvements. Copyright © 2008 by DLR German Aerospace Centre.","","Numerical methods; Reynolds number; Supersonic aircraft; Tunnels; Advanced designs; Aerodynamic design optimization; Aircraft configurations; High Reynolds number; Optimization strategy; Trailing edge flaps; Transonic wind tunnels; Wind tunnel modeling; Wind tunnels","European Commission within the Sixth Framework Program, (AST 2004 502896); European Commission within the sixth framework program","Funding text 1: The work reported here has been funded by the European Commission within the Sixth Framework Program under contract no. AST 2004 502896. The authors want to mention Ralf Mertins, Airbus Germany, who performed the activities related to Airbus’s participation, but was not able to contribute to this paper as an author. Centro Italiano Ricerche Aerospaziali wishes to thank Mark Drela for allowing the use of his MSES code in its research work.; Funding text 2: T HE European High-Lift Program (EUROLIFT II) project, funded by the European Commission within the sixth framework program, is dedicated to the investigation of transport aircraft in high-lift configuration. It covers both numerical and experimental studies, mainly targeted toward validation of computational fluid dynamics (CFD) for maximum lift prediction of such configurations. It is a follow up to the EUROLIFT project of the fifth framework program [1]. Whereas, in the former project, a simplified wing–body high-lift configuration was investigated, the new project focuses on a more realistic configuration including engine nacelles, pylons, tracks, and brackets. Additionally, the next step is undertaken coming from analysis to design. Because it is a main aim of the project to deal with realistic configurations, this design will be done at a Reynolds number comparable to flight conditions of a real transport aircraft.","American Institute of Aeronautics and Astronautics Inc.","Conference paper","Scopus"
"Degha H.E.; Laallam F.Z.; Said B.","Degha, Houssem Eddine (57195674025); Laallam, Fatima Zohra (56126420000); Said, Bachir (57206674683)","57195674025; 56126420000; 57206674683","Intelligent context-awareness system for energy efficiency in smart building based on ontology","2019","Sustainable Computing: Informatics and Systems","65","10.1016/j.suscom.2019.01.013","https://www.scopus.com/pages/publications/85061993054?origin=resultslist","Lab. Laboratoire de l'Intelligence Artificielle et des Technologies de l'Information, Fac.Faculté des nouvelles technologies de l'information et de la communication, Université Kasdi Merbah Ouargla, Ouargla, 30 000, Algeria","Degha H.E., Lab. Laboratoire de l'Intelligence Artificielle et des Technologies de l'Information, Fac.Faculté des nouvelles technologies de l'information et de la communication, Université Kasdi Merbah Ouargla, Ouargla, 30 000, Algeria; Laallam F.Z., Lab. Laboratoire de l'Intelligence Artificielle et des Technologies de l'Information, Fac.Faculté des nouvelles technologies de l'information et de la communication, Université Kasdi Merbah Ouargla, Ouargla, 30 000, Algeria; Said B., Lab. Laboratoire de l'Intelligence Artificielle et des Technologies de l'Information, Fac.Faculté des nouvelles technologies de l'information et de la communication, Université Kasdi Merbah Ouargla, Ouargla, 30 000, Algeria","Context-awareness is an important research area. Many energy efficiency applications of ubiquitous computing need to access some related contexts to provide the best and adequate energy saving services at the right time and at the right place. One of the big challenges is the difficulty and the complexity to make systems identify and understand situations in the building business, especially in complex situations to provide adequate energy-saving services for each of which. This issue is divided into two parts: On one hand, the smart building and its environment must be modeled in a way that provides context-awareness. On the other hand is the how to effectively exploit this context-awareness to reduce energy consumption and increase the user comfort. In this paper, we propose an intelligent context-awareness Building Energy Management System (ICA-BEMS). ICA-BEMS uses hybrid energy-saving techniques based on a Smart Context-Awareness Management (Smart-CAM). Smart-CAM uses smart building ontology to organize smart building knowledge and utilizes a new context-awareness mechanism to provide contextual information. The former exploits the contextual information in reasoning to reduce the building energy consumption, promoting users behavioral change and maximizing the user's comfort to bring about a better energy efficiency policy. To evaluate our system, we have developed a smart building simulator (Open-SBS) which simulates smart building comportments and human behaviors. We have created various scenarios of daily life in the smart building simulator. We have tested our ICA-BEMS effect on energy consumption having a positive result. Energy consumption has been decreased by 40% of total energy consumption. © 2019 Elsevier Inc.","Building energy management system; Context-awareness; Energy efficiency; Ontology; Smart building","Behavioral research; Buildings; Cams; Energy conservation; Energy management; Energy management systems; Energy policy; Energy utilization; Green computing; Intelligent buildings; Ontology; Ubiquitous computing; User interfaces; Building energy consumption; Building energy management systems; Context- awareness; Contextual information; Energy efficiency policies; Intelligent context-awareness; Reduce energy consumption; Total energy consumption; Energy efficiency","","","Elsevier Inc.","Article","Scopus"
"Lee Z.E.; Sun Q.; Ma Z.; Wang J.; MacDonald J.S.; Zhang K.M.","Lee, Zachary E. (57209175515); Sun, Qingxuan (55987052600); Ma, Zhao (57193277515); Wang, Jiangfeng (8881426900); MacDonald, Jason S. (36844248300); Zhang, K. Max (7404451214)","57209175515; 55987052600; 57193277515; 8881426900; 36844248300; 7404451214","Providing Grid Services With Heat Pumps: A Review","2020","Journal of Engineering for Sustainable Buildings and Cities","42","10.1115/1.4045819","https://www.scopus.com/pages/publications/85110249453?origin=resultslist","Sibley School of Mechanical and Aerospace Engineering, Cornell University, Ithaca, 14853, NY, United States; School of Energy and Power Engineering, Xi’an Jiaotong University, Xi’an, 710049, China; Ernest Orlando Lawrence Berkeley National Laboratory, 1 Cyclotron Road, Berkeley, 94720, CA, United States","Lee Z.E., Sibley School of Mechanical and Aerospace Engineering, Cornell University, Ithaca, 14853, NY, United States; Sun Q., School of Energy and Power Engineering, Xi’an Jiaotong University, Xi’an, 710049, China; Ma Z., School of Energy and Power Engineering, Xi’an Jiaotong University, Xi’an, 710049, China; Wang J., School of Energy and Power Engineering, Xi’an Jiaotong University, Xi’an, 710049, China; MacDonald J.S., Ernest Orlando Lawrence Berkeley National Laboratory, 1 Cyclotron Road, Berkeley, 94720, CA, United States; Zhang K.M., Sibley School of Mechanical and Aerospace Engineering, Cornell University, Ithaca, 14853, NY, United States","The integration of variable and intermittent renewable energy generation into the power system is a grand challenge to our efforts to achieve a sustainable future. Flexible demand is one solution to this challenge, where the demand can be controlled to follow energy supply, rather than the conventional way of controlling energy supply to follow demand. Recent research has shown that electric building climate control systems like heat pumps can provide this demand flexibility by effectively storing energy as heat in the thermal mass of the building. While some forms of heat pump demand flexibility have been implemented in the form of peak pricing and utility demand response programs, controlling heat pumps to provide ancillary services like frequency regulation, load following, and reserve have yet to be widely implemented. In this paper, we review the recent advances and remaining challenges in controlling heat pumps to provide these grid services. This analysis includes heat pump and building modeling, control methods both for isolated heat pumps and heat pumps in aggregate, and the potential implications that this concept has on the power system. Copyright © 2020 by ASME.","air conditioning; building; control systems; energy; grid; optimal controls; optimization","","National Science Foundation, NSF, (1711546); National Science Foundation, NSF","The authors acknowledge the support from the National Science Foundation (NSF) (Grant No. 1711546).","American Society of Mechanical Engineers (ASME)","Article","Scopus"
"Wang X.; Lo K.","Wang, Xinxin (57286090100); Lo, Kevin (55181543600)","57286090100; 55181543600","Just transition: A conceptual review","2021","Energy Research and Social Science","684","10.1016/j.erss.2021.102291","https://www.scopus.com/pages/publications/85115933199?origin=resultslist","Department of Geography, Hong Kong Baptist University, Hong Kong","Wang X., Department of Geography, Hong Kong Baptist University, Hong Kong; Lo K., Department of Geography, Hong Kong Baptist University, Hong Kong","The growing attention paid to the idea of a just transition away from the incumbent fossil fuel energy paradigm has led scholars to devise diverse definitions, understandings, and viewpoints of the term. This review seeks to clarify the different perspectives surrounding the concept, to consolidate knowledge, and to provide a concise account of current debates in the literature as well as a research agenda. It identifies five themes around which the concept has been discussed: (1) just transition as a labor-oriented concept, (2) just transition as an integrated framework for justice, (3) just transition as a theory of socio-technical transition, (4) just transition as a governance strategy, and (5) just transition as public perception. Overall, this review suggests that the literature on just transition employs rich theoretical and empirical insights from various disciplines yet contains several gaps. Specifically, it argues that the literature would benefit from more empirical studies rooted in practice, more discussion on the relationship between different concepts of just transition, an expansion of geographical scope to include developing countries and non-democratic regimes, and more attention to power dynamics in just transition. © 2021 Elsevier Ltd","Conceptual review; Energy transition; Just transition; Low-carbon transition","","Research Grants Council, University Grants Committee, 研究資助局; General Research Fund of Shanghai Normal University, (12600718); General Research Fund of Shanghai Normal University","The authors would like to thank the four anonymous reviewers for their very helpful comments. This work was supported by the General Research Fund (12600718) of the Research Grants Council of Hong Kong.","Elsevier Ltd","Review","Scopus"
"Reh A.; Gusenbauer C.; Kastner J.; Groller M.E.; Heinzl C.","Reh, Andreas (26421378100); Gusenbauer, Christian (36918381000); Kastner, Johann (55165789000); Groller, M. Eduard (6701726115); Heinzl, Christoph (22957423800)","26421378100; 36918381000; 55165789000; 6701726115; 22957423800","MObjects-a novel method for the visualization and interactive exploration of defects in industrial XCT data","2013","IEEE Transactions on Visualization and Computer Graphics","28","10.1109/TVCG.2013.177","https://www.scopus.com/pages/publications/84886682005?origin=resultslist","University of Applied Sciences Upper Austria, Campus Wels, Austria; Vienna University of Technology, Institute of Computer Graphics and Algorithms, Austria","Reh A., University of Applied Sciences Upper Austria, Campus Wels, Austria; Gusenbauer C., University of Applied Sciences Upper Austria, Campus Wels, Austria; Kastner J., University of Applied Sciences Upper Austria, Campus Wels, Austria; Groller M.E., Vienna University of Technology, Institute of Computer Graphics and Algorithms, Austria; Heinzl C., University of Applied Sciences Upper Austria, Campus Wels, Austria","This paper describes an advanced visualization method for the analysis of defects in industrial 3D X-Ray Computed Tomography (XCT) data. We present a novel way to explore a high number of individual objects in a dataset, e.g., pores, inclusions, particles, fibers, and cracks demonstrated on the special application area of pore extraction in carbon fiber reinforced polymers (CFRP). After calculating the individual object properties volume, dimensions and shape factors, all objects are clustered into a mean object (MObject). The resulting MObject parameter space can be explored interactively. To do so, we introduce the visualization of mean object sets (MObject Sets) in a radial and a parallel arrangement. Each MObject may be split up into sub-classes by selecting a specific property, e.g., volume or shape factor, and the desired number of classes. Applying this interactive selection iteratively leads to the intended classifications and visualizations of MObjects along the selected analysis path. Hereby the given different scaling factors of the MObjects down the analysis path are visualized through a visual linking approach. Furthermore the representative MObjects are exported as volumetric datasets to serve as input for successive calculations and simulations. In the field of porosity determination in CFRP non-destructive testing practitioners use representative MObjects to improve ultrasonic calibration curves. Representative pores also serve as input for heat conduction simulations in active thermography. For a fast overview of the pore properties in a dataset we propose a local MObjects visualization in combination with a color-coded homogeneity visualization of cells. The advantages of our novel approach are demonstrated using real world CFRP specimens. The results were evaluated through a questionnaire in order to determine the practicality of the MObjects visualization as a supportive tool for domain specialists. © 2013 IEEE.","3D X-Ray computed tomography; carbon fiber reinforced polymers; MObjects; parameter space analysis; porosity","Algorithms; Computer Graphics; Image Enhancement; Industry; Materials Testing; Radiographic Image Interpretation, Computer-Assisted; Reproducibility of Results; Sensitivity and Specificity; Software; Tomography, X-Ray Computed; User-Computer Interface; Carbon fiber reinforced plastics; Defects; Iterative methods; Nondestructive examination; Porosity; Three dimensional; Three dimensional computer graphics; Visualization; 3d x-rays; Advanced visualizations; Carbon fiber reinforced polymer; Interactive exploration; MObjects; Non destructive testing; Parameter spaces; Special applications; algorithm; article; computer assisted diagnosis; computer assisted tomography; computer graphics; computer interface; computer program; image enhancement; industry; materials testing; methodology; reproducibility; sensitivity and specificity; computer assisted diagnosis; computer assisted tomography; industry; materials testing; procedures; Data visualization","","","","Article","Scopus"
"Morency F.; Beaugendre H.; Gallizio F.; Laurens S.","Morency, François (6505959947); Beaugendre, Héloïse (6506277925); Gallizio, Federico (19933361100); Laurens, Sophie (57203369683)","6505959947; 6506277925; 19933361100; 57203369683","Computation of ice shedding trajectories using cartesian grids, penalization, and level sets","2011","Modelling and Simulation in Engineering","24","10.1155/2011/274947","https://www.scopus.com/pages/publications/79959252773?origin=resultslist","IPB, Université de Bordeaux, INRIA Bordeaux Sud-Ouest, Equipe-Projet MC2, 33405 Talence, 351 Cours de la Libération, France; Département de Génie Mécanique, École de Technologie Supérieure, Montréal, QC H3C 1K3, 1100 Rue Notre-Dame Ouest, Canada; Optimad Engineering S.r.l., 10143 Turin, Via Giacinto Collegno 18, Italy; Université de Bordeaux, INRIA Bordeaux Sud-Ouest, Equipe-Projet MC2, 33405 Talence, 351 Cours de la Libération, France","Morency F., Département de Génie Mécanique, École de Technologie Supérieure, Montréal, QC H3C 1K3, 1100 Rue Notre-Dame Ouest, Canada; Beaugendre H., IPB, Université de Bordeaux, INRIA Bordeaux Sud-Ouest, Equipe-Projet MC2, 33405 Talence, 351 Cours de la Libération, France; Gallizio F., Optimad Engineering S.r.l., 10143 Turin, Via Giacinto Collegno 18, Italy; Laurens S., Université de Bordeaux, INRIA Bordeaux Sud-Ouest, Equipe-Projet MC2, 33405 Talence, 351 Cours de la Libération, France","We propose to model ice shedding trajectories by an innovative paradigm that is based on cartesian grids, penalization and level sets. The use of cartesian grids bypasses the meshing issue, and penalization is an efficient alternative to explicitly impose boundary conditions so that the body-fitted meshes can be avoided, making multifluid/multiphysics flows easy to set up and simulate. Level sets describe the geometry in a nonparametric way so that geometrical and topological changes due to physics and in particular shed ice pieces are straight forward to follow. The model results are verified against the case of a free falling sphere. The capabilities of the proposed model are demonstrated on ice trajectories calculations for flow around iced cylinder and airfoil. Copyright © 2011 Hlose Beaugendre et al.","","Trajectories; Cartesian grid; Fitted mesh; Ice-shedding; Level Set; Model results; Multi-fluids; Non-parametric; Topological changes; Ice","","","Hindawi Limited","Article","Scopus"
"Cicilio P.; Glennon D.; Mate A.; Barnes A.; Chalishazar V.; Cotilla-Sanchez E.; Vaagensmith B.; Gentle J.; Rieger C.; Wies R.; Kapourchali M.H.","Cicilio, Phylicia (57200512246); Glennon, David (57212082426); Mate, Adam (57209463916); Barnes, Arthur (57197207235); Chalishazar, Vishvas (57201877213); Cotilla-Sanchez, Eduardo (36642360600); Vaagensmith, Bjorn (55660930500); Gentle, Jake (56034509500); Rieger, Craig (8651698900); Wies, Richard (6701733491); Kapourchali, Mohammad Heidari (56021940900)","57200512246; 57212082426; 57209463916; 57197207235; 57201877213; 36642360600; 55660930500; 56034509500; 8651698900; 6701733491; 56021940900","Resilience in an evolving electrical grid","2021","Energies","49","10.3390/en14030694","https://www.scopus.com/pages/publications/85106288093?origin=resultslist","Alaska Center for Energy and Power, University of Alaska, Fairbanks, 99775, AK, United States; School of Electrical Engineering and Computer Science, Oregon State University, Corvallis, 97331, OR, United States; Los Alamos National Laboratory, Los Alamos, 87545, NM, United States; Pacific Northwest National Laboratory, Richland, 99354, WA, United States; Idaho National Laboratory, Idaho Falls, 83415, ID, United States; Department of Electrical Engineering, University of Alaska, Anchorage, Anchorage, 99508, AK, United States","Cicilio P., Alaska Center for Energy and Power, University of Alaska, Fairbanks, 99775, AK, United States; Glennon D., School of Electrical Engineering and Computer Science, Oregon State University, Corvallis, 97331, OR, United States; Mate A., Los Alamos National Laboratory, Los Alamos, 87545, NM, United States; Barnes A., Los Alamos National Laboratory, Los Alamos, 87545, NM, United States; Chalishazar V., Pacific Northwest National Laboratory, Richland, 99354, WA, United States; Cotilla-Sanchez E., School of Electrical Engineering and Computer Science, Oregon State University, Corvallis, 97331, OR, United States; Vaagensmith B., Idaho National Laboratory, Idaho Falls, 83415, ID, United States; Gentle J., Idaho National Laboratory, Idaho Falls, 83415, ID, United States; Rieger C., Idaho National Laboratory, Idaho Falls, 83415, ID, United States; Wies R., Alaska Center for Energy and Power, University of Alaska, Fairbanks, 99775, AK, United States; Kapourchali M.H., Department of Electrical Engineering, University of Alaska, Anchorage, Anchorage, 99508, AK, United States","Fundamental shifts in the structure and generation profile of electrical grids are occurring amidst increased demand for resilience. These two simultaneous trends create the need for new planning and operational practices for modern grids that account for the compounding uncertainties inherent in both resilience assessment and increasing contribution of variable inverter-based renewable energy sources. This work reviews the research work addressing the changing generation profile, state-of-the-art practices to address resilience, and research works at the intersection of these two topics in regards to electrical grids. The contribution of this work is to highlight the ongoing research in power system resilience and integration of variable inverter-based renewable energy sources in electrical grids, and to identify areas of current and further study at this intersection. Areas of research identified at this intersection include cyber-physical analysis of solar, wind, and distributed energy resources, microgrids, network evolution and observability, substation automation and self-healing, and probabilistic planning and operation methods. © 2021 by the authors. Licensee MDPI, Basel, Switzerland.","Digitalization; Inverter-based generation; Power system operation; Power system planning; Reliability; Renewable energies; Resilience","Electric inverters; Microgrids; Natural resources; Renewable energy resources; Distributed Energy Resources; Network evolution; Operation methods; Operational practices; Probabilistic planning; Renewable energy source; Substation automation; System resiliences; Electric power transmission networks","Battelle Energy Alliance, (DE AC07-05ID14517); Wind Energy Technologies Office, WETO; Idaho National Laboratory, INL","Funding: This research was completed by Idaho National Laboratory with funding from the U.S. Department of Energy Wind Energy Technologies Office. Idaho National Laboratory is operated by Battelle Energy Alliance under contract No. DE AC07-05ID14517 as part of the Microgrids, Infrastructure Resilience and Advanced Controls Launchpad (MIRACL) project.","MDPI AG","Article","Scopus"
"Gnann T.; Klingler A.-L.; Kühnbach M.","Gnann, Till (55693531100); Klingler, Anna-Lena (57117564500); Kühnbach, Matthias (57203087162)","55693531100; 57117564500; 57203087162","The load shift potential of plug-in electric vehicles with different amounts of charging infrastructure","2018","Journal of Power Sources","70","10.1016/j.jpowsour.2018.04.029","https://www.scopus.com/pages/publications/85045314518?origin=resultslist","Fraunhofer Institute for Systems and Innovation Research ISI, Breslauer Str. 48, Karlsruhe, 76139, Germany","Gnann T., Fraunhofer Institute for Systems and Innovation Research ISI, Breslauer Str. 48, Karlsruhe, 76139, Germany; Klingler A.-L., Fraunhofer Institute for Systems and Innovation Research ISI, Breslauer Str. 48, Karlsruhe, 76139, Germany; Kühnbach M., Fraunhofer Institute for Systems and Innovation Research ISI, Breslauer Str. 48, Karlsruhe, 76139, Germany","Plug-in electric vehicles are the currently favoured option to decarbonize the passenger car sector. However, a decarbonisation is only possible with electricity from renewable energies and plug-in electric vehicles might cause peak loads if they started to charge at the same time. Both these issues could be solved with coordinated load shifting (demand response). Previous studies analyzed this research question by focusing on private vehicles with domestic and work charging infrastructure. This study additionally includes the important early adopter group of commercial fleet vehicles and reflects the impact of domestic, commercial, work and public charging. For this purpose, two models are combined. In a comparison of three scenarios, we find that charging of commercial vehicles does not inflict evening load peaks in the same magnitude as purely domestic charging of private cars does. Also for private cars, charging at work occurs during the day and may reduce the necessity of load shifting while public charging plays a less important role in total charging demand as well as load shifting potential. Nonetheless, demand response reduces the system load by about 2.2 GW or 2.8% when domestic and work charging are considered compared to a scenario with only domestic charging. © 2018 The Authors","Charging infrastructure; Load shifting potential; Market diffusion; Plug-in electric vehicles","Automotive industry; Charging (batteries); Electric automobiles; Fleet operations; Plug-in electric vehicles; Charging at works; Charging demands; Charging infrastructures; Domestic charging; Load shifting; Private vehicles; Renewable energies; Research questions; Commercial vehicles","Stiftung Energieforschung Baden-Württemberg; Fraunhofer-Gesellschaft, Fraunhofer; Ministerium für Wirtschaft, Arbeit und Wohnungsbau Baden-Württemberg, WM BW","We would like to thank Tobias Bossmann and Julia Michaelis for initial calculations and earlier versions of this research. Parts of the analysis were executed within the project „Bewertung des Lastverschiebepotenzials von Elektrofahrzeugen in Deutschland unter Berücksichtigung differenzierter Haltergruppen und Ladeinfrastruktur im Vergleich zu anderen flexiblen Verbrauchern“ [funding code A 321 16] which receives funding from the Stiftung Energieforschung Baden-Württemberg. For further information see: www.sef-bw.de . We also performed a part of this work within the framework of the Profilregion Mobilitätssysteme Karlsruhe which is funded by the Ministry of Economic Affairs, Labour and Housing in Baden-Württemberg and as a national High Performance Center by the Fraunhofer-Gesellschaft. ","Elsevier B.V.","Article","Scopus"
"Straumit I.; Lomov S.V.; Wevers M.","Straumit, Ilya (56319909100); Lomov, Stepan V. (7005067917); Wevers, Martine (7005254967)","56319909100; 7005067917; 7005254967","Quantification of the internal structure and automatic generation of voxel models of textile composites from X-ray computed tomography data","2015","Composites Part A: Applied Science and Manufacturing","258","10.1016/j.compositesa.2014.11.016","https://www.scopus.com/pages/publications/84912569661?origin=resultslist","Department of Materials Engineering (MTM), KU Leuven, Belgium","Straumit I., Department of Materials Engineering (MTM), KU Leuven, Belgium; Lomov S.V., Department of Materials Engineering (MTM), KU Leuven, Belgium; Wevers M., Department of Materials Engineering (MTM), KU Leuven, Belgium","X-ray computed tomography provides an opportunity for a detailed examination of the inner structure of fibre reinforced composites. Three-dimensional images, obtained with micro-CT, can be used for a realistic modelling of composite materials. All modelling objectives imply the knowledge of the orientations of the fibres inside the composite, which determine the local (anisotropic) properties. This paper investigates application of the structure tensor, a concept from the image processing field, to the determination of the orientations of fibres and to segment the image into the material's components, for the purpose of an automatic generation of a voxel-based description of the representative volume element. The segmentation of the images of CFRP materials into its components is performed by thresholding, or by clustering in a two-dimensional parameter space of the degree of anisotropy and average grey value or one of the components of the orientation vector. Clustering allows not only separating the matrix from the yarns, but also distinguishing the yarns of different primary orientations. © 2014 Elsevier Ltd. All rights reserved.","A. Fabrics/textiles; B. Directional orientation; D. Non-destructive testing","Anisotropy; Fiber reinforced plastics; Image segmentation; Nondestructive examination; Tomography; Vector spaces; Yarn; Automatic Generation; Degree of anisotropy; Directional orientation; Fabrics/textiles; Non destructive testing; Representative volume element (RVE); Three dimensional images; X-ray computed tomography; Computerized tomography","Seventh Framework Programme, FP7, (ACP2-GA-2012-314562-QUICOM); Seventh Framework Programme, FP7; European Commission, EC, (314562); European Commission, EC","This project has received funding from the European Union\u2019s Seventh Framework Programme for Research, Technological Development and Demonstration under Grant Agreement No. ACP2-GA-2012-314562-QUICOM. The X-ray computed tomography images have been made on the X-ray computed tomography facilities at the KU Leuven, financed by the Hercules Foundation (Project AKUL 09/001: Micro- and nano-CT for the hierarchical analysis of materials). The authors would like to thank A.E. Bogdanovich (NCSU, USA) for the provision of the material and for useful discussions of the material\u2019s internal structure; Elke Van de Casteele and Gregory Pyka for the consultations on micro-CT acquisition.","Elsevier Ltd","Article","Scopus"
"Perfect P.; Jump M.; White M.D.","Perfect, Philip (15832857200); Jump, Michael (10641124000); White, Mark D. (56315199000)","15832857200; 10641124000; 56315199000","Methods to assess the handling qualities requirements for personal aerial vehicles","2015","Journal of Guidance, Control, and Dynamics","32","10.2514/1.G000862","https://www.scopus.com/pages/publications/84946116794?origin=resultslist","University of Liverpool, Liverpool, L69 3B6, United Kingdom; Centre for Engineering Dynamics, School of Engineering, United Kingdom; Blue Bear Systems Research, Bedford, MK44 1FD, United Kingdom","Perfect P., University of Liverpool, Liverpool, L69 3B6, United Kingdom, Centre for Engineering Dynamics, School of Engineering, United Kingdom, Blue Bear Systems Research, Bedford, MK44 1FD, United Kingdom; Jump M., University of Liverpool, Liverpool, L69 3B6, United Kingdom, Centre for Engineering Dynamics, School of Engineering, United Kingdom; White M.D., University of Liverpool, Liverpool, L69 3B6, United Kingdom, Centre for Engineering Dynamics, School of Engineering, United Kingdom","This paper describes the development of a methodology to assess the handling qualities requirements for vertical takeoff and landing-capable personal aerial vehicles. It is anticipated that such a personal aerial vehicle would be flown by a ""flight-naïve"" pilot who has received much less training than is typically received even by today's general aviation private pilots. The methodology used to determine handling requirements for a personal aerial vehicle cannot therefore be based entirely on existing best practice; the use of highly experienced test pilots in a conventional handling assessment limits the degree to which results apply to the flight-naïve pilot. Using rotary-wing handling qualities methods as a start point, this paper describes both existing and newly developed alternative methods to subjectively and objectively analyze the performance and workload of flight-naïve pilots in typical personal aerial vehicle tasks. A highly reconfigurable generic flight dynamics simulation model that has been used to validate the methodology is also described. Results that highlight the efficacy of the various methods used are presented, and their suitability for use with flight-naïve pilots demonstrated. Copyright © 2015 by the American Institute of Aeronautics and Astronautics, Inc. All rights reserved.","","Flight dynamics; Flight simulators; Vehicles; Aerial vehicle; Best practices; Dynamics simulation; General aviation; Handling quality; Reconfigurable; Test pilots; Vertical take-off and landings; Antennas","; Seventh Framework Programme, FP7; Seventh Framework Programme, FP7, (266470); Seventh Framework Programme, FP7","Funding text 1: For ground transport, the problems are different. The volume of road traffic in and around the world\u2019s cities continues to increase [2,3]. This results in serious congestion at peak times, which, in turn, seriously impacts the output of global economies. For example, across Europe, delays due to road congestion have been estimated to cost approximately \u20AC100 billion per year in [4]. A radical solution to this problem, proposed in [1], would be to move commuting traffic from the ground into the air using a personal aerial transportation system (PATS). The results from [1] were therefore used to inform the direction of some of the recent EC 7th Framework Programme (FP7) funding calls. One of the subsequent projects, funded by FP7, was myCopter \u2013 Enabling Technologies for Personal Aerial Transportation Systems [5]. The aim of the four-year myCopter project was to develop some of the enabling technologies to allow a PATS to be realized.; Funding text 2: The work reported in this paper is funded by the European Commission 7th Framework Programme research funding mechanism under grant agreement number 266470. The authors would like to thank all those who have participated in the simulation trials reported in this paper for their contribution to the research.","American Institute of Aeronautics and Astronautics Inc.","Article","Scopus"
"Rennert K.; Errickson F.; Prest B.C.; Rennels L.; Newell R.G.; Pizer W.; Kingdon C.; Wingenroth J.; Cooke R.; Parthum B.; Smith D.; Cromar K.; Diaz D.; Moore F.C.; Müller U.K.; Plevin R.J.; Raftery A.E.; Ševčíková H.; Sheets H.; Stock J.H.; Tan T.; Watson M.; Wong T.E.; Anthoff D.","Rennert, Kevin (26645047100); Errickson, Frank (57208631409); Prest, Brian C. (57195193834); Rennels, Lisa (57192941748); Newell, Richard G. (7101827029); Pizer, William (6602192536); Kingdon, Cora (57805123000); Wingenroth, Jordan (57222569297); Cooke, Roger (7402645443); Parthum, Bryan (57195420541); Smith, David (58263842000); Cromar, Kevin (6504105444); Diaz, Delavane (56519315300); Moore, Frances C. (55066845400); Müller, Ulrich K. (55697368300); Plevin, Richard J. (12040501900); Raftery, Adrian E. (7006212242); Ševčíková, Hana (36932246500); Sheets, Hannah (57552840300); Stock, James H. (7202122235); Tan, Tammy (57920435000); Watson, Mark (7403102169); Wong, Tony E. (57194003391); Anthoff, David (13002913500)","26645047100; 57208631409; 57195193834; 57192941748; 7101827029; 6602192536; 57805123000; 57222569297; 7402645443; 57195420541; 58263842000; 6504105444; 56519315300; 55066845400; 55697368300; 12040501900; 7006212242; 36932246500; 57552840300; 7202122235; 57920435000; 7403102169; 57194003391; 13002913500","Comprehensive evidence implies a higher social cost of CO2","2022","Nature","769","10.1038/s41586-022-05224-9","https://www.scopus.com/pages/publications/85139517351?origin=resultslist","Resources for the Future, Washington, DC, United States; School of Public and International Affairs, Princeton University, Princeton, NJ, United States; Energy and Resources Group, University of California, Berkeley, CA, United States; Environmental Protection Agency, Washington, DC, United States; Marron Institute of Urban Management, New York University, Brooklyn, NY, United States; NYU Grossman School of Medicine, New York, NY, United States; EPRI, Palo Alto, CA, United States; Department of Environmental Science and Policy, University of California, Davis, CA, United States; Department of Economics, Princeton University, Princeton, NJ, United States; Independent researcher, Portland, OR, United States; Departments of Statistics and Sociology, University of Washington, Seattle, WA, United States; Center for Statistics and the Social Sciences, University of Washington, Seattle, WA, United States; School of Mathematical Sciences, Rochester Institute of Technology, Rochester, NY, United States; Department of Economics, Harvard University, Cambridge, MA, United States","Rennert K., Resources for the Future, Washington, DC, United States; Errickson F., School of Public and International Affairs, Princeton University, Princeton, NJ, United States; Prest B.C., Resources for the Future, Washington, DC, United States; Rennels L., Energy and Resources Group, University of California, Berkeley, CA, United States; Newell R.G., Resources for the Future, Washington, DC, United States; Pizer W., Resources for the Future, Washington, DC, United States; Kingdon C., Energy and Resources Group, University of California, Berkeley, CA, United States; Wingenroth J., Resources for the Future, Washington, DC, United States; Cooke R., Resources for the Future, Washington, DC, United States; Parthum B., Environmental Protection Agency, Washington, DC, United States; Smith D., Environmental Protection Agency, Washington, DC, United States; Cromar K., Marron Institute of Urban Management, New York University, Brooklyn, NY, United States, NYU Grossman School of Medicine, New York, NY, United States; Diaz D., EPRI, Palo Alto, CA, United States; Moore F.C., Department of Environmental Science and Policy, University of California, Davis, CA, United States; Müller U.K., Department of Economics, Princeton University, Princeton, NJ, United States; Plevin R.J., Independent researcher, Portland, OR, United States; Raftery A.E., Departments of Statistics and Sociology, University of Washington, Seattle, WA, United States; Ševčíková H., Center for Statistics and the Social Sciences, University of Washington, Seattle, WA, United States; Sheets H., School of Mathematical Sciences, Rochester Institute of Technology, Rochester, NY, United States; Stock J.H., Department of Economics, Harvard University, Cambridge, MA, United States; Tan T., Environmental Protection Agency, Washington, DC, United States; Watson M., Department of Economics, Princeton University, Princeton, NJ, United States; Wong T.E., School of Mathematical Sciences, Rochester Institute of Technology, Rochester, NY, United States; Anthoff D., Energy and Resources Group, University of California, Berkeley, CA, United States","The social cost of carbon dioxide (SC-CO2) measures the monetized value of the damages to society caused by an incremental metric tonne of CO2 emissions and is a key metric informing climate policy. Used by governments and other decision-makers in benefit–cost analysis for over a decade, SC-CO2 estimates draw on climate science, economics, demography and other disciplines. However, a 2017 report by the US National Academies of Sciences, Engineering, and Medicine1 (NASEM) highlighted that current SC-CO2 estimates no longer reflect the latest research. The report provided a series of recommendations for improving the scientific basis, transparency and uncertainty characterization of SC-CO2 estimates. Here we show that improved probabilistic socioeconomic projections, climate models, damage functions, and discounting methods that collectively reflect theoretically consistent valuation of risk, substantially increase estimates of the SC-CO2. Our preferred mean SC-CO2 estimate is $185 per tonne of CO2 ($44–$413 per tCO2: 5%–95% range, 2020 US dollars) at a near-term risk-free discount rate of 2%, a value 3.6 times higher than the US government’s current value of $51 per tCO2. Our estimates incorporate updated scientific understanding throughout all components of SC-CO2 estimation in the new open-source Greenhouse Gas Impact Value Estimator (GIVE) model, in a manner fully responsive to the near-term NASEM recommendations. Our higher SC-CO2 values, compared with estimates currently used in policy evaluation, substantially increase the estimated benefits of greenhouse gas mitigation and thereby increase the expected net benefits of more stringent climate policies. © 2022, The Author(s).","","Carbon Dioxide; Climate; Greenhouse Gases; United States; carbon dioxide; carbon dioxide; carbon dioxide; discount rate; agriculture; Article; carbon dioxide emission; climate; economic development; energy expenditure; environmental economics; environmental policy; environmental temperature; government regulation; greenhouse gas emission; gross national product; human; mortality; risk assessment; sea level rise; social aspect; socioeconomics; greenhouse gas","National Institutes of Health, NIH; National Institute of Child Health and Human Development, NICHD, (R01HD070936); National Institute of Child Health and Human Development, NICHD; U.S. Environmental Protection Agency, EPA; Alfred P. Sloan Foundation, APSF; William and Flora Hewlett Foundation, HF; International Community Foundation, ICF","Funding text 1: The views expressed in this paper are those of the authors and do not necessarily reflect the views or policies of the US Environmental Protection Agency. This work was supported by the Alfred P. Sloan Foundation, the Hewlett Foundation, and individual donations to RFF’s Social Cost of Carbon Initiative. The work of A.E.R. and H.Š. was supported by NIH grant R01 HD070936. ; Funding text 2: D.A., F.E., B.C.P., L.R., K.R. and J.W. received support from ICF with funding from the US Environmental Protection Agency during part of the time this paper was developed; that funding was not affected by this study’s results. D.D. is employed at EPRI, a non-profit public interest research institute supported by a combination of funding from industry, governments and foundations that could be affected by the results of this research, both positively and negatively. R.G.N. is a member of the NASEM Board on Environmental Change and Society, which oversaw the NASEM consensus study that guided this research, and which he also co-chaired. W.P. was also a member of that NASEM consensus study committee when he was on the faculty at Duke University. R.G.N. has also been a member of the National Petroleum Council since 2016, a federally chartered advisory committee to the US Secretary of Energy, who appoints its members. ","Nature Research","Article","Scopus"
"Nam S.; Ko B.; Koo B.; Kang S.; Shin J.","Nam, Suchul (35264440400); Ko, Baekkyeong (56400232900); Koo, Bongil (57219237416); Kang, Sungbiun (59851704100); Shin, Jeonghoon (55353363000)","35264440400; 56400232900; 57219237416; 59851704100; 55353363000","Development of Power System Situation Recognition Technology Using PMU Data","2020","Transactions of the Korean Institute of Electrical Engineers","3","10.5370/KIEE.2020.69.11.1640","https://www.scopus.com/pages/publications/85096037592?origin=resultslist","Kepco Research Institute, South Korea","Nam S., Kepco Research Institute, South Korea; Ko B., Kepco Research Institute, South Korea; Koo B., Kepco Research Institute, South Korea; Kang S., Kepco Research Institute, South Korea; Shin J., Kepco Research Institute, South Korea","The PMU can collect time synchronized and very accurate monitoiing data. Recently, this technology has received a lot of attention to improve the stability of the power system. The PMU provides fast and accurate monitoiing information to the operator, helping the operator to make the best choice. For this reason, many countries are adopting PMU teclinology. Korea has also attempted to introduce PMU teclinology. but the introduction has been delayed for various reasons. As the use of PMUs is delayed, concerns about operational difficulties due to renewable energy are increasing in the field. To solve these problems, KEPCO conducted research on expanding the introduction of PMU technology from 2017, and completed it in June 2020. Through the successful implementation of tliis research project and application to the field. KEPC'O has played an important role in changing the negative perception of PMU by domestic engineers. This paper introduces the efforts of KEPCO and plans to expand the use of PMUs in Korea in the future. © 2020 Korean Institute of Electrical Engineers. All rights reserved.","Phasor measurement unit; PMU; Synchro-phasor; Voltage stability index; Wams; Wide area measurement system","Electrical engineering; Mathematical models; Best choice; Renewable energies; Situation recognition; Phasor measurement units","","","Korean Institute of Electrical Engineers","Article","Scopus"
"Paiho S.; Saastamoinen H.","Paiho, Satu (24528991400); Saastamoinen, Heidi (57217524721)","24528991400; 57217524721","How to develop district heating in Finland?","2018","Energy Policy","47","10.1016/j.enpol.2018.08.025","https://www.scopus.com/pages/publications/85052204823?origin=resultslist","VTT Technical Research Centre of Finland Ltd, P.O Box 1000, Espoo, FI-02044 VTT, Finland","Paiho S., VTT Technical Research Centre of Finland Ltd, P.O Box 1000, Espoo, FI-02044 VTT, Finland; Saastamoinen H., VTT Technical Research Centre of Finland Ltd, P.O Box 1000, Espoo, FI-02044 VTT, Finland","District heating is widely used in Finland. About half of the population live is district-heated buildings. Additionally, many industrial and public buildings are heated with district heat. In Finland, district heating is implemented efficiently. Average network and measuring losses are 10%. Through energy transition, urbanization and digitalization the Finnish district heating sector is facing new challenges. This paper deals with how Finnish district heating should be developed during the next five years. Altogether 29 organizations, mainly companies, were interviewed and asked about the main challenges, the main opportunities, the foreseen vision and the required actions. Increased competition forces the energy companies to reconsider their business. The major development efforts should be focused on new production alternatives (including hybrid systems), services and data utilization. The development should also be performed in closer connection with the end users and clients. The new systems and solutions should be piloted in order to ensure their operation and to demonstrate their benefits. The municipalities should take a forerunner role in the piloting actions. © 2018 Elsevier Ltd","District heating; Finland; Future; Stakeholder view","Finland; Competition; Hybrid systems; Energy companies; Energy transitions; Finland; Finnish; Future; Heated buildings; Heating sectors; Industrial buildings; Public buildings; Stakeholder view; building; community development; future prospect; heating; stakeholder; District heating","Teknologian Tutkimuskeskus VTT","This study was funded by VTT. The authors are grateful to Dr. Abdul Samad (Sami) Kazi for the methodological guidance during the study. VTT colleagues Jari Shemeikka, Teemu Vesanen, Ismo Heimonen, Matti Paljakka, Paula Ala-Kotila, Ari Laitinen and Pekka Tuominen also participated in making the interviews.  ","Elsevier Ltd","Article","Scopus"
"Jeon Y.J.; Chatellier L.; David L.","Jeon, Young Jin (36015467200); Chatellier, Ludovic (12762714300); David, Laurent (57199426559)","36015467200; 12762714300; 57199426559","Fluid trajectory evaluation based on an ensemble-averaged cross-correlation in time-resolved PIV","2014","Experiments in Fluids","30","10.1007/s00348-014-1766-9","https://www.scopus.com/pages/publications/84902300539?origin=resultslist","Institut P PRIME, UPR3346, CNRS - Université de Poitiers - ISAE-ENSMA, 86962 Futuroscope cedex, 11 Boulevard Marie et Pierre Curie, France","Jeon Y.J., Institut P PRIME, UPR3346, CNRS - Université de Poitiers - ISAE-ENSMA, 86962 Futuroscope cedex, 11 Boulevard Marie et Pierre Curie, France; Chatellier L., Institut P PRIME, UPR3346, CNRS - Université de Poitiers - ISAE-ENSMA, 86962 Futuroscope cedex, 11 Boulevard Marie et Pierre Curie, France; David L., Institut P PRIME, UPR3346, CNRS - Université de Poitiers - ISAE-ENSMA, 86962 Futuroscope cedex, 11 Boulevard Marie et Pierre Curie, France","A novel multi-frame particle image velocimetry (PIV) method, able to evaluate a fluid trajectory by means of an ensemble-averaged cross-correlation, is introduced. The method integrates the advantages of the state-of-art time-resolved PIV (TR-PIV) methods to further enhance both robustness and dynamic range. The fluid trajectory follows a polynomial model with a prescribed order. A set of polynomial coefficients, which maximizes the ensemble-averaged cross-correlation value across the frames, is regarded as the most appropriate solution. To achieve a convergence of the trajectory in terms of polynomial coefficients, an ensemble-averaged cross-correlation map is constructed by sampling cross-correlation values near the predictor trajectory with respect to an imposed change of each polynomial coefficient. A relation between the given change and corresponding cross-correlation maps, which could be calculated from the ordinary cross-correlation, is derived. A disagreement between computational domain and corresponding physical domain is compensated by introducing the Jacobian matrix based on the image deformation scheme in accordance with the trajectory. An increased cost of the convergence calculation, associated with the nonlinearity of the fluid trajectory, is moderated by means of a V-cycle iteration. To validate enhancements of the present method, quantitative comparisons with the state-of-arts TR-PIV methods, e.g., the adaptive temporal interval, the multi-frame pyramid correlation and the fluid trajectory correlation, were carried out by using synthetically generated particle image sequences. The performances of the tested methods are discussed in algorithmic terms. A high-rate TR-PIV experiment of a flow over an airfoil demonstrates the effectiveness of the present method. It is shown that the present method is capable of reducing random errors in both velocity and material acceleration while suppressing spurious temporal fluctuations due to measurement noise. © 2014 Springer-Verlag Berlin Heidelberg.","","Jacobian matrices; Polynomials; Trajectories; Computational domains; Cross-correlation value; Material acceleration; Particle image velocimetry methods; Polynomial coefficients; Polynomial modeling; Quantitative comparison; Temporal fluctuation; Iterative methods","European Commission program FP7; European Commission, EC; Seventh Framework Programme, FP7, (265695)","The current work has been conducted as part of the AFDAR project, Advanced Flow Diagnostics for Aeronautical research, funded by the European Commission program FP7, Grant No. 265695.","Springer Verlag","Article","Scopus"
"Dowling A.P.; Mahmoudi Y.","Dowling, Ann P. (7006290420); Mahmoudi, Yasser (60238015000)","7006290420; 60238015000","Combustion noise","2015","Proceedings of the Combustion Institute","384","10.1016/j.proci.2014.08.016","https://www.scopus.com/pages/publications/84947543735?origin=resultslist","Department of Engineering, University of Cambridge, Cambridge, CB2 1PZ, United Kingdom","Dowling A.P., Department of Engineering, University of Cambridge, Cambridge, CB2 1PZ, United Kingdom; Mahmoudi Y., Department of Engineering, University of Cambridge, Cambridge, CB2 1PZ, United Kingdom","Combustion noise is becoming increasingly important as a major noise source in aeroengines and ground based gas turbines. This is partially because advances in design have reduced the other noise sources, and partially because next generation combustion modes burn more unsteadily, resulting in increased external noise from the combustion. This review reports recent progress made in understanding combustion noise by theoretical, numerical and experimental investigations. We first discuss the fundamentals of the sound emission from a combustion region. Then the noise of open turbulent flames is summarized. We subsequently address the effects of confinement on combustion noise. In this case not only is the sound generated by the combustion influenced by its transmission through the boundaries of the combustion chamber, there is also the possibility of a significant additional source, the so-called 'indirect' combustion noise. This involves hot spots (entropy fluctuations) or vorticity perturbations produced by temporal variations in combustion, which generate pressure waves (sound) as they accelerate through any restriction at the exit of the combustor. We describe the general characteristics of direct and indirect noise. To gain further insight into the physical phenomena of direct and indirect sound, we investigate a simple configuration consisting of a cylindrical or annular combustor with a low Mach number flow in which a flame zone burns unsteadily. Using a low Mach number approximation, algebraic exact solutions are developed so that the parameters controlling the generation of acoustic, entropic and vortical waves can be investigated. The validity of the low Mach number approximation is then verified by solving the linearized Euler equations numerically for a wide range of inlet Mach numbers, stagnation temperature ratios, frequency and mode number of heat release fluctuations. The effects of these parameters on the magnitude of the waves produced by the unsteady combustion are investigated. In particular the magnitude of the indirect and direct noise generated in a model combustor with a choked outlet is analyzed for a wide range of frequencies, inlet Mach numbers and stagnation temperature ratios. Finally, we summarize some of the unsolved questions that need to be the focus of future research. © 2014 The Authors.","Acoustic perturbation; Choked nozzle; Combustion noise; Entropy perturbation; Vorticity perturbation","Aerodynamics; Combustion chambers; Combustors; Entropy; Gas turbines; Mach number; Vorticity; Acoustic perturbations; Entropy fluctuations; Experimental investigations; Heat release fluctuations; Linearized EUler equation; Low mach number approximations; Low-Mach-number flow; Unsteady combustion; Acoustic noise","European Commission, EC, (312444); European Commission, EC; Seventh Framework Programme, FP7, (ACP2-GA-2012–312444); Seventh Framework Programme, FP7","The authors acknowledge financial support through European Commission in the Seventh Framework Programme FP7 under Grant Agreement No. ACP2-GA-2012\u2013312444 in RECORD (Research on Core Noise Reduction) project. We would like to thank the SAFRAN Snecma company for providing us with Fig. 2 showing the contribution of noise sources on a turbojet engine.","Elsevier Ltd","Article","Scopus"
"He L.; Chen T.; Wells R.G.; Li Y.S.; Ning W.","He, L. (56501108600); Chen, T. (59112405700); Wells, R.G. (7402058934); Li, Y.S. (59788214300); Ning, W. (7006004090)","56501108600; 59112405700; 7402058934; 59788214300; 7006004090","Analysis of rotor-rotor and stator-stator interferences in multi-stage turbomachines","2002","Journal of Turbomachinery","126","10.1115/1.1508382","https://www.scopus.com/pages/publications/0036820585?origin=resultslist","School of Engineering, University of Durham, Durham DH1 3LE, United Kingdom; Compressor Group, Industrial Gas Turbines, ALSTOM Power, Lincoln LN5 7FD, United Kingdom","He L., School of Engineering, University of Durham, Durham DH1 3LE, United Kingdom; Chen T., School of Engineering, University of Durham, Durham DH1 3LE, United Kingdom; Wells R.G., Compressor Group, Industrial Gas Turbines, ALSTOM Power, Lincoln LN5 7FD, United Kingdom; Li Y.S., Compressor Group, Industrial Gas Turbines, ALSTOM Power, Lincoln LN5 7FD, United Kingdom; Ning W., Compressor Group, Industrial Gas Turbines, ALSTOM Power, Lincoln LN5 7FD, United Kingdom","A nonlinear harmonic methodology is adopted to analyze interactions between adjacent stages in multi-stage compressors. Of particular interest are the effects of circumferential ""aperiodic"" distributions and the relative circumferential positioning ('clocking') of blades. The main feature of the present approach is that both the aperiodic and clocking effects are very efficiently included with circumferential ""steady"" harmonic disturbances. Consequently, a single run of the nonlinear harmonic solver using a single-passage domain can produce the whole annulus unsteady and aperiodic time-averaged flow field. In addition, performance variation at any clocking position can be obtained simply by post-processing the result. A case study is presented for a two-and-half-stage transonic compressor, and the present results show much stronger rotor-rotor interaction than stator-stator interaction. A mechanism leading to strong rotor-rotor interference seems to be the interaction between upstream rotor wakes and the downstream rotor passage shock waves. A rotor-rotor clocking study illustrates a qualitatively different loss variation with respect to clocking position in a transonic flow compared to that in a subsonic flow.","","compressor; rotor; stator; turbomachinery; Compressors; Rotors; Shock waves; Stators; Subsonic flow; Transonic flow; Wakes; Interference (mechanical); Turbomachine blades","","","","Article","Scopus"
"Panteli M.; Mancarella P.","Panteli, Mathaios (39962141300); Mancarella, Pierluigi (22951359500)","39962141300; 22951359500","Modeling and evaluating the resilience of critical electrical power infrastructure to extreme weather events","2017","IEEE Systems Journal","582","10.1109/JSYST.2015.2389272","https://www.scopus.com/pages/publications/85030463688?origin=resultslist","Electrical Energy and Power Systems Group, School of Electrical and Electronic Engineering, University of Manchester, Manchester, M13 9PL, United Kingdom","Panteli M., Electrical Energy and Power Systems Group, School of Electrical and Electronic Engineering, University of Manchester, Manchester, M13 9PL, United Kingdom; Mancarella P., Electrical Energy and Power Systems Group, School of Electrical and Electronic Engineering, University of Manchester, Manchester, M13 9PL, United Kingdom","Electrical power systems have been traditionally designed to be reliable during normal conditions and abnormal but foreseeable contingencies. However, withstanding unexpected and less frequent severe situations still remains a significant challenge. As a critical infrastructure and in the face of climate change, power systems are more and more expected to be resilient to high-impact low-probability events determined by extreme weather phenomena. However, resilience is an emerging concept, and, as such, it has not yet been adequately explored in spite of its growing interest. On these bases, this paper provides a conceptual framework for gaining insights into the resilience of power systems, with focus on the impact of severe weather events. As quantifying the effect of weather requires a stochastic approach for capturing its random nature and impact on the different system components, a novel sequential Monte-Carlo-based time-series simulation model is introduced to assess power system resilience. The concept of fragility curves is used for applying weather- and time-dependent failure probabilities to system's components. The resilience of the critical power infrastructure is modeled and assessed within a context of system-of-systems that also include human response as a key dimension. This is illustrated using the IEEE 6-bus test system. © 2007-2012 IEEE.","Climate change; critical infrastructure (CI); power systems; reliability; resilience; resiliency; weather","Climate change; Electric power systems; Monte Carlo methods; Public works; Reliability; Standby power systems; Stochastic models; Stochastic systems; Weather information services; Weathering; Conceptual frameworks; Electrical power system; Extreme weather events; resilience; resiliency; Sequential Monte Carlo; Time dependent failure; Time-series simulation; Critical infrastructures","Resilient Electricity Networks for Great Britain; Engineering and Physical Sciences Research Council, EPSRC, (EP/I035757/1, EP/I035781/1); Engineering and Physical Sciences Research Council, EPSRC","Manuscript received June 28, 2014; revised September 25, 2014 and November 24, 2014; accepted December 24, 2014. Date of publication February 9, 2015; date of current version September 27, 2017. This work was supported by the Resilient Electricity Networks for Great Britain (RESNET) project, which is funded by the Engineering and Physical Sciences Research Council, U.K.","Institute of Electrical and Electronics Engineers Inc.","Article","Scopus"
"Luthander R.; Widén J.; Nilsson D.; Palm J.","Luthander, Rasmus (56487968200); Widén, Joakim (26424866400); Nilsson, Daniel (57198097282); Palm, Jenny (23036198800)","56487968200; 26424866400; 57198097282; 23036198800","Photovoltaic self-consumption in buildings: A review","2015","Applied Energy","1082","10.1016/j.apenergy.2014.12.028","https://www.scopus.com/pages/publications/84921375090?origin=resultslist","Built Environment Energy Systems Group (BEESG), Division of Solid State Physics, Department of Engineering Sciences, Uppsala University, P.O. Box 534, Uppsala, SE-751 21, Sweden; Linköping University, Department of Thematic Studies, Technology and Social Change, Linköping, SE-581 83, Sweden","Luthander R., Built Environment Energy Systems Group (BEESG), Division of Solid State Physics, Department of Engineering Sciences, Uppsala University, P.O. Box 534, Uppsala, SE-751 21, Sweden; Widén J., Built Environment Energy Systems Group (BEESG), Division of Solid State Physics, Department of Engineering Sciences, Uppsala University, P.O. Box 534, Uppsala, SE-751 21, Sweden; Nilsson D., Linköping University, Department of Thematic Studies, Technology and Social Change, Linköping, SE-581 83, Sweden; Palm J., Linköping University, Department of Thematic Studies, Technology and Social Change, Linköping, SE-581 83, Sweden","The interest in self-consumption of PV electricity from grid-connected residential systems is increasing among PV system owners and in the scientific community. Self-consumption can be defined as the share of the total PV production directly consumed by the PV system owner. With decreased subsidies for PV electricity in several countries, increased self-consumption could raise the profit of PV systems and lower the stress on the electricity distribution grid. This review paper summarizes existing research on PV self-consumption and options to improve it. Two options for increased self-consumption are included, namely energy storage and load management, also called demand side management (DSM). Most of the papers examine PV-battery systems, sometimes combined with DSM. The results show that it is possible to increase the relative self-consumption by 13-24% points with a battery storage capacity of 0.5-1. kW. h per installed kW PV power and between 2% and 15% points with DSM, both compared to the original rate of self-consumption. The total number of papers is however rather limited and further research and more comparative studies are needed to give a comprehensive view of the technologies and their potential. Behavioral responses to PV self-consumption and the impact on the distribution grid also need to be further studied. © 2014 Elsevier Ltd.","Demand side management; Energy storage; Household electricity; Load shifting; Photovoltaics; Self-consumption","Electric batteries; Electric utilities; Energy storage; Storage management; Behavioral response; Demand side managements; Electricity distribution; Load shifting; Photovoltaics; Residential systems; Scientific community; Self-consumption; building; demand-side management; electricity generation; household energy; literature review; photovoltaic system; technological change; Electric energy storage","Energimyndigheten","This work was carried out as part of the research project Small-scale solar electricity in buildings – Power for change in energy systems and everyday life, financed by the Swedish Energy Agency within the research programme Research and Innovation for Energy Efficient Building and Living.","Elsevier Ltd","Review","Scopus"
"Franke D.M.; Wild J.","Franke, Dirk M. (55588248000); Wild, Jochen (22958798500)","55588248000; 22958798500","Aerodynamic design of a folded krüger device for a HLFC wing","2016","Notes on Numerical Fluid Mechanics and Multidisciplinary Design","5","10.1007/978-3-319-27279-5_2","https://www.scopus.com/pages/publications/84975721505?origin=resultslist","German Aerospace Center, Institute of Aerodynamics and Flow Technology, Lilienthalplatz 7, Braunschweig, 38108, Germany","Franke D.M., German Aerospace Center, Institute of Aerodynamics and Flow Technology, Lilienthalplatz 7, Braunschweig, 38108, Germany; Wild J., German Aerospace Center, Institute of Aerodynamics and Flow Technology, Lilienthalplatz 7, Braunschweig, 38108, Germany","This work presents the design of a folded Krüger device under realistic geometrical requirements for a wing with hybrid laminar flow control (HLFC). A focus is laid on the investigation of the trade-off between space allocation of the retracted Krüger and the aerodynamic high-lift performance. The results reveal that the Krüger device is able to replace a reference slat device in relation to its aerodynamic high-lift performance. Further on the reduction of the allocation space influences the high-lift performance unfavorably. © Springer International Publishing Switzerland 2016.","","","European Community’s Seventh Framework Program FP7, (604013)","This work is supported by the European Community’s Seventh Framework Program FP7 under grant agreement No 604013 through funding of the European project AFLoNext ( www.aflonext.eu ).","Springer Verlag","Conference paper","Scopus"
"Ricke K.; Drouet L.; Caldeira K.; Tavoni M.","Ricke, Katharine (26325911300); Drouet, Laurent (55618509700); Caldeira, Ken (7004807312); Tavoni, Massimo (21744127000)","26325911300; 55618509700; 7004807312; 21744127000","Country-level social cost of carbon","2018","Nature Climate Change","676","10.1038/s41558-018-0282-y","https://www.scopus.com/pages/publications/85053825074?origin=resultslist","School of Global Policy and Strategy, University of California San Diego, La Jolla, CA, United States; Scripps Institution of Oceanography, University of California San Diego, La Jolla, CA, United States; RFF-CMCC European Institute on Economics and the Environment (EIEE), Milan, Italy; Carnegie Institution for Science, Stanford, CA, United States; Politecnico di Milano, Department of Management, Economics and Industrial Engineering, Milan, Italy","Ricke K., School of Global Policy and Strategy, University of California San Diego, La Jolla, CA, United States, Scripps Institution of Oceanography, University of California San Diego, La Jolla, CA, United States; Drouet L., RFF-CMCC European Institute on Economics and the Environment (EIEE), Milan, Italy; Caldeira K., Carnegie Institution for Science, Stanford, CA, United States; Tavoni M., RFF-CMCC European Institute on Economics and the Environment (EIEE), Milan, Italy, Politecnico di Milano, Department of Management, Economics and Industrial Engineering, Milan, Italy","The social cost of carbon (SCC) is a commonly employed metric of the expected economic damages from carbon dioxide (CO2) emissions. Although useful in an optimal policy context, a world-level approach obscures the heterogeneous geography of climate damage and vast differences in country-level contributions to the global SCC, as well as climate and socio-economic uncertainties, which are larger at the regional level. Here we estimate country-level contributions to the SCC using recent climate model projections, empirical climate-driven economic damage estimations and socio-economic projections. Central specifications show high global SCC values (median, US$417 per tonne of CO2 (tCO2); 66% confidence intervals, US$177–805 per tCO2) and a country-level SCC that is unequally distributed. However, the relative ranking of countries is robust to different specifications: countries that incur large fractions of the global cost consistently include India, China, Saudi Arabia and the United States. © 2018, The Author(s), under exclusive licence to Springer Nature Limited.","","China; India; Saudi Arabia; United States; carbon; carbon dioxide; carbon emission; climate modeling; climate prediction; confidence interval; environmental economics; social impact; socioeconomic conditions","Seventh Framework Programme, FP7; Engineering Research Centers, ERC; European Commission, EC; European Research Council, ERC; Horizon 2020; Horizon 2020 Framework Programme, H2020, (642147, 336155); Horizon 2020 Framework Programme, H2020","M.T. thanks M. Burke for an early discussion of these ideas and about the climate impact functions. K.R. thanks C. McIntosh and J. Moreno-Cruz for helpful discussions during the revisions of this manuscript. M.T. received funding from the European Research Council under the European Union\u2019s Seventh Framework Programme (FP7/2007-2013)/ ERC grant agreement no. 336155 (project COBHAM). L.D received funding from the EU\u2019s Horizon 2020 research and innovation programme under grant agreement no. 642147 (CD-LINKS).","Nature Publishing Group","Article","Scopus"
"Geyer R.; Stoms D.; Kallaos J.","Geyer, Roland (9734212500); Stoms, David (6701654014); Kallaos, James (25649694200)","9734212500; 6701654014; 25649694200","Spatially-explicit life cycle assessment of sun-to-wheels transportation pathways in the U.S.","2013","Environmental Science and Technology","29","10.1021/es302959h","https://www.scopus.com/pages/publications/84872534053?origin=resultslist","Bren School of Environmental Science and Management, University of California, Santa Barbara, CA 93106-5131, United States; Department of Civil and Transport Engineering, Norwegian University of Science and Technology, 7491 Trondheim, Norway","Geyer R., Bren School of Environmental Science and Management, University of California, Santa Barbara, CA 93106-5131, United States; Stoms D., Bren School of Environmental Science and Management, University of California, Santa Barbara, CA 93106-5131, United States; Kallaos J., Department of Civil and Transport Engineering, Norwegian University of Science and Technology, 7491 Trondheim, Norway","Growth in biofuel production, which is meant to reduce greenhouse gas (GHG) emissions and fossil energy demand, is increasingly seen as a threat to food supply and natural habitats. Using photovoltaics (PV) to directly convert solar radiation into electricity for battery electric vehicles (BEVs) is an alternative to photosynthesis, which suffers from a very low energy conversion efficiency. Assessments need to be spatially explicit, since solar insolation and crop yields vary widely between locations. This paper therefore compares direct land use, life cycle GHG emissions and fossil fuel requirements of five different sun-to-wheels conversion pathways for every county in the contiguous U.S.: Ethanol from corn or switchgrass for internal combustion vehicles (ICVs), electricity from corn or switchgrass for BEVs, and PV electricity for BEVs. Even the most land-use efficient biomass-based pathway (i.e., switchgrass bioelectricity in U.S. counties with hypothetical crop yields of over 24 tonnes/ha) requires 29 times more land than the PV-based alternative in the same locations. PV BEV systems also have the lowest life cycle GHG emissions throughout the U.S. and the lowest fossil fuel inputs, except for locations with hypothetical switchgrass yields of 16 or more tonnes/ha. Including indirect land use effects further strengthens the case for PV. © 2012 American Chemical Society.","","Biofuels; Electric Power Supplies; Electricity; Ethanol; Greenhouse Effect; Panicum; Zea mays; United States; Panicum virgatum; Zea mays; Agriculture; Bioelectric phenomena; Conversion efficiency; Electric vehicles; Electrophysiology; Energy management; Ethanol; Food supply; Fossil fuels; Land use; Life cycle; Plants (botany); Solar radiation; Sun; Wheels; alcohol; Battery electric vehicles; Biofuel production; Crop yield; Fossil energy; Fuel requirements; GHG emission; Internal combustion; Life Cycle Assessment (LCA); Natural habitat; Photovoltaics; Solar insolation; Spatially explicit; Switchgrass; biofuel; crop yield; emission control; ethanol; food supply; fossil fuel; grass; greenhouse gas; land use change; life cycle analysis; maize; solar radiation; article; battery electric vehicle; car; exhaust gas; greenhouse gas; internal combustion vehicle; life cycle assessment; United States; Greenhouse gases","National Science Foundation, NSF, (0932369)","","","Article","Scopus"
"Thomas S.K.; Cassoni R.P.; MacArthur C.D.","Thomas, Scott K. (7404654475); Cassoni, Robert P. (7801603760); MacArthur, Charles D. (7103211966)","7404654475; 7801603760; 7103211966","Aircraft anti-icing and de-icing techniques and modeling","1996","Journal of Aircraft","512","10.2514/3.47027","https://www.scopus.com/pages/publications/0030245441?origin=resultslist","Wright State University, Dayton, OH 45435, United States; U.S. Air Force Wright Laboratory, Wright-Patterson Air Force Base, Dayton, OH 45433, United States; Department of Mechanical Engineering, Wright State University; University of Dayton; AIAA; Mechanical Engineering Program, Wright State University; Turbine Branch, Turbine Engine Division, U.S. Air Force Wright Laboratory; DoD-NASA Intgd. High Perf. T.; Wright Laboratory, AF's Turbine Research Facility; Wright Laboratory; Univ. of Dayton Research Institute; Ohio State University; University of Dayton, Wright State University","Thomas S.K., Wright State University, Dayton, OH 45435, United States, Department of Mechanical Engineering, Wright State University, University of Dayton, AIAA; Cassoni R.P., Wright State University, Dayton, OH 45435, United States, University of Dayton, AIAA, Mechanical Engineering Program, Wright State University; MacArthur C.D., U.S. Air Force Wright Laboratory, Wright-Patterson Air Force Base, Dayton, OH 45433, United States, University of Dayton, Turbine Branch, Turbine Engine Division, U.S. Air Force Wright Laboratory, DoD-NASA Intgd. High Perf. T., Wright Laboratory, AF's Turbine Research Facility, Wright Laboratory, Univ. of Dayton Research Institute, Ohio State University, University of Dayton, Wright State University","[No abstract available]","","Aerodynamics; Antifreeze solutions; Boundary layers; Differential equations; Finite element method; Heat convection; Ice problems; Mathematical models; Navier Stokes equations; Snow and ice removal; Surface roughness; Surface tension; Anti icing; Electrothermal pads; Flexural stiffness; Freezing point depressants; Interactive boundary layer methods; Magnetic flux density; Stagnation point; Surface deformation; Thermal melting; Aircraft","","","American Inst. Aeronautics and Astronautics Inc.","Article","Scopus"
"García-García P.; Carpintero Ó.; Buendía L.","García-García, Pablo (57217422646); Carpintero, Óscar (15831277000); Buendía, Luis (56241346600)","57217422646; 15831277000; 56241346600","Just energy transitions to low carbon economies: A review of the concept and its effects on labour and income","2020","Energy Research and Social Science","207","10.1016/j.erss.2020.101664","https://www.scopus.com/pages/publications/85087205411?origin=resultslist","Department of Applied Economics, Faculty of Economics & Business Studies, University of Valladolid, 6 Avenue Valle de Esgueva, Valladolid, 47011, Spain; Department of Economics & Statistics, Faculty of Economics & Business Studies, University of León, Campus of Vegazana, León, 24071, Spain; Research Group on Energy, Economy and System Dynamics, University of Valladolid, Paseo del Cauce, Valladolid, 47011, Spain","García-García P., Department of Applied Economics, Faculty of Economics & Business Studies, University of Valladolid, 6 Avenue Valle de Esgueva, Valladolid, 47011, Spain, Research Group on Energy, Economy and System Dynamics, University of Valladolid, Paseo del Cauce, Valladolid, 47011, Spain; Carpintero Ó., Department of Applied Economics, Faculty of Economics & Business Studies, University of Valladolid, 6 Avenue Valle de Esgueva, Valladolid, 47011, Spain, Research Group on Energy, Economy and System Dynamics, University of Valladolid, Paseo del Cauce, Valladolid, 47011, Spain; Buendía L., Department of Economics & Statistics, Faculty of Economics & Business Studies, University of León, Campus of Vegazana, León, 24071, Spain, Research Group on Energy, Economy and System Dynamics, University of Valladolid, Paseo del Cauce, Valladolid, 47011, Spain","The global environmental and social crisis has motivated the renaissance of just transitions, this time centred around the effects on labour and income distribution of the shift to a sustainable energy mix. This renewed conception has gone beyond its origins in the US unions in the 1970s to become a key element in many discourses worldwide, with different nuances. Over the last few years, it has found a place in the SDGs and gathered strong support from the ILO. As political frameworks and literature multiply, this work presents a systematic review of the concept, its evolution and the methodologies devoted to studying it. We make three major points. First, the empirical state-of-the-art has blurred the lines of the methodological classifications found in previous studies: CGE and IAMs are two of the most popular methods, with a growing interest in hybrid approaches and system dynamics. Additionally, while most studies focus on the national level, the regional level is gaining momentum to illustrate the asymmetric effects of the transition. Second, a certain consensus has been detected to point out a positive, yet relatively small, impact of the transition on net employment and a negative effect on income distribution. Third, there is a scarcity of research about income dynamics, while studies on labour are blind to the effects of the transition on the quality of jobs, the evolution of working hours and gender. These gaps have inspired the elaboration of a research agenda that is presented at the end of the work. © 2020 Elsevier Ltd","Income distribution; Just energy transition; Labor; Low carbon economy","","Castile and Leon Education Council; MODESLOW; Spanish National Research, Development and Innovation Program; Horizon 2020 Framework Programme, H2020; Ministerio de Economía y Competitividad, MINECO, (ECO2017-85110-R); Ministerio de Economía y Competitividad, MINECO; European Social Fund, ESF; Horizon 2020, (821105); Horizon 2020","Funding text 1: The authors are thankful for the support of MODESLOW (Modelling and Simulation of scenarios towards a LOW-carbon transition: The Spanish case), a Spanish national research project funded under the Spanish National Research, Development and Innovation Program (Ministry of Economy and Competitiveness of Spain, ref. ECO2017-85110-R), and the LOCOMOTION project, funded by the European Union’s Horizon 2020 research and innovation programme under grant agreement no 821105. Pablo García-García also acknowledges financial support from a Pre-doctoral Research Fellowship of the Castile and Leon Education Council (Spain) and the European Social Fund. Finally, we thank Editor-in-Chief Dr Sovacool and four anonymous reviewers for their valuable suggestions.; Funding text 2: The authors are thankful for the support of MODESLOW (Modelling and Simulation of scenarios towards a LOW-carbon transition: The Spanish case), a Spanish national research project funded under the Spanish National Research, Development and Innovation Program (Ministry of Economy and Competitiveness of Spain, ref. ECO2017-85110-R), and the LOCOMOTION project, funded by the European Union's Horizon 2020 research and innovation programme under grant agreement no 821105. Pablo García-García also acknowledges financial support from a Pre-doctoral Research Fellowship of the Castile and Leon Education Council (Spain) and the European Social Fund. Finally, we thank Editor-in-Chief Dr Sovacool and four anonymous reviewers for their valuable suggestions.","Elsevier Ltd","Article","Scopus"
"Smith L.H., Jr.","Smith, Leroy H. (7410393271)","7410393271","Wake ingestion propulsion benefit","1993","Journal of Propulsion and Power","370","10.2514/3.11487","https://www.scopus.com/pages/publications/0027264322?origin=resultslist","GE Aircraft Engines, Cincinnati, OH, 45215, United States","Smith L.H., Jr., GE Aircraft Engines, Cincinnati, OH, 45215, United States","It is well-known that the efficiency of propulsion is improved if part or all of the propulsive fluid comes from the wake of the craft being propelled. In this article this propulsion benefit is quantified in terms of wake parameters and propulsor properties. The formulations apply directly to unducted fans or propellers, but the conclusions are also relevant to ducted propulsors. It is found that the power saving is greatest when the propulsor disk loading is high, when the wake form factor is high (flow near separation), and when the propulsor design is such that the wake profile tends to be flattened as it passes through the propulsor (high wake recovery). Examples are given showing that the benefit can be in the 20% range in some cases. Propeller design parameters that lead to high wake recovery are also given. © 1992 by the American Institute of Aeronautics and Astronautics, Inc. All rights reserved.","","Aircraft; Propellers; Wakes; Ducted propulsors; Propulsors; Unducted fans; Propulsion","","","","Article","Scopus"
"Hios J.D.; Fassois S.D.","Hios, J.D. (16177117500); Fassois, S.D. (7003850184)","16177117500; 7003850184","A global statistical model based approach for vibration response-only damage detection under various temperatures: A proof-of-concept study","2014","Mechanical Systems and Signal Processing","55","10.1016/j.ymssp.2014.02.005","https://www.scopus.com/pages/publications/84902546650?origin=resultslist","Stochastic Mechanical Systems and Automation (SMSA) Laboratory, Department of Mechanical Engineering and Aeronautics, University of Patras, GR 265 04 Patras, Greece; Plant Integrity Dpt, Doosan Babcock Ltd, Renfrew-PA4 8DJ, Porterfield Rd, United Kingdom","Hios J.D., Stochastic Mechanical Systems and Automation (SMSA) Laboratory, Department of Mechanical Engineering and Aeronautics, University of Patras, GR 265 04 Patras, Greece, Plant Integrity Dpt, Doosan Babcock Ltd, Renfrew-PA4 8DJ, Porterfield Rd, United Kingdom; Fassois S.D., Stochastic Mechanical Systems and Automation (SMSA) Laboratory, Department of Mechanical Engineering and Aeronautics, University of Patras, GR 265 04 Patras, Greece","The statistical damage detection in a composite beam structure operating under different temperatures is considered based on vibration response-only signals. For this purpose a novel stochastic global model approach is introduced based upon statistical hypothesis testing and identified Functionally Pooled models capable of describing the temperature-dependent dynamics. Two versions of the approach that use either modal or discrete-time model parameters are postulated. This is a proof-of-concept study in which the effectiveness of the approach is confirmed via laboratory experiments. Comparisons with alternative methods attempting removal of the temperature effects from the damage-sensitive features are also made. © 2014 Elsevier Ltd.","Functionally pooled models; Statistical damage detection; Stochastic global models; Structural health monitoring; Temperature effects; Vibration based methods","Damage detection; Stochastic systems; Structural health monitoring; Temperature; Testing; Thermal effects; Composite beam structures; Damage-sensitive features; Global models; Laboratory experiments; Statistical hypothesis testing; Statistical modeling; Temperature dependent; Vibration based methods; Stochastic models","","","Academic Press","Article","Scopus"
"Schmidt O.; Melchior S.; Hawkes A.; Staffell I.","Schmidt, Oliver (57206542334); Melchior, Sylvain (57205434404); Hawkes, Adam (13610020900); Staffell, Iain (23101313800)","57206542334; 57205434404; 13610020900; 23101313800","Projecting the Future Levelized Cost of Electricity Storage Technologies","2019","Joule","867","10.1016/j.joule.2018.12.008","https://www.scopus.com/pages/publications/85060038688?origin=resultslist","Imperial College London, Grantham Institute for Climate Change and the Environment, London, SW7 2AZ, United Kingdom; Centre for Environmental Policy, Imperial College London, London, SW7 1NE, United Kingdom; Imperial College London, Energy Futures Laboratory, London, SW7 2AZ, United Kingdom; Department of Chemical Engineering, Imperial College London, London, SW7 2AZ, United Kingdom","Schmidt O., Imperial College London, Grantham Institute for Climate Change and the Environment, London, SW7 2AZ, United Kingdom, Centre for Environmental Policy, Imperial College London, London, SW7 1NE, United Kingdom; Melchior S., Imperial College London, Energy Futures Laboratory, London, SW7 2AZ, United Kingdom; Hawkes A., Department of Chemical Engineering, Imperial College London, London, SW7 2AZ, United Kingdom; Staffell I., Centre for Environmental Policy, Imperial College London, London, SW7 1NE, United Kingdom","The future role of stationary electricity storage is perceived as highly uncertain. One reason is that most studies into the future cost of storage technologies focus on investment cost. An appropriate cost assessment must be based on the application-specific lifetime cost of storing electricity. We determine the levelized cost of storage (LCOS) for 9 technologies in 12 power system applications from 2015 to 2050 based on projected investment cost reductions and current performance parameters. We find that LCOS will reduce by one-third to one-half by 2030 and 2050, respectively, across the modeled applications, with lithium ion likely to become most cost efficient for nearly all stationary applications from 2030. Investments in alternative technologies may prove futile unless significant performance improvements can retain competitiveness with lithium ion. These insights increase transparency around the future competitiveness of electricity storage technologies and can help guide research, policy, and investment activities to ensure cost-efficient deployment. © 2018 Elsevier Inc.; Electricity storage is considered a key technology to enable low-carbon power systems. However, existing studies focus on investment cost. The future lifetime cost of different technologies (i.e., levelized cost of storage) that account for all relevant cost and performance parameters are still unexplored. This study projects application-specific lifetime cost for multiple electricity storage technologies. We find specialized technologies are unlikely to compete with lithium ion, apart from in long discharge applications. Their performance advantages do not outweigh the pace of lithium-ion cost reductions. These insights could affect business and research strategies for storage, shifting investments to performance improvements for alternative technologies or focusing it on lithium ion. This shows parallels to solar cells where first-generation crystalline cells still dominate, despite significant investments in alternative cell technologies that were expected to be cheaper. © 2018 Elsevier Inc.; This study determines the lifetime cost of 9 electricity storage technologies in 12 power system applications from 2015 to 2050. We find that lithium-ion batteries are most cost effective beyond 2030, apart from in long discharge applications. The performance advantages of alternative technologies do not outweigh the pace of lithium-ion cost reductions. Thus, investments in alternatives might be futile, unless performance improvements retain competitiveness with lithium ion. These insights increase transparency around the economic viability of electricity storage and can help guide research, policy, and investment activities to ensure cost-efficient deployment. © 2018 Elsevier Inc.","electrical energy storage; electricity storage competitiveness; future cost; levelized cost of storage; power; system applications","Competition; Cost effectiveness; Electric energy storage; Electric power systems; Investments; Ions; Lithium-ion batteries; Transparency; Electrical energy storages; Electricity storages; Levelized costs; power; System applications; competitiveness; cost analysis; electricity supply; energy policy; energy storage; investment; lithium; solar power; Cost reduction","Engineering and Physical Sciences Research Council, EPSRC, (EP/R045518/1); Engineering and Physical Sciences Research Council, EPSRC; Natural Environment Research Council, NERC, (NE/N018656/1); Natural Environment Research Council, NERC","O.S. would like to acknowledge support from the Grantham Institute at Imperial College for his PhD research. I.S. was funded by the Engineering and Physical Sciences Research Council through the IDLES programme ( EP/R045518/1 ). We would like to thank Ajay Gambhir and Robert Staffell for valuable feedback and proofreading. ","Cell Press","Article","Scopus"
"Khalid M.S.; Lin X.; Zhuo Y.; Kumar R.; Rafique M.K.","Khalid, Muhammad Shoaib (60805612200); Lin, Xiangning (7404513909); Zhuo, Yixin (56453967600); Kumar, Ramesh (57202998280); Rafique, Muhammad Kashif (57188763066)","60805612200; 7404513909; 56453967600; 57202998280; 57188763066","Impact of energy management of electric vehicles on transient voltage stability of microgrid","2015","World Electric Vehicle Journal","8","10.3390/wevj7040577","https://www.scopus.com/pages/publications/85042358327?origin=resultslist","School of Electrical and Electronics Engineering, Huazhong University of Science and Technology, 1037 Luoyu, Road, Wuhan, China; School of Electronics and Computer Engineering, Hanyang University, South Korea; School of Information and Communication Engineering, Sungkyunkwan University, South Korea","Khalid M.S., School of Electrical and Electronics Engineering, Huazhong University of Science and Technology, 1037 Luoyu, Road, Wuhan, China; Lin X., School of Electrical and Electronics Engineering, Huazhong University of Science and Technology, 1037 Luoyu, Road, Wuhan, China; Zhuo Y., School of Electrical and Electronics Engineering, Huazhong University of Science and Technology, 1037 Luoyu, Road, Wuhan, China; Kumar R., School of Electronics and Computer Engineering, Hanyang University, South Korea; Rafique M.K., School of Information and Communication Engineering, Sungkyunkwan University, South Korea","There is cause and effect relationship between increase in load due to increasing penetration of electric vehicles (EV) load that causes unbalanced conditions and affect the power quality such as voltage degradation and even damage the equipment if the system is not properly managed. This paper presents detailed review of energy supply and management in conjunction with load synchronization through EVs for maintaining transient voltage stability by providing reactive power support for the stability of power grid in vehicle-to-grid mode of operations. The energy management system is considered at different levels such as, stand-alone PV, stand-alone wind, stand-alone battery storage, stand-alone EV parking lot, residential feeder and commercial building feeders. First we proposed energy management algorithm, to limit the peak power drawn by EVs from distributed energy resources of microgrid, such that additional electrical resource will be transferred to resource constrained devices. The EVs negotiate based on their demand, priority and available electrical resource such that during higher electricity price the higher priority vehicles still require resource and perform uninterrupted operation. The transfer of electrical resource from one load device to another will help in reducing peak demand and improving the efficiency of the system. Secondly we proposed transient voltage stability margin index (TVSMI) to test the capability of EVs in contributing storage and supply services to the grid. The energy management control simulations are realized in DIgSILENT Power factory. © 2015 WEVA.","Ancillary services; Distribution network reliability; Energy management system; Vehicle-to-grid (V2G)","Charging (batteries); Electric power transmission networks; Electric vehicles; Energy management; Energy management systems; Energy resources; Office buildings; Power quality; Reactive power; Stability; Vehicle-to-grid; Ancillary service; Cause-and-effect relationships; Distributed Energy Resources; Energy management algorithms; Energy management controls; Resourceconstrained devices; Transient voltage stability; Vehicle to Grid (V2G); Transients","Doctoral Program of Higher Education Commission of Pakistan; National Natural Science Foundation of China, NSFC, (51207064, 51277082, 51277110); National Natural Science Foundation of China, NSFC; Natural Science Foundation of Hubei Province, (2012FFA075); Natural Science Foundation of Hubei Province; National Key Research and Development Program of China, NKRDPC, (2012CB215100); National Key Research and Development Program of China, NKRDPC; Specialized Research Fund for the Doctoral Program of Higher Education of China, SRFDP, (20110142110055); Specialized Research Fund for the Doctoral Program of Higher Education of China, SRFDP","This work was supported in part by National Natural Science Foundation of China (51277110), in part by National Natural Science Foundation of China (51277082), in part by the National Key Basic Research Program of China (973 Program) (2012CB215100), in part by the Research Fund for the Doctoral Program of Higher Education of China (20110142110055), in part by Natural Science Foundation of Hubei Province (2012FFA075), in part by National Nature Science Youth Foundation of China (51207064), in part by Huang He Ying Cai Funding of Wuhan and in part by Doctoral Program of Higher Education Commission of Pakistan (HRDI/UESTP).","AVERE","Article","Scopus"
"Perfect P.; Jump M.; White M.D.","Perfect, Philip (15832857200); Jump, Michael (10641124000); White, Mark D. (56315199000)","15832857200; 10641124000; 56315199000","Handling qualities requirements for future personal aerial vehicles","2015","Journal of Guidance, Control, and Dynamics","26","10.2514/1.G001073","https://www.scopus.com/pages/publications/84948392697?origin=resultslist","University of Liverpool, Liverpool, L69 3BX, United Kingdom","Perfect P., University of Liverpool, Liverpool, L69 3BX, United Kingdom; Jump M., University of Liverpool, Liverpool, L69 3BX, United Kingdom; White M.D., University of Liverpool, Liverpool, L69 3BX, United Kingdom","This paper describes research to develop handling qualities guidelines and criteria for a new category of aircraft: The personal aerial vehicle, which it is envisaged will demand no more skill to fly than that associated with driving a car today. Testing of concept personal aerial vehicle response types has been conducted with inexperienced ""pilots"" ranging from private pilot's license holders through to those with no prior flight experience. The objective was to identify, for varying levels of flying skill, the personal aerial vehicle response type requirements that will ensure safe and precise flight. Conventional rotorcraft response types such as ""rate command"", ""attitude command/attitude hold"" are unsuitable for likely personal aerial vehicle pilots. However, response types such as ""translational rate command"" and ""acceleration command, speed hold"" permit ""flight-naïve"" pilots to perform demanding tasks repeatably and with the required precision. © 2014 by the American Institute of Aeronautics and Astronautics, Inc. All rights reserved.","","Automobile drivers; Vehicles; Aerial vehicle; Handling quality; License-holders; Required precision; Antennas","European Commission, EC; Seventh Framework Programme, FP7; Seventh Framework Programme, FP7, (266470)","Funding text 1: Conventional HQ assessment procedures [1] assume that the assessed vehicle will be operated by a well trained and well motivated pilot. This means that existing HQ requirements and procedures will not necessarily be appropriate for a PAV, and there is therefore a need to develop and validate new criteria for the flight-na\u00EFve PAV pilot. The European Union Framework Programme 7 funded project myCopter [6] is addressing the requirement for autonomous flight technologies and HQ requirements for piloted flight. Previous myCopter research includes the development of a methodology through which HQ requirements for PAVs may be assessed [10,11]. This paper examines which PAV response type allows a flight-na\u00EFve pilot to perform hover and low-speed flight maneuvers to an acceptable level of precision in a safe and repeatable manner. Handling requirements for both benign and harsh environmental conditions are examined.; Funding text 2: The work reported in this paper is funded by the European Commission Framework Programme 7 (EC FP7) research funding mechanism under grant agreement 266470. The authors would like to thank all those who have participated in the simulation trials reported in this paper for their contributions to the research.","American Institute of Aeronautics and Astronautics Inc.","Article","Scopus"
"Kühnbach M.; Stute J.; Gnann T.; Wietschel M.; Marwitz S.; Klobasa M.","Kühnbach, Matthias (57203087162); Stute, Judith (57212460337); Gnann, Till (55693531100); Wietschel, Martin (6602655666); Marwitz, Simon (57195247962); Klobasa, Marian (24724619000)","57203087162; 57212460337; 55693531100; 6602655666; 57195247962; 24724619000","Impact of electric vehicles: Will German households pay less for electricity?","2020","Energy Strategy Reviews","32","10.1016/j.esr.2020.100568","https://www.scopus.com/pages/publications/85092349405?origin=resultslist","Fraunhofer Institute for Systems and Innovation Research ISI, Breslauer Strasse 48, Karlsruhe, 76139, Germany; Fraunhofer Institution for Energy Infrastructures and Geothermal Systems, Breslauer Strasse 48, Karlsruhe, 76139, Germany; TransnetBW GmbH, Osloer Str. 15-17, Stuttgart, 70173, Germany","Kühnbach M., Fraunhofer Institute for Systems and Innovation Research ISI, Breslauer Strasse 48, Karlsruhe, 76139, Germany; Stute J., Fraunhofer Institution for Energy Infrastructures and Geothermal Systems, Breslauer Strasse 48, Karlsruhe, 76139, Germany; Gnann T., Fraunhofer Institute for Systems and Innovation Research ISI, Breslauer Strasse 48, Karlsruhe, 76139, Germany; Wietschel M., Fraunhofer Institute for Systems and Innovation Research ISI, Breslauer Strasse 48, Karlsruhe, 76139, Germany; Marwitz S., TransnetBW GmbH, Osloer Str. 15-17, Stuttgart, 70173, Germany; Klobasa M., Fraunhofer Institute for Systems and Innovation Research ISI, Breslauer Strasse 48, Karlsruhe, 76139, Germany","High energy efficiencies imply that electric mobility is regarded as an important technological option to reduce greenhouse gas emissions from the transport sector. However, electric vehicles (EVs) also have impacts on electricity grids and electricity generation. Hence, this paper explores how private EVs affect residential electricity prices in Germany. We examine effects of EVs on electricity generation, the contribution of controlled charging and impacts on distribution grid grids. We show that in 2030, private EVs can reduce the electricity prices for households since at distribution grid level, the additional electricity demand increases the overall utilisation of the grid and lowers specific costs. Because the additional load of EVs leads to an increased usage of power plants with higher variable costs, there is the opposite effect on electricity generation costs, although limited by controlled charging. Overall, the effect of rising electricity generation costs is usually overcompensated by falling specific grid charges. © 2020 The Authors","Demand response modelling; Distribution grid expansion modelling; Electric vehicles; Household electricity price","Costs; Electric power generation; Electric power plants; Electric vehicles; Gas emissions; Greenhouse gases; Controlled charging; Electric Vehicles (EVs); Electricity demands; Electricity generation; Electricity generation cost; Electricity prices; High energy efficiency; Residential electricity; Electric power transmission networks","Fraunhofer Gesellschaft; German Federal Ministry for Economic Affairs and Energy, (01MZ18009A); Ministry for Economic Affairs, Labour and Housing Construction; Ministry for Economic Affairs, Labour and Housing Construction of the federal state of Baden-Württemberg","Funding text 1: This work was financially supported by the German Federal Ministry for Economic Affairs and Energy in the context of the project “LamA - charge at work” [grant number 01MZ18009A ]. We also performed a part of this work within the framework of the Profilregion Mobilitätssysteme Karlsruhe which is funded by the Ministry for Economic Affairs, Labour and Housing Construction of the federal state of Baden-Württemberg and as a national High Performance Center by the Fraunhofer Gesellschaft .; Funding text 2: This work was financially supported by the German Federal Ministry for Economic Affairs and Energy in the context of the project ?LamA - charge at work? [grant number 01MZ18009A]. We also performed a part of this work within the framework of the Profilregion Mobilit?tssysteme Karlsruhe which is funded by the Ministry for Economic Affairs, Labour and Housing Construction of the federal state of Baden-W?rttemberg and as a national High Performance Center by the Fraunhofer Gesellschaft.","Elsevier Ltd","Article","Scopus"
"Romero M.; Steinfeld A.","Romero, Manuel (55506446500); Steinfeld, Aldo (7103257674)","55506446500; 7103257674","Concentrating solar thermal power and thermochemical fuels","2012","Energy and Environmental Science","666","10.1039/c2ee21275g","https://www.scopus.com/pages/publications/84866367282?origin=resultslist","IMDEA Energy Institute, 28935 Mostoles, Avda. Ramon de la Sagra, 3, Spain; Department of Mechanical and Process Engineering, ETH Zurich, 8092 Zurich, Switzerland; Solar Technology Laboratory, Paul Scherrer Institute, 5232 Villigen PSI, Switzerland","Romero M., IMDEA Energy Institute, 28935 Mostoles, Avda. Ramon de la Sagra, 3, Spain; Steinfeld A., Department of Mechanical and Process Engineering, ETH Zurich, 8092 Zurich, Switzerland, Solar Technology Laboratory, Paul Scherrer Institute, 5232 Villigen PSI, Switzerland","Concentrated solar energy provides a virtually unlimited source of clean, non-polluting, high-temperature heat. This article reviews the underlying principles of concentrating solar radiation and describes the latest technological advances and future prospects of solar thermal power and thermochemical fuel production. © 2012 The Royal Society of Chemistry.","","Sun; Concentrated solar energy; Fuel production; Future prospects; High temperature; Solar thermal power; Technological advances; Underlying principles; advanced technology; renewable resource; solar power; solar radiation; thermal power; thermochemistry; Solar heating","","","","Review","Scopus"
"Amir M.; Khan S.Z.","Amir, Mohammad (57210089902); Khan, Sana Zubair (57226752837)","57210089902; 57226752837","Assessment of renewable energy: Status, challenges, COVID-19 impacts, opportunities, and sustainable energy solutions in Africa","2022","Energy and Built Environment","111","10.1016/j.enbenv.2021.03.002","https://www.scopus.com/pages/publications/85112249649?origin=resultslist","Department of Electrical Engineering, Faculty of Engineering and Technology, Jamia Millia Islamia (Central University), New Delhi, 110025, India; Amity Institute of Environmental Science (AIES), Amity University, Uttar Pradesh, Noida, 201313, India","Amir M., Department of Electrical Engineering, Faculty of Engineering and Technology, Jamia Millia Islamia (Central University), New Delhi, 110025, India; Khan S.Z., Amity Institute of Environmental Science (AIES), Amity University, Uttar Pradesh, Noida, 201313, India","Today's more focus and efforts are being put by all the energy leaders towards power generation using renewable energy resources. Fortunately, these resources are becoming affordable to facilitate a swift shift towards green and clean energy. Possible strategic assets are an add-on for all the developing nations in terms of economy. The technological advancement and power market revolution resulting in an adequate reduction of renewable energy cost and affordability. This paper mainly focusing on Covid-19 impacts in the African energy sector. Also, analyzing recent developments in African renewable energy generation that holds the immense capacity for improvisation. This paper highlighting the recommendations in response to the COVID-19 pandemic for the African renewable energy sector. This paper is a result of rigorous analysis based on major issues governing sustainable solutions for Africa. This review paper comes up with effective conclusions to address the challenges in the current pandemic situation. In Africa abundance of resources is found with huge potential for the generation of power. But still, Africa undergoing a phase of serious crises because they are not able to tap its huge capital of renewable energies. There is a subsequent need for power grid restructuring, energy storage technologies, and parallel mitigation of environmental factors with seasonal variations. Proposed review analysis bringing a better opportunity for all issues towards sustainable solutions, that will ease the renewable energy status in Africa. It is observed that there is an inevitable need to focus on having strong government policy frameworks and proper regulations. The various recommendations are required to swing towards renewable energy development. Combined efforts are required in luring foreign investments and to address feasible issues like setting-up targets. This paper demonstrated a smart energy system using a proposed machine learning-based framework for enhancing the PV forecasting and up-gradation in available technologies. © 2021","Artificial intelligence COVID-19; CO<sub>2</sub> emission; International Solar Alliance (ISA); Renewable Energy Resources (RER); Western Africa Power Pool","Artificial intelligence; Economics; Electric power transmission networks; Energy policy; Environmental technology; Investments; Renewable energy resources; Sustainable development; Artificial intelligence COVID-19; CO 2 emission; Energy status; Impact energy; International solar alliance; Power pools; Renewable energies; Renewable energy resource; Sustainable solution; Western africa power pool; COVID-19","International Renewable Energy Agency","Mohammad Amir\u2013 writing original draft, conceptualization, resources investigation, software, and data curation. Sana Zubair Khan\u2013 visualization, editing, and validation. This review study brought to light the opportunities associated with renewable energy developments and reduction of CO2 impacts in African Countries. All authors of this review paper have directly participated in the planning, execution, or analysis of this study. This research did not receive any specific grant from funding agencies in the public, commercial, or not-for-profit sectors. The authors are thankful to the International Renewable Energy Agency (IRENA), journal editor, and the anonymous reviewers for their insightful comments and suggestions which greatly improved the manuscript.","KeAi Communications Co.","Review","Scopus"
"Raoufi H.; Vahidinasab V.; Mehran K.","Raoufi, Habibollah (24484017600); Vahidinasab, Vahid (23483160600); Mehran, Kamyar (26029478200)","24484017600; 23483160600; 26029478200","Power systems resilience metrics: A comprehensive review of challenges and outlook","2020","Sustainability (Switzerland)","146","10.3390/su12229698","https://www.scopus.com/pages/publications/85096324673?origin=resultslist","Department of Electrical Engineering, Abbaspour School of Engineering, Shahid Beheshti University, Tehran, 19839-69411, Iran; School of Electronic Engineering and Computer Science, Queen Mary University of London, Mile End Road, London, E1 4FZ, United Kingdom","Raoufi H., Department of Electrical Engineering, Abbaspour School of Engineering, Shahid Beheshti University, Tehran, 19839-69411, Iran; Vahidinasab V., Department of Electrical Engineering, Abbaspour School of Engineering, Shahid Beheshti University, Tehran, 19839-69411, Iran; Mehran K., School of Electronic Engineering and Computer Science, Queen Mary University of London, Mile End Road, London, E1 4FZ, United Kingdom","Recently, there has been a focus on natural and man-made disasters with a high-impact low-frequency (HILF) property in electric power systems. A power system must be built with “resilience” or the ability to withstand, adapt and recover from disasters. The resilience metrics (RMs) are tools to measure the resilience level of a power system, normally employed for resilience cost–benefit in planning and operation. While numerous RMs have been presented in the power system literature; there is still a lack of comprehensive framework regarding the different types of the RMs in the electric power system, and existing frameworks have essential shortcomings. In this paper, after an extensive overview of the literature, a conceptual framework is suggested to identify the key variables, factors and ideas of RMs in power systems and define their relationships. The proposed framework is compared with the existing ones, and existing power system RMs are also allocated to the framework’s groups to validate the inclusivity and usefulness of the proposed framework, as a tool for academic and industrial researchers to choose the most appropriate RM in different power system problems and pinpoint the potential need for the future metrics. © 2020 by the authors. Licensee MDPI, Basel, Switzerland.","Disaster; Extreme event; Index; Metric; Power system; Resilience; Resiliency","conceptual framework; cost-benefit analysis; detection method; electrical power","","","MDPI","Review","Scopus"
"Farnoosh A.","Farnoosh, Arash (56089253100)","56089253100","Power generation from coal, oil, gas, and biofuels","2022","The Palgrave Handbook of International Energy Economics","21","10.1007/978-3-030-86884-0_6","https://www.scopus.com/pages/publications/105001375291?origin=resultslist","IFPEN, IFP School, Paris, France; SciencesPo-Paris School of International Affairs, Paris, France","Farnoosh A., IFPEN, IFP School, Paris, France, SciencesPo-Paris School of International Affairs, Paris, France","This chapter provides an introduction to the economics of electricity generation based on four different energy sources: coal, oil, natural gas, and biofuel. It covers the various technologies of power production and their key economics characteristics including CAPEX, OPEX, dispatchability, flexibility, location, and expected service life. The formula and calculations are provided for further analysis of power generation projects in view of optimizing the choice of technology. Some conclusions are drawn from comparative analysis of coal-, oil-, gas-, and biofuel-fired power generation units. © The Author(s) 2022. All rights reserved.","Coal power plants; Economic analysis; Electricity generation; Fossil fuel; Gas power plants; Thermal power plant; Total cost","","","","Springer International Publishing","Book chapter","Scopus"
"Long C.; Wu J.; Zhou Y.; Jenkins N.","Long, Chao (59794559700); Wu, Jianzhong (55713564500); Zhou, Yue (57188566933); Jenkins, Nick (57203175201)","59794559700; 55713564500; 57188566933; 57203175201","Peer-to-peer energy sharing through a two-stage aggregated battery control in a community Microgrid","2018","Applied Energy","517","10.1016/j.apenergy.2018.05.097","https://www.scopus.com/pages/publications/85047927871?origin=resultslist","Cardiff University, Cardiff, CF24 3AA, United Kingdom","Long C., Cardiff University, Cardiff, CF24 3AA, United Kingdom; Wu J., Cardiff University, Cardiff, CF24 3AA, United Kingdom; Zhou Y., Cardiff University, Cardiff, CF24 3AA, United Kingdom; Jenkins N., Cardiff University, Cardiff, CF24 3AA, United Kingdom","Peer-to-peer (P2P) energy sharing allows the surplus energy from distributed energy resources (DERs) to trade between prosumers in a community Microgrid. P2P energy sharing is being becoming more attractive than the conventional peer-to-grid (P2G) trading. However, intensive sensing and communication infrastructures are required either for information flows in a local market or for building a central control system. Moreover, the existing pricing mechanisms for P2P energy sharing could not ensure all the P2P participants gain economic benefits. This work proposed a two-stage aggregated control to realize P2P energy sharing in community Microgrids, where only the measurement at the point of common coupling (PCC) and one-way communication are required. This method allows individual prosumers to control their DERs via a third party entity, so called energy sharing coordinator (ESC). In the first stage, a constrained non-linear programming (CNLP) optimization with a rolling horizon was used to minimize the energy costs of the community. In the second stage, a rule based control was carried out updating the control set-points according to the real-time measurement. The benefits of P2P energy sharing were assessed from the community's as well as individual customers’ perspective. The proposed method was applied to residential community Microgrids with photovoltaic (PV) battery systems. It was revealed that P2P energy sharing is able to reduce the energy cost of the community by 30% compared to the conventional P2G energy trading. The modified supply demand ratio based pricing mechanism ensures every individual customer be better off, and can be used as a benchmark for any P2P energy sharing model. For consumers, the electricity bill is reduced by ∼12.4%, and for prosumers, the annual income is increased by ∼£57 per premises. © 2018 The Authors","Community energy system; Constrained non-linear programming (CNLP); Peer-to-peer energy sharing; PV battery system; Self-consumption; Two-stage aggregated control","Costs; Electric batteries; Electric fault currents; Energy resources; Microgrids; Nonlinear programming; Battery systems; Central control systems; Communication infrastructure; Community energy; Distributed Energy Resources; Energy sharings; Point of common coupling; Self-consumption; control system; demand analysis; economic analysis; energy efficiency; energy market; energy resource; energy use; fuel cell; linear programing; photovoltaic system; smart grid; Peer to peer networks","Llywodraeth Cymru; Horizon 2020 project P2P-SmartTest; Horizon 2020; Engineering and Physical Sciences Research Council, EPSRC, (EP/P003605/1); Engineering and Physical Sciences Research Council, EPSRC; Horizon 2020 Framework Programme, H2020, (646469); Horizon 2020 Framework Programme, H2020; European Regional Development Fund, FEDER, (EP/P003605/1); European Regional Development Fund, FEDER","This work was supported in part by the Horizon 2020 project P2P-SmartTest, \u2018Peer to Peer Smart Energy Distribution Networks\u2019 (under grant agreement No 646469 ), the Flexis project, \u2018 Flexible Integrated Energy Systems \u2019. Flexis is part-funded by the European Regional Development Fund (ERDF), through the Welsh Government, and JUICE project, \u2018Joint UK-India Clean Energy Centre\u2019 ( EP/P003605/1 ). The projects funders were not directly involved in the writing of this article. ","Elsevier Ltd","Article","Scopus"
"Kern T.; Dossow P.; von Roon S.","Kern, Timo (57195324026); Dossow, Patrick (57223921509); von Roon, Serafin (11840195900)","57195324026; 57223921509; 11840195900","Integrating bidirectionally chargeable electric vehicles into the electricity markets","2020","Energies","48","10.3390/en13215812","https://www.scopus.com/pages/publications/85105007122?origin=resultslist","Forschungsgesellschaft für Energiewirtschaft mbH (FfE), Munich, 80995, Germany; Department of Electrical and Computer Engineering, Technical University of Munich (TUM), Arcisstraße 21, München, 80333, Germany","Kern T., Forschungsgesellschaft für Energiewirtschaft mbH (FfE), Munich, 80995, Germany, Department of Electrical and Computer Engineering, Technical University of Munich (TUM), Arcisstraße 21, München, 80333, Germany; Dossow P., Forschungsgesellschaft für Energiewirtschaft mbH (FfE), Munich, 80995, Germany; von Roon S., Forschungsgesellschaft für Energiewirtschaft mbH (FfE), Munich, 80995, Germany","Replacing traditional internal combustion engine vehicles with electric vehicles (EVs) proves to be challenging for the transport sector, particularly due to the higher initial investment. As EVs could be more profitable by participating in the electricity markets, the aim of this paper is to investigate revenue potentials when marketing bidirectionally chargeable electric vehicles in the spot market. To simulate a realistic marketing behavior of electric vehicles, a mixed integer linear, rolling horizon optimization model is formulated considering real trading times in the day-ahead and intraday market. Results suggest that revenue potentials are strongly dependent on the EV pool, the user behavior and the regulatory framework. Modeled potential revenues of EVs of current average size marketed with 2019 German day-ahead prices are found to be at around 200 €/EV/a, which is comparable to other findings in literature, and go up to 500 €/EV/a for consecutive trading in German day-ahead and intraday markets. For future EVs with larger batteries and higher efficiencies, potential revenues for current market prices can reach up to 1300 €/EV/a. This study finds that revenues differ widely for different European countries and future perspectives. The identified revenues give EV owners a clear incentive to participate in vehicle-to-grid use cases, thereby increasing much needed flexibility for the energy system of the future. © 2020 by the authors. Licensee MDPI, Basel, Switzerland.","Bidirectionally chargeable electric vehicles; Continuous intraday trading; Day-ahead market; Intraday auction; Mixed integer linear optimization; Revenues potentials of EVs; Smart charging; Spot markets; Unmanaged charging; V2G","Behavioral research; Costs; Integer programming; Investments; Marketing; Power markets; Vehicles; Electric Vehicles (EVs); European Countries; Future perspectives; Internal combustion engine vehicles; Mixed integer linear; Regulatory frameworks; Rolling horizon optimization; Transport sectors; Vehicle-to-grid","Forschungsgesellschaft für Energiewirtschaft mbH; Bundesministerium für Wirtschaft und Energie, BMWi, (01MV18004C); Bundesministerium für Wirtschaft und Energie, BMWi","Funding: The described work is conducted within the project BCM by Forschungsgesellschaft für Energiewirtschaft mbH and funded by Bundesminsterium für Wirtschaft und Energie (BMWi) under the funding code 01MV18004C.","MDPI AG","Article","Scopus"
"Sun L.; Huang W.M.; Ding Z.; Zhao Y.; Wang C.C.; Purnawali H.; Tang C.","Sun, L. (56267098800); Huang, W.M. (7407906096); Ding, Z. (59106268600); Zhao, Y. (9846605400); Wang, C.C. (54796196100); Purnawali, H. (36620525000); Tang, C. (57219823207)","56267098800; 7407906096; 59106268600; 9846605400; 54796196100; 36620525000; 57219823207","Stimulus-responsive shape memory materials: A review","2012","Materials and Design","1090","10.1016/j.matdes.2011.04.065","https://www.scopus.com/pages/publications/80054011035?origin=resultslist","School of Civil Engineering, Shenyang Jianzhu University, Shenyang 110168, China; School of Mechanical and Aerospace Engineering, Nanyang Technological University, Singapore 639798, Singapore","Sun L., School of Civil Engineering, Shenyang Jianzhu University, Shenyang 110168, China; Huang W.M., School of Mechanical and Aerospace Engineering, Nanyang Technological University, Singapore 639798, Singapore; Ding Z., School of Mechanical and Aerospace Engineering, Nanyang Technological University, Singapore 639798, Singapore; Zhao Y., School of Mechanical and Aerospace Engineering, Nanyang Technological University, Singapore 639798, Singapore; Wang C.C., School of Mechanical and Aerospace Engineering, Nanyang Technological University, Singapore 639798, Singapore; Purnawali H., School of Mechanical and Aerospace Engineering, Nanyang Technological University, Singapore 639798, Singapore; Tang C., School of Mechanical and Aerospace Engineering, Nanyang Technological University, Singapore 639798, Singapore","Stimulus-responsive materials are able to response to a particular stimulus, such as, heat, chemical, and light. As such, they are smarter and more intelligent than ordinary materials. While in most stimulus-responsive materials, the result is limited to a change in their certain physical/chemical properties, stimulus-responsive shape memory materials (SMMs) are able to recover their original shape, after being quasi-plastically distorted. SMMs are ideal for an integrated intelligent system, in which ""The material is the machine"" that can sense and then generate reactive motion as pre-programmed. This paper presents a brief review on the current progress in stimuli-responsive SMMs, from recent development in traditional shape memory alloys (SMAs) and shape memory polymers (SMPs) to newly emerged shape memory hybrids (SMHs), which open the door for ordinary people to design their own SMMs in a do-it-yourself (DIY) manner. The focus of this review is on twofold, namely phenomena, in particular those newly observed ones, and novel applications with great potential at present and in near future. © 2011 Elsevier Ltd.","A. Multi-materials; E. Mechanical; E. Thermal","Functional polymers; Intelligent systems; Shape memory effect; E. Mechanical; E. Thermal; Integrated intelligent systems; Multi materials; Novel applications; Ordinary people; Reactive motions; Shape memory; Shape memory alloy; Shape memory polymers; Shape-memory materials; Stimuli-responsive; Materials","","","","Review","Scopus"
"Falter C.P.; Sizmann A.; Pitz-Paal R.","Falter, Christoph P. (36677302100); Sizmann, Andreas (59836597700); Pitz-Paal, Robert (55897757300)","36677302100; 59836597700; 55897757300","Modular reactor model for the solar thermochemical production of syngas incorporating counter-flow solid heat exchange","2015","Solar Energy","30","10.1016/j.solener.2015.10.042","https://www.scopus.com/pages/publications/84947460351?origin=resultslist","Bauhaus Luftfahrt, Willy-Messerschmitt-Straße 1, Ottobrunn, 85521, Germany; DLR, Institute of Solar Research, Linder Höhe, Köln, 51147, Germany","Falter C.P., Bauhaus Luftfahrt, Willy-Messerschmitt-Straße 1, Ottobrunn, 85521, Germany; Sizmann A., Bauhaus Luftfahrt, Willy-Messerschmitt-Straße 1, Ottobrunn, 85521, Germany; Pitz-Paal R., DLR, Institute of Solar Research, Linder Höhe, Köln, 51147, Germany","Recent progress in thermochemical reactor concepts, among them batch, particle and counter-rotating configurations, shows different approaches to heat recuperation and gas separation. An idealized physical analysis in search of best-efficiency potentials is required, that covers multiple degrees of freedom in configuration space from batch to quasi-continuous concepts. A modular and generic solar thermochemical reactor model is thus presented that describes two-step redox reactions of solid pieces of reactant moving in counter flow between reduction and oxidation chambers to produce CO and H2 from CO2 and H2O. Solid heat recuperation is implemented through radiation heat exchange between reduced and oxidized elements moving in opposite directions. The model can be adapted to a wide range of reactor concepts and is validated through a comparison of results with models presented in the recent literature. The model is demonstrated in an upper-bound performance analysis with an example of a ceria system, where a heat exchanger efficiency of about 80% is reached. Using the minimum thermodynamic energy for the vacuum pump and gas separation, the physical potential of cycle efficiency at the modeled temperatures at a reduction oxygen partial pressure of 10-3atm is 22% and may be increased to 33% at a partial pressure of 10-5atm. With assumptions on practical energy requirements the efficiency is reduced to 16% at 10-3atm. In order to quantify the dependence of the heat exchanger efficiency on internal heat transfer characteristics, heat propagation by radiation and conduction through the reactive material and insulation is modeled in an example case of a porous medium. This model provides the basis for future analyses of different reactor concepts including parameter studies of the number of heat exchanger chambers, the residence time and reaction temperatures. © 2015 Elsevier Ltd.","Heat recovery; Model; Redox cycle; Solar fuel","Carbon dioxide; Degrees of freedom (mechanics); Energy efficiency; Heat conduction; Heat transfer; Models; Porous materials; Redox reactions; Waste heat; Waste heat utilization; Heat exchanger efficiency; Internal heat transfer; Multiple degrees of freedom; Reaction temperature; REDOX cycles; Solar fuels; Thermo-chemical reactor; Thermochemical production; bioreactor; heat balance; insulation; numerical model; oxidation; oxide; partial pressure; performance assessment; solar radiation; temperature effect; thermodynamics; water; Heat exchangers","European Commission, EC; Seventh Framework Programme, FP7; Seventh Framework Programme, FP7, (285098); Seventh Framework Programme, FP7","The authors gratefully acknowledge the contribution of Valentin Batteiger and Arne Roth. The research leading to these results has received funding from the European Union Seventh Framework Program ( FP7/2007-2013 ) under grant agreement no. 285098 \u2212 Project SOLAR-JET.","Elsevier Ltd","Article","Scopus"
"Muñoz-Liesa J.; Royapoor M.; Cuerva E.; Gassó-Domingo S.; Gabarrell X.; Josa A.","Muñoz-Liesa, Joan (57213151590); Royapoor, Mohammad (56286243600); Cuerva, Eva (24470701700); Gassó-Domingo, Santiago (57223168329); Gabarrell, Xavier (57225052205); Josa, Alejandro (6603043206)","57213151590; 56286243600; 24470701700; 57223168329; 57225052205; 6603043206","Building-integrated greenhouses raise energy co-benefits through active ventilation systems","2022","Building and Environment","46","10.1016/j.buildenv.2021.108585","https://www.scopus.com/pages/publications/85120334825?origin=resultslist","Department of Civil and Environmental Engineering (DECA), School of Civil Engineering, Universitat Politècnica de Catalunya (UPC), Jordi Girona 1-3, Barcelona, Spain; National Centre for Energy Systems Integration (CESI), Newcastle University Newcastle upon Tyne, Urban Sciences Building, NE4 5TG, UK, United Kingdom; Department of Project and Construction Engineering (EPC), Group of Construction Research and Innovation (GRIC), Universitat Politècnica de Catalunya (UPC), Edifici H, Av. Diagonal, 647, Barcelona, Spain; Sostenipra Research Group (2017 SGR 1683), Institute of Environmental Science and Technology (ICTA;, «María de Maeztu» Units of Excellence (CEX2019-000940-M)), Universitat Autònoma de Barcelona (UAB), Bellaterra, Barcelona, 08193, Spain; Department of Chemical, Biological and Environmental Engineering, Universitat Autònoma de Barcelona (UAB), Bellaterra, Barcelona, 08193, Spain","Muñoz-Liesa J., Department of Civil and Environmental Engineering (DECA), School of Civil Engineering, Universitat Politècnica de Catalunya (UPC), Jordi Girona 1-3, Barcelona, Spain; Royapoor M., National Centre for Energy Systems Integration (CESI), Newcastle University Newcastle upon Tyne, Urban Sciences Building, NE4 5TG, UK, United Kingdom; Cuerva E., Department of Project and Construction Engineering (EPC), Group of Construction Research and Innovation (GRIC), Universitat Politècnica de Catalunya (UPC), Edifici H, Av. Diagonal, 647, Barcelona, Spain; Gassó-Domingo S., Department of Project and Construction Engineering (EPC), Group of Construction Research and Innovation (GRIC), Universitat Politècnica de Catalunya (UPC), Edifici H, Av. Diagonal, 647, Barcelona, Spain; Gabarrell X., Sostenipra Research Group (2017 SGR 1683), Institute of Environmental Science and Technology (ICTA;, «María de Maeztu» Units of Excellence (CEX2019-000940-M)), Universitat Autònoma de Barcelona (UAB), Bellaterra, Barcelona, 08193, Spain, Department of Chemical, Biological and Environmental Engineering, Universitat Autònoma de Barcelona (UAB), Bellaterra, Barcelona, 08193, Spain; Josa A., Department of Civil and Environmental Engineering (DECA), School of Civil Engineering, Universitat Politècnica de Catalunya (UPC), Jordi Girona 1-3, Barcelona, Spain","Buildings and greenhouses consume vast amounts of energy and natural resources for heating and ventilation. It is still unclear how the synergetic effect of combining greenhouses and buildings' forced waste airflows could improve both systems' energy efficiency. This study quantified the energy recovery potential of exchanging airflows in a rooftop greenhouse (iRTG) integrated with an office building HVAC system in a Mediterranean climate. Using monitored and calibrated energy model data, the results showed that the iRTG can act as a solar collector and as a sink for a building's low-grade waste heat. The magnitude of harvested thermal energy that could be recirculated into the building by the integrated HVAC system was 205.2 kWh/m2y−1 and was limited by greenhouse low transmissivity (54%). The magnitude of building exhaust air was 198 kWh/m2y−1 at temperatures sufficient to heat and cool the iRTG. Compared to a passive ventilated configuration, the integration of active ventilation strategies doubled the energy benefits. Building ventilation requirements directly determined building and greenhouse waste flows and energy benefits, which increased by 63.1% when air changes per hour moved from 1.59 to 3.16. Overall, this demonstrates that greenhouse and building functionalities could be coupled to contribute to urban circularity and sustainability. © 2021 The Authors","Circular economy; Energy efficiency; HVAC systems; Industrial ecology; Rooftop greenhouses; Urban agriculture","Agriculture; Energy efficiency; Greenhouse effect; Office buildings; Ventilation; Waste heat; Building integrated; Circular economy; Cobenefits; Energy; Energy benefits; HVAC system; Industrial ecology; Rooftop greenhouse; Urban agricultures; Ventilation systems; building; energy efficiency; greenhouse ecosystem; roof; solar power; thermal power; transmissivity; urban agriculture; ventilation; Greenhouses","Universitat Polit?cnica de Catalunya; Engineering and Physical Sciences Research Council, EPSRC, (EP/P001173/1); Generalitat de Catalunya, (FI-DGR 2020); Ministerio de Ciencia, Innovación y Universidades, MCIU, (CEX2019-000940-M); Secretaria d'Universitats i Recerca del Departament de Recerca i Universitats de la Generalitat de Catalunya, (AGAU 2020 PANDE 00021)","Funding text 1: The authors are grateful to the Secretaria d'Universitats i Recerca del Departament d'Economia i Coneixement de la Generalitat de Catalunya (Catalonia) for the award of a research scholarship (FI-DGR 2020) to Joan Mu?oz-Liesa. Authors also acknowledge financial support from the Secretaria d'Universitats i Recerca del Departament de Recerca i Universitats de la Generalitat de Catalunya for the grant awarded under AGAU 2020 PANDE 00021 and the Spanish Ministry of Science, Innovation and Universities, through the ?Mar?a de Maeztu? program for Units of Excellence in R&D [CEX2019-000940-M]. This work was additionally enabled by the C?tedra JG Ingenieros ? Universitat Polit?cnica de Catalunya and the UK Engineering and Physical Sciences Research Council grant EP/P001173/1. Authors are also grateful to Elisa L?pez-Capel, Sostenipra research group and ICTA-UAB staff for the very valuable support, advice and help.; Funding text 2: The authors are grateful to the Secretaria d'Universitats i Recerca del Departament d'Economia i Coneixement de la Generalitat de Catalunya (Catalonia) for the award of a research scholarship (FI-DGR 2020) to Joan Mu\u00F1oz-Liesa. Authors also acknowledge financial support from the Secretaria d'Universitats i Recerca del Departament de Recerca i Universitats de la Generalitat de Catalunya for the grant awarded under AGAU 2020 PANDE 00021 and the Spanish Ministry of Science, Innovation and Universities , through the \u201CMar\u00EDa de Maeztu\u201D program for Units of Excellence in R&D [CEX2019-000940-M]. This work was additionally enabled by the C\u00E0tedra JG Ingenieros \u2013 Universitat Polit\u00E8cnica de Catalunya and the UK Engineering and Physical Sciences Research Council grant EP /P001173/1. Authors are also grateful to Elisa L\u00F3pez-Capel, Sostenipra research group and ICTA- UAB staff for the very valuable support, advice and help. ","Elsevier Ltd","Article","Scopus"
"Jangam S.V.; Mujumdar A.S.; Adhikari B.","Jangam, S.V. (24721782900); Mujumdar, A.S. (57195520301); Adhikari, B. (7006252058)","24721782900; 57195520301; 7006252058","Drying: Physical and Structural Changes","2015","Encyclopedia of Food and Health","6","10.1016/B978-0-12-384947-2.00241-5","https://www.scopus.com/pages/publications/85042833491?origin=resultslist","National University of Singapore, Singapore; McGill University, Ste-Anne-de-Bellevue, QC, Canada; RMIT University, Melbourne, VIC, Australia","Jangam S.V., National University of Singapore, Singapore; Mujumdar A.S., McGill University, Ste-Anne-de-Bellevue, QC, Canada; Adhikari B., RMIT University, Melbourne, VIC, Australia","Drying of solids involves complex coupling of transient transport phenomena with material science. The objective of any drying operation is not just to remove water (or any liquid) as rapidly as possible but to do so while ensuring that the desired dried product specifications are met. Typically, constraints of quality override the best conditions for heat and mass transfer. More often than not, the physical structure of the dried product is one of the key quality requirements.For food materials, physical structure affects not only the rehydration ability but also the shape, texture, appearance, and strength of the product. The structure is affected by nearly all of the dryer parameters and operating conditions employed for any given material. Thus, the dryer type and operating variables like temperature, humidity, drying medium used, mode of heat transfer, operating pressure, and rate of drying can affect the development of structure and even the shape of the product. It is not possible to make quantitative generalizations about the effect of various parameters on the structure of a given product in a specific dryer type. Some qualitative generalizations can be made for some products. This brief article will attempt to summarize the more commonly known effects for select food materials. © 2016 Elsevier Ltd. All rights reserved.","Dryer types; Drying conditions; Microstructure; Physical changes; Shrinkage; Texture","","","","Elsevier Inc.","Book chapter","Scopus"
"Peeters D.; Abdallah M.","Peeters, Daniël (56045551600); Abdallah, Mostafa (51563182600)","56045551600; 51563182600","Optimisation of variable stiffness composites with ply drops","2015","56th AIAA/ASCE/AHS/ASC Structures, Structural Dynamics, and Materials Conference","5","10.2514/6.2015-0450","https://www.scopus.com/pages/publications/85087238490?origin=resultslist","Delft University of Technology, Aerospace Structures and Computational Mechanics, Kluyverweg 1, Delft, 2629 HS, Netherlands","Peeters D., Delft University of Technology, Aerospace Structures and Computational Mechanics, Kluyverweg 1, Delft, 2629 HS, Netherlands; Abdallah M., Delft University of Technology, Aerospace Structures and Computational Mechanics, Kluyverweg 1, Delft, 2629 HS, Netherlands","A method to optimise ply drop locations in composite laminates is developed using ideas from topology optimisation. The design is parametrised using an angle and fictitious density distribution for each ply. The solution proceeds using a successive conservative convex approximations strategy. The structural responses are approximated separately in terms of an angle and fictitious density distributions of each ply. Explicit penalisation of intermediate densities is used to force the densities to either one (ply coverage) or zero (no coverage). Ply drop locations are identified as the boundary between regions having densities near ones and zeros. The ply drop optimisation is combined with fibre angle optimisation by alternating the optimisation between each set of variables. Optimised variable stiffness, variable thickness composite laminates are obtained. Initial results show that large improvements in buckling load of flat plates can be obtained by combining ply drop and angle optimisation. © American Institute of Aeronautics and Astronautics Inc. All rights reserved.","","Laminated composites; Stiffness; Structural dynamics; Composite laminate; Convex approximation; Density distributions; Intermediate densities; Structural response; Topology optimisation; Variable stiffness; Variable thickness; Drops","","","American Institute of Aeronautics and Astronautics Inc.","Conference paper","Scopus"
"Zulianello M.; Angelucci V.; Moneta D.","Zulianello, Matteo (57219801577); Angelucci, Valerio (57205504471); Moneta, Diana (23009119100)","57219801577; 57205504471; 23009119100","Energy Community and Collective Self Consumption in Italy","2020","UPEC 2020 - 2020 55th International Universities Power Engineering Conference, Proceedings","23","10.1109/UPEC49904.2020.9209893","https://www.scopus.com/pages/publications/85095605330?origin=resultslist","Ricerca sul Sistema Energetico-RSE S.p.A., Dipartimento Sviluppo Sistemi Energetici, Milan, Italy","Zulianello M., Ricerca sul Sistema Energetico-RSE S.p.A., Dipartimento Sviluppo Sistemi Energetici, Milan, Italy; Angelucci V., Ricerca sul Sistema Energetico-RSE S.p.A., Dipartimento Sviluppo Sistemi Energetici, Milan, Italy; Moneta D., Ricerca sul Sistema Energetico-RSE S.p.A., Dipartimento Sviluppo Sistemi Energetici, Milan, Italy","The growth of renewable energy sources in the European energy market is one of the most important objectives to foster the transition to a more sustainable society. The Clean Energy for All European Package entrust citizens with a leading and active role in the energy policies of the European Union and its Member States. It must also be noted that this legislative framework, for the first time, does not only focus on the role of the individual citizen but also on citizens who carry out energy generation, sharing and consumption in a collective form.The paper highlights how Energy Communities have been introduced in the European legislation, identifying the distinctive elements of the Renewables Energy Communities (RECs) defined by Directive 2018/2001 (RED II) on the promotion of the use of energy from renewable sources, and the Citizens Energy Communities (CECs) defined by Directive 2019/944 (IEM) on common rules for the internal market for electricity. Then, the paper focuses in detail on the Italian context, describing the law that implemented a partial and anticipated transposition of the RED II Directive and the open questions to be answered in view of the full transposition of the Directives. © 2020 IEEE.","Collective Self-Consumption; Energy Community; IEM Directive; law 8/2020 (IT); RED II Directive","Commerce; Renewable energy resources; Energy from renewable sources; Energy generations; Energy markets; European legislation; European union; Legislative frameworks; Renewable energy source; Sustainable society; Laws and legislation","Italian Electrical System","This work has been financed by the Research Fund for the Italian Electrical System in compliance with the Decree of Minister of Economic Development April 16, 2018..","Institute of Electrical and Electronics Engineers Inc.","Conference paper","Scopus"
"Duran I.; Moreau S.","Duran, Ignacio (55550033200); Moreau, Stephane (7005625377)","55550033200; 7005625377","Solution of the quasi-one-dimensional linearized Euler equations using flow invariants and the Magnus expansion","2013","Journal of Fluid Mechanics","173","10.1017/jfm.2013.118","https://www.scopus.com/pages/publications/84876244437?origin=resultslist","CERFACS, 31057 Toulouse, 42 Avenue Gaspard Coriolis, France; Université de Sherbrooke, Sherbrooke, QC J1K 2R1, Canada","Duran I., CERFACS, 31057 Toulouse, 42 Avenue Gaspard Coriolis, France; Moreau S., Université de Sherbrooke, Sherbrooke, QC J1K 2R1, Canada","The acoustic and entropy transfer functions of quasi-one-dimensional nozzles are studied analytically for both subsonic and choked flows with and without shock waves. The present analytical study extends both the compact nozzle solution obtained by Marble & Candel (J. Sound Vib., vol. 55, 1977, pp. 225-243) and the effective nozzle length proposed by Stow, Dowling & Hynes (J. Fluid Mech., vol. 467, 2002, pp. 215-239) and by Goh & Morgans (J. Sound Vib., vol. 330, 2011, pp. 5184-5198) to non-zero frequencies for both modulus and phase through an asymptotic expansion of the linearized Euler equations. It also extends the piecewise-linear approximation of the velocity profile in the nozzle proposed by Moase, Brear & Manzie (J. Fluid Mech., vol. 585, 2007, pp. 281-304) to any arbitrary profile or equivalently any nozzle geometry. The equations are written as a function of three variables, namely the dimensionless mass, total temperature and entropy fluctuations, yielding a first-order linear system of differential equations with varying coefficients, which is solved using the Magnus expansion. The solution shows that both the modulus and the phase of the transfer functions of the nozzle have a strong dependence on the frequency. This holds for both choked flows and subsonic converging-diverging nozzles. The method is used to compare two different nozzle geometries with the same inlet and outlet Mach numbers, showing that, even if the compact solution predicts no differences between the transfer functions of the two nozzles, significant differences are found at non-zero frequencies. A parametric study is finally performed to calculate the indirect to direct noise ratio for a model combustor, showing that this ratio decreases at higher frequencies. © 2013 Cambridge University Press.","acoustics; aeroacoustics","Acoustics; Aeroacoustics; Entropy; Euler equations; Linear systems; Linearization; Nozzles; Piecewise linear techniques; Shock waves; Subsonic flow; Asymptotic expansion; Converging-diverging nozzles; Entropy fluctuations; Linearized EUler equation; Piecewise linear approximations; Quasi-one dimensional; System of differential equations; Varying coefficients; acoustics; energy flow; entropy; Eulerian analysis; one-dimensional modeling; shock wave; velocity profile; Transfer functions","","","Cambridge University Press","Article","Scopus"
"Yin S.; Xia J.; Jiang Y.","Yin, Shunyong (57212877891); Xia, Jianjun (7402327399); Jiang, Yi (56332860700)","57212877891; 7402327399; 56332860700","Characteristics analysis of the heat-to-power ratio from the supply and demand sides of cities in northern China","2020","Energies","17","10.3390/en13010242","https://www.scopus.com/pages/publications/85077462484?origin=resultslist","Building Energy Research Center, Tsinghua University, Haidian District, Beijing, 100084, China","Yin S., Building Energy Research Center, Tsinghua University, Haidian District, Beijing, 100084, China; Xia J., Building Energy Research Center, Tsinghua University, Haidian District, Beijing, 100084, China; Jiang Y., Building Energy Research Center, Tsinghua University, Haidian District, Beijing, 100084, China","Combined heat and power (CHP), an efficient heating method with cascades use of energy, accounts for approximately 50% of the heat sources in northern China. Many researchers have made significant efforts to improve its energy efficiency and environmental effects with important achievements. Given that the system produces heat and electricity at the same time, this study focuses on the role of CHP in the holistic urban energy system and points out the mismatch between the demand and supply sides of urban energy systems by using the heat-to-power ratio as a parameter. The calculation method and characteristics of the supply side heat-to-power ratio of eight heating methods and the maximum demand side heat-to-power ratio for 19 cities in northern China are displayed. After the analysis, it is concluded that (1) the maximum demand side heat-to-power ratio in the cities varies from 1.0 to 5.9, which is affected by the location and social, economic, and industrial structures. (2) In most of the cities, with the current energy structure, the demand side heat-to-power ratios are always larger than the supply side heat-to-power ratios. (3) The reduction in heating demand, surplus heat recovery, and the use of a highly efficient electric heating method, such as the heat pump, can help solve the mismatch of the heat-to-power ratio between the demand and supply sides. These conclusions can guide the urban energy planning and system construction. © 2020 by the authors. Licensee MDPI, Basel, Switzerland. This article is an open access article distributed under the terms and conditions of the Creative Commons Attribution (CC BY) license (http://creativecommons.org/licenses/by/4.0/).","Heat-to-power ratio; Northern China; Supply and demand side; Urban energy system","Energy efficiency; Heating; Power generation; Waste heat; Characteristics analysis; Combined heat and power; Industrial structures; Northern China; Power ratio; Supply and demand; Urban energy planning; Urban energy systems; Economics","National Natural Science Foundation of China, NSFC, (51521005); National Natural Science Foundation of China, NSFC; National Key Research and Development Program of China, NKRDPC, (2018YFC0704600); National Key Research and Development Program of China, NKRDPC","Funding: This research was funded by the National Key Technology R&D Program of China “Optimization technology for urban new district planning and design” (Grant no. 2018YFC0704600) and the Natural Science Foundation of China (grant no. 51521005).","MDPI AG","Article","Scopus"
"Swoboda M.; Nitsche W.","Swoboda, M. (6701676121); Nitsche, W. (7003404168)","6701676121; 7003404168","Shock boundary-layer interaction on transonic airfoils for laminar and turbulent flow","1996","Journal of Aircraft","33","10.2514/3.46909","https://www.scopus.com/pages/publications/0029720355?origin=resultslist","Technical University of Berlin, D-10587 Berlin, Germany; BMW Rolls Royce, D-15827 Dahlewitz, Eschenweg 11, Germany; Dept. of Aero. and Astronautics, Marchstr. 14","Swoboda M., Technical University of Berlin, D-10587 Berlin, Germany, BMW Rolls Royce, D-15827 Dahlewitz, Eschenweg 11, Germany; Nitsche W., Technical University of Berlin, D-10587 Berlin, Germany, Dept. of Aero. and Astronautics, Marchstr. 14","This article deals with the interaction between shocks and the boundary layer in a transonic airfoil flow. Here, examining comparatively the shock boundary-layer interaction in a laminar boundary layer as well as in a fully turbulent one was the main focus of interest. The experimental investigations were carried out in the transonic wind tunnel of the Technical University of Berlin. Apart from conventional time-averaging measuring techniques such as schlieren photography, Laser-2-Focus anemometry, pressure measurement, and visualization, two unsteady measuring techniques were used for investigating the dynamic effects associated with the shock boundary-layer interference. The first unsteady measuring technique concerns a new type of highly sensitive piezoreceivers and in the second technique a piezofoil array was mounted on the airfoil model. The conventional techniques already show decisive differences in the whole flowfield for the cases mentioned. At the same freestream Mach number, the position of the shock is always located further downstream for free transition. These phenomena mainly result from the development of local flow separation regions, which, on their part and with regard to their expansion and structure, strongly depend on the type of the boundary-layer flow. The unsteady measuring techniques were used to detect details in the separation regions and to determine the position of transition in the case of laminar flow. These two phenomena have a decisive influence on the global flowfield as well as on the shock boundary-layer interaction.","","Anemometers; Boundary layers; Flow interactions; Flow visualization; Laminar flow; Pressure measurement; Schlieren systems; Transonic flow; Turbulent flow; Wind tunnels; Shock boundary layer interaction; Transonic airfoils; Airfoils","","","American Inst. Aeronautics and Astronautics Inc.","Article","Scopus"
"Reichel T.G.; Terhaar S.; Paschereit O.","Reichel, Thoralf G. (55349508300); Terhaar, Steffen (55326888900); Paschereit, Oliver (6603662747)","55349508300; 55326888900; 6603662747","Increasing Flashback Resistance in Lean Premixed Swirl-Stabilized Hydrogen Combustion by Axial Air Injection","2015","Journal of Engineering for Gas Turbines and Power","117","10.1115/1.4029119","https://www.scopus.com/pages/publications/84940543780?origin=resultslist","Department of Fluid Dynamics, Hermann-Föttinger-Institut, Technische Universität Berlin, Müller-Breslau-Str. 8, Berlin, 10623, Germany","Reichel T.G., Department of Fluid Dynamics, Hermann-Föttinger-Institut, Technische Universität Berlin, Müller-Breslau-Str. 8, Berlin, 10623, Germany; Terhaar S., Department of Fluid Dynamics, Hermann-Föttinger-Institut, Technische Universität Berlin, Müller-Breslau-Str. 8, Berlin, 10623, Germany; Paschereit O., Department of Fluid Dynamics, Hermann-Föttinger-Institut, Technische Universität Berlin, Müller-Breslau-Str. 8, Berlin, 10623, Germany","Since lean premixed combustion allows for fuel-efficiency and low emissions, it is nowadays state of the art in stationary gas turbines. In the long term, it is also a promising approach for aero engines, when safety issues like lean blowout (LBO) and flame flashback in the premixer can be overcome. While for the use of hydrogen the LBO limits are extended, the flashback propensity is increased. Thus, axial air injection is applied in order to eliminate flashback in a swirl-stabilized combustor burning premixed hydrogen. Axial injection constitutes a nonswirling jet on the central axis of the radial swirl generator which influences the vortex breakdown (VB) position. In the present work, changes in the flow field and their impact on flashback limits of a model combustor are evaluated. First, a parametric study is conducted under isothermal test conditions in a water tunnel employing particle image velocimetry (PIV). The varied parameters are the amount of axially injected air and swirl number. Subsequently, flashback safety is evaluated in the presence of axial air injection in an atmospheric combustor test rig and a stability map is recorded. The flame structure is measured using high-speed OH∗ chemiluminescence imaging. Simultaneous high-speed PIV measurements of the reacting flow provide insight in the time-resolved reacting flow field and indicate the flame location by evaluating the Mie scattering of the raw PIV images by means of the qualitative light sheet (QLS) technique. The isothermal tests identify the potential of axial air injection to overcome the axial velocity deficits at the nozzle outlet, which is considered crucial in order to provide flashback safety. This effect of axial air injection is shown to prevail in the presence of a flame. Generally, flashback safety is shown to benefit from an elevated amount of axial air injection and a lower swirl number. Note that the latter also leads to increased NOx emissions, while axial air injection does not. Additionally, fuel momentum is indicated to positively influence flashback resistance, although based on a different mechanism, an explanation of which is suggested. In summary, flashback-proof operation of the burner with a high amount of axial air injection is achieved on the whole operating range of the test rig at inlet temperatures of 620 K and up to stoichiometric conditions while maintaining single digit NOx emissions below a flame temperature of 2000 K. Copyright © 2015 by ASME.","","Air; Aircraft engines; Combustors; Fighter aircraft; Flow fields; Gas emissions; Gas turbines; Isotherms; Velocity measurement; Atmospheric combustor; Chemiluminescence imaging; Different mechanisms; Hydrogen combustion; Lean premixed combustion; Particle image velocimetries; Reacting flow field; Stationary gas turbines; Combustion","European Research Council, (247322)","","American Society of Mechanical Engineers (ASME)","Article","Scopus"
"Lee S.-J.; Lim S.-I.; Ahn B.-S.","Lee, Seung-Jae (56898144500); Lim, Seong-Il (35264654600); Ahn, Bok-Shin (7202791561)","56898144500; 35264654600; 7202791561","Service restoration of primary distribution systems based on fuzzy evaluation of multi-criteria","1998","IEEE Transactions on Power Systems","162","10.1109/59.709114","https://www.scopus.com/pages/publications/0032139089?origin=resultslist","Member Dept. of Electrical, Eng. Myongji University, Yongin, 449-728, South Korea; Korea Electric Power Research Institute, Taecheon, South Korea; LG Industrial Systems Co., Anyang, South Korea","Lee S.-J., Member Dept. of Electrical, Eng. Myongji University, Yongin, 449-728, South Korea, Korea Electric Power Research Institute, Taecheon, South Korea, LG Industrial Systems Co., Anyang, South Korea; Lim S.-I., Member Dept. of Electrical, Eng. Myongji University, Yongin, 449-728, South Korea; Ahn B.-S., Member Dept. of Electrical, Eng. Myongji University, Yongin, 449-728, South Korea","Due to many conflicting goals, the service restoration problem is a multiple-criteria decision making problem. This paper proposes a new restoration strategy consisting of two steps: Candidate Set Generation and Fuzzy Decision Making, which can generate the most preferable plan. The object-oriented paradigm has been adopted in development of the system and three models - object model, functional model, dynamic model - have been designed. The test results have shown the effectivess of the proposed method. © 1997 IEEE.","Distribution automation; Distribution systems; Fuzzy decision making; Service restoration","Computer simulation; Decision making; Fuzzy sets; Object oriented programming; Distribution automation systems (DAS); Service restoration; Electric power distribution","","","","Article","Scopus"
"Weber T.; Blakers A.; Firnando Silalahi D.; Catchpole K.; Nadolny A.","Weber, Timothy (58803556600); Blakers, Andrew (7003620441); Firnando Silalahi, David (58988736200); Catchpole, Kylie (6701769144); Nadolny, Anna (56200255700)","58803556600; 7003620441; 58988736200; 6701769144; 56200255700","Grids dominated by solar and pumped hydro in wind-constrained sunbelt countries","2024","Energy Conversion and Management","19","10.1016/j.enconman.2024.118354","https://www.scopus.com/pages/publications/85190505432?origin=resultslist","The Australian National University, Canberra, 2601, ACT, Australia","Weber T., The Australian National University, Canberra, 2601, ACT, Australia; Blakers A., The Australian National University, Canberra, 2601, ACT, Australia; Firnando Silalahi D., The Australian National University, Canberra, 2601, ACT, Australia; Catchpole K., The Australian National University, Canberra, 2601, ACT, Australia; Nadolny A., The Australian National University, Canberra, 2601, ACT, Australia","Three-quarters of the global population lives in the sunbelt region (±35o latitude) with excellent access to solar resources. Wind resources at the equator are very limited, while supply chain and permitting delays are slowing wind deployment at a global scale. This paper investigates the potential for solar photovoltaic-dominant 100% renewable grids to be developed in sunbelt countries through a case study of Malaysia. It was expected that the technical potential for solar photovoltaics and off-river pumped hydro would be far in excess of what is required to decarbonise Malaysia's electricity grids. A Geographic Information System analysis determined that Malaysia has the potential to deploy approximately 8.5 Terawatts of terrestrial photovoltaics and 25 Terawatts of marine floating solar on calm oceans. There are roughly 450 Terawatt-hours of energy storage available in the form of off-river (closed-loop) pumped hydro energy storage. A least-cost, 16-year hourly energy balance model was used to determine that an affluent, fully electrified, highly interconnected Malaysia could greatly reduce emissions through the deployment of 660 Gigawatts of photovoltaics and 2200 Gigawatt-hours of pumped hydro, supported by small amounts of hydrogen-based gas peaking. All-in costs for such a fully decarbonised energy system were modelled to be in the range of 95–103 USD per Megawatt-hour. A Sarawak-Peninsular Malaysia interconnected grid could produce a similar electricity cost to two separate grids while reducing the long-term energy storage needs by approximately 33%. Inclusion of about 3 Terawatt-hours (0.1% of average annual generation at 20 Megawatt-hours/capita/year demand) of hydrogen, synthetic methane, or legacy fossil fuels could further reduce long-term energy storage needs by about 30% by helping to ride through occasional prolonged cloudy periods. Policymakers in sunbelt countries should be highly sceptical of technical potential estimates that suggest limited area for solar photovoltaics. Sunbelt countries can comfortably proceed with the development of cheap, reliable solar-dominant grids primarily supported by pumped hydro energy storage and inter-regional transmission. © 2024 The Author(s)","100% renewables; Hydrogen; Malaysia; Pumped hydro; Solar photovoltaics; Sunbelt","Cost reduction; Electric energy storage; Gas emissions; Hydro energy; Hydrogen storage; Pumped storage power plants; Solar concentrators; Solar energy; Solar power generation; Supply chains; Wind power; 100% renewables; Malaysia; Photovoltaics; Pumped hydro; Pumped-hydro energy storages; Renewables; Solar photovoltaics; Sun belts; Technical potential; Terawatt; Fossil fuels","","","Elsevier Ltd","Article","Scopus"
"Silva C.A.; Vilaça R.; Pereira A.; Bessa R.J.","Silva, C.A. (57675858600); Vilaça, R. (24463029600); Pereira, A. (57221290901); Bessa, R.J. (24921304700)","57675858600; 24463029600; 57221290901; 24921304700","A review on the decarbonization of high-performance computing centers","2024","Renewable and Sustainable Energy Reviews","63","10.1016/j.rser.2023.114019","https://www.scopus.com/pages/publications/85177753607?origin=resultslist","INESC TEC, Centre for Power and Energy Systems, Porto, 4200-465, Portugal; FEUP, Faculty of Engineering of University of Porto, Porto, 4200-465, Portugal; MACC/HASLab University of Minho & INESC TEC, Department of Informatics, Gualtar Campus, Braga, 4710-070, Portugal","Silva C.A., INESC TEC, Centre for Power and Energy Systems, Porto, 4200-465, Portugal, FEUP, Faculty of Engineering of University of Porto, Porto, 4200-465, Portugal; Vilaça R., MACC/HASLab University of Minho & INESC TEC, Department of Informatics, Gualtar Campus, Braga, 4710-070, Portugal; Pereira A., MACC/HASLab University of Minho & INESC TEC, Department of Informatics, Gualtar Campus, Braga, 4710-070, Portugal; Bessa R.J., INESC TEC, Centre for Power and Energy Systems, Porto, 4200-465, Portugal","High-performance computing relies on performance-oriented infrastructures with access to powerful computing resources to complete tasks that contribute to solve complex problems in society. The intensive use of resources and the increase in service demand due to emerging fields of science, combined with the exascale paradigm, climate change concerns, and rising energy costs, ultimately means that the decarbonization of these centers is key to improve their environmental and financial performance. Therefore, a review on the main opportunities and challenges for the decarbonization of high-performance computing centers is essential to help decision-makers, operators and users contribute to a more sustainable computing ecosystem. It was found that state-of-the-art supercomputers are growing in computing power, but are combining different measures to meet sustainability concerns, namely going beyond energy efficiency measures and evolving simultaneously in terms of energy and information technology infrastructure. It was also shown that policy and multiple entities are now targeting specifically HPC, and that identifying synergies with the energy sector can reveal new revenue streams, but also enable a smoother integration of these centers in energy systems. Computing-intensive users can continue to pursue their scientific research, but participating more actively in the decarbonization process, in cooperation with computing service providers. Overall, many opportunities, but also challenges, were identified, to decrease carbon emissions in a sector mostly concerned with improving hardware performance. © 2023 The Author(s)","Decarbonization; Distributed energy resources; Energy efficiency; High-performance computing; Resource management; Sustainable computing","Climate change; Decarbonization; Decision making; Supercomputers; Sustainable development; Complex problems; Computing center; Computing resource; Decarbonisation; Distributed Energy Resources; High-performance computing; Performance computing; Performance-oriented; Resource management; Sustainable computing; Energy efficiency","Fundo Ambiental; Horizon 2020 Framework Programme, H2020, (671632); Horizon 2020 Framework Programme, H2020; European Commission, EC, (610490); European Commission, EC","This work is financed by Fundo Ambiental (FA) within project Sustainable HPC (Computa\u00E7\u00E3o de Elevado Desempenho Sustent\u00E1vel) .","Elsevier Ltd","Review","Scopus"
"Knorr K.; Dreher A.; Böttger D.","Knorr, Kaspar (55428891600); Dreher, Alexander (57204418043); Böttger, Diana (56038628300)","55428891600; 57204418043; 56038628300","Common dimensioning of frequency restoration reserve capacities for European load-frequency control blocks: An advanced dynamic probabilistic approach","2019","Electric Power Systems Research","15","10.1016/j.epsr.2019.01.037","https://www.scopus.com/pages/publications/85061234560?origin=resultslist","Energy Economics and System Design, Fraunhofer Institute for Energy Economics and Energy System Technology (IEE), Kassel, Germany","Knorr K., Energy Economics and System Design, Fraunhofer Institute for Energy Economics and Energy System Technology (IEE), Kassel, Germany; Dreher A., Energy Economics and System Design, Fraunhofer Institute for Energy Economics and Energy System Technology (IEE), Kassel, Germany; Böttger D., Energy Economics and System Design, Fraunhofer Institute for Energy Economics and Energy System Technology (IEE), Kassel, Germany","This paper advances the probabilistic modelling approach for dynamic dimensioning of Frequency Restoration Reserve (FRR) capacities of [1]. The approach is based on the convolution of forecast error distributions of generation and load sources. The improvements include 1. the replacement of normal distributions with better fitting intermittency distributions to model forecast error distributions of wind and photovoltaic generation and load, 2. the adjustments for facilitating the dynamic and static dimensioning for 20 European load-frequency control (LFC) blocks, 3. the dimensioning of FRR capacities not only for a historical year (2016) but also for a scenario year 2050 with 100% renewable generation and 4. the implementation of a common dimensioning of several LFC blocks in order to determine the saving potential of an implied integration of European LFC blocks. © 2019","Common dimensioning; Dynamic probabilistic dimensioning; Frequency restoration reserve capacity; Intermittency of forecast errors","Electric control equipment; Electric load management; Errors; Forecasting; Normal distribution; Press load control; Restoration; Common dimensioning; Forecast errors; Frequency restorations; Intermittency distributions; Photovoltaic generation; Probabilistic approaches; Probabilistic modelling; Reserve capacity; Electric frequency control","German Federal Ministry for Economic Affairs and Energy","This study is based on the projects “Restable” and “Systemkontext”, which are funded by the German Federal Ministry for Economic Affairs and Energy . The sole responsibility for the content of this paper lies with the authors.","Elsevier Ltd","Article","Scopus"
"Ikiades A.A.; Spasopoulos D.; Amoiropoulos K.; Richards T.; Howard G.; Pfeil M.","Ikiades, Aris Anthony (6602184248); Spasopoulos, Dimosthenis (55869008000); Amoiropoulos, Kostas (55868716600); Richards, Thomas (55868744700); Howard, Glenn (21233562900); Pfeil, Markus (57204114317)","6602184248; 55869008000; 55868716600; 55868744700; 21233562900; 57204114317","Detection and rate of growth of ice on aerodynamic surfaces using its optical characteristics","2013","Aircraft Engineering and Aerospace Technology","24","10.1108/AEAT-11-2012-0219","https://www.scopus.com/pages/publications/84884827384?origin=resultslist","University of Ioannina, Ioannina, Greece; Atomic and Molecular Physics Laboratory, Department of Physics, University of Ioannina, Ioannina, Greece; GKN Aerospace Systems, Luton, United Kingdom; TWT GmbH, Friedrichshafen, Germany","Ikiades A.A., University of Ioannina, Ioannina, Greece; Spasopoulos D., Atomic and Molecular Physics Laboratory, Department of Physics, University of Ioannina, Ioannina, Greece; Amoiropoulos K., University of Ioannina, Ioannina, Greece; Richards T., GKN Aerospace Systems, Luton, United Kingdom; Howard G., GKN Aerospace Systems, Luton, United Kingdom; Pfeil M., TWT GmbH, Friedrichshafen, Germany","Purpose - This paper aims to reports the further developments of an optical sensing technique, relying on Mie scattered and reflected light, from the ice surface and volume, to determine the ice accretion rate as well as the ice type. Design/methodology/approach - By measuring the optical intensity of the backscattered and reflected light, the paper demonstrates that it is possible to obtain information on the onset of icing as well as determine the thickness and type of ice accreted on the leading edge of a wing in real time. Findings - This work is important in the design and development of optical direct ice detection sensors for aerospace applications. Practical implications - This work is aimed at showing a new approach to ice detection. Originality/value - Original concept follow on paper from pervious publication. Copyright © 2013 Emerald Group Publishing Limited.","Direct ice detection; Fibre optics ice sensor; Optical properties of ice","Fiber optic sensors; Fiber optics; Aerodynamic surfaces; Direct ice detection; Fiber optic ice sensor; Fiber-optics; Ice detection; Ice sensors; Optical property of ice; Optical-; Property; Reflected light; Ice","Seventh Framework Programme, FP7, (233838); Seventh Framework Programme, FP7","","Emerald Publishing","Article","Scopus"
"Liu Y.; Fan R.; Terzija V.","Liu, Yutian (55836598900); Fan, Rui (55510770100); Terzija, Vladimir (7004443467)","55836598900; 55510770100; 7004443467","Power system restoration: a literature review from 2006 to 2016","2016","Journal of Modern Power Systems and Clean Energy","320","10.1007/s40565-016-0219-2","https://www.scopus.com/pages/publications/84979502141?origin=resultslist","Key Laboratory of Power System Intelligent Dispatch and Control of Ministry of Education, Shandong University, Jinan, 250061, China; Department of Electrical and Electronic Engineering, University of Manchester, Manchester, M13 9PL, United Kingdom","Liu Y., Key Laboratory of Power System Intelligent Dispatch and Control of Ministry of Education, Shandong University, Jinan, 250061, China; Fan R., Key Laboratory of Power System Intelligent Dispatch and Control of Ministry of Education, Shandong University, Jinan, 250061, China; Terzija V., Department of Electrical and Electronic Engineering, University of Manchester, Manchester, M13 9PL, United Kingdom","Power system restoration has attracted more attention and made great progress recently. Research progress of the power system restoration from 2006 to 2016 is reviewed in this paper, including black-start, network reconfiguration and load restoration. Some emerging methods and key techniques are also discussed in the context of the integration of variable renewable energy and development of the smart grid. There is a long way to go to achieve automatic self-healing in bulk power systems because of its extreme complexity. However, rapidly developing artificial intelligence technology will eventually enable the step-by-step dynamic decision-making based on the situation awareness of supervisory control and data acquisition systems (SCADA) and wide area measurement systems (WAMS) in the near future. © 2016, The Author(s).","Cyber attack; Large-scale blackout; Power system restoration; Renewable energy; Self-healing; Smart grid; Wide area measurement system (WAMS)","Artificial intelligence; Decision making; Electric power transmission networks; Geodesy; Renewable energy resources; Restoration; SCADA systems; Security of data; Self-healing materials; Smart power grids; Surveying; Cyber-attacks; Large-scale blackout; Power system restoration; Renewable energies; Self-healing; Smart grid; Wide- area measurement systems (WAMS); Electric power system measurement","Engineering and Physical Sciences Research Council, EPSRC, (EP/G055211/1, EP/K036173/1); Engineering and Physical Sciences Research Council, EPSRC; National Key Research and Development Program of China, NKRDPC, (2012CB215101); National Key Research and Development Program of China, NKRDPC","This work was supported by National Basic Research Program of China (973 Program) (No. 2012CB215101).","","Article","Scopus"
"Zangani D.; Ambrosetti S.; Bozzolo A.; Dotoli R.; Bardaro D.; Fay S.","Zangani, Donato (22936456900); Ambrosetti, Samuele (55170395400); Bozzolo, Alessandro (55173700900); Dotoli, Rosario (55171500400); Bardaro, Danilo (55173700400); Fay, Stephen (37029718800)","22936456900; 55170395400; 55173700900; 55171500400; 55173700400; 37029718800","Textile-Based Luggage Containers for Onboard Blast Protection","2011","SAE International Journal of Aerospace","9","10.4271/2011-01-2517","https://www.scopus.com/pages/publications/84859312828?origin=resultslist","D'Appolonia S.p.A, Italy; Consorzio Cetma, Italy; Blastech Ltd, United Kingdom","Zangani D.; Ambrosetti S., D'Appolonia S.p.A, Italy; Bozzolo A., D'Appolonia S.p.A, Italy; Dotoli R., Consorzio Cetma, Italy; Bardaro D., Consorzio Cetma, Italy; Fay S., Blastech Ltd, United Kingdom","The rise in worldwide terrorism has required measures be taken to harden aircraft against catastrophic in-flight failure due to concealed explosives. The risk that a small quantity of an explosive could get undetected cannot be neglected, and the introduction of countermeasures to reduce the effects of on-board explosions should be considered. This is the idea behind of the European research project FLY-BAG where a blastworthy textile luggage container for the protection of aircrafts from on-board explosions from explosives hidden in luggage in the cargo holds has been developed. The FLY-BAG concept is based on the development of an advanced flexible anti-blasting cover and composite floor system able to resist a small to medium explosion by controlled expansion and full containment of the pressure generated by the explosion whilst, at the same time, preventing hard luggage fragment projectiles (shrapnel) from striking the main structure of the aircraft at high speed. A multi-layered flexible structure has been invented to resist the large overpressure generated by the gas expansion which is integrated with a lightweight sandwich floor and wall elements designed to absorb the shock holing loads of the explosion. The flexible textile layer is made from an innovative combination of different reinforcing textile structures which deforms in a controlled way during the explosion. The realization of these components, their processing, full-scale blast testing, and demonstration of applicability into airplanes (Meridiana Airbus A319 and A320) has been a 2-year investigation involving research centres, testing laboratories, industrial partners, universities, and specialised high-tech SMEs. It has comprised material optimisation, manufacturing, material testing, laboratory testing, numerical modelling and verification, and finally full scale blast testing and installation trials inside Airbus airplanes. The final prototype successfully survived a series of blast tests of growing intensity up to the maximum targeted charge value, without significant damage. The prototype was also fully demonstrated during one installation trial inside one of the Airbus A319 of the partner Meridiana. © 2011 SAE International.","","Aircraft; Explosions; Flexible structures; Floors; Industrial research; Laboratories; Textiles; Blast protection; Composite floors; European research project; Full scale; Gas expansion; In-flight failures; Industrial partners; Laboratory testing; Main structure; Material optimisation; Material testing; Multi-layered; Numerical modelling; Overpressure; Research centres; Testing laboratories; Textile structures; Explosives","","","","Article","Scopus"
"Kerscher S.; Arboleya P.","Kerscher, Selina (57226104024); Arboleya, Pablo (6506901104)","57226104024; 6506901104","The key role of aggregators in the energy transition under the latest European regulatory framework","2022","International Journal of Electrical Power and Energy Systems","127","10.1016/j.ijepes.2021.107361","https://www.scopus.com/pages/publications/85110411604?origin=resultslist","University of Applied Sciences Stuttgart, Stuttgart, 70174, Germany; LEMUR Research Group, Department of Electrical Engineering, University of Oviedo, Campus de Gijón, 33204, Spain","Kerscher S., University of Applied Sciences Stuttgart, Stuttgart, 70174, Germany; Arboleya P., LEMUR Research Group, Department of Electrical Engineering, University of Oviedo, Campus de Gijón, 33204, Spain","Future energy systems are reliant on the expansion and management of low-carbon technologies in order to reach climate goals. Impact studies of high-penetration intermittent renewable energy sources and electric vehicle (EV) integration in the distribution networks have demonstrated voltage violation and congestion issues. The role of a clustered coordination of distributed energy resources (DER) with a focus on aggregators is presented in terms of legal and techno-economic aspects. The latest European framework assigns aggregators a fundamental role in energy market liberalisation and DER integration towards carbon–neutral energy systems. Aggregator energy management strategies are examined for different DER scenarios, and analysed in the context of the actual situation of aggregators in Europe. The investigation aims to clearly depict how the new European policies of 2019 envision the future electricity network, in order to reevaluate the role of aggregators taking into account implemented concepts in the current market situation, and the status of aggregator research since 2015 up to date. © 2021 The Author(s)","Aggregators; Demand response; Distributed energy resources; Distribution network operation; Electric vehicles; Electricity market; Energy storage; Flexibility; Smart grid","Carbon; Electric energy storage; Electric industry; Electric network parameters; Electric power transmission networks; Energy management; Energy management systems; Power markets; Renewable energy resources; Smart power grids; Traffic congestion; Aggregator; Demand response; Distributed Energy Resources; Distribution network operation; Energy; Energy systems; Energy transitions; Flexibility; Regulatory frameworks; Smart grid; Electric vehicles","Government of Spain - Economy and Industry Minister, (MCI-20-PID2019-111051RB-I00); Phoenix Contact Foundation; Plexigrid Company","This work was partially supported by the Government of Spain - Economy and Industry Minister under the grant MCI-20-PID2019-111051RB-I00, by Phoenix Contact Foundation through the Phoenix Contact Foundation’s PhD study grant programme and by Plexigrid Company. ","Elsevier Ltd","Review","Scopus"
"Tronchin T.; David L.; Farcy A.","Tronchin, Thibaut (57190764758); David, Laurent (57199426559); Farcy, Alain (11440044600)","57190764758; 57199426559; 11440044600","Loads and pressure evaluation of the flow around a flapping wing from instantaneous 3D velocity measurements","2015","Experiments in Fluids","45","10.1007/s00348-014-1870-x","https://www.scopus.com/pages/publications/84983044330?origin=resultslist","Poitiers, France","Tronchin T., Poitiers, France; David L., Poitiers, France; Farcy A., Poitiers, France","The flow around a flapping wing is characterized by an unsteady evolution of three-dimensional vortices, which are one of the main sources of loads. The difficulty in directly measuring such low forces by means of sensors and the need of the characterization of the evolution of the flow have lead to the evaluation of loads using the integral form of the momentum equation. This paper describes methods for evaluating instantaneous loads and three-dimensional pressure fields using 3D3C velocity fields only. An evaluation of the accuracy of these methods using DNS velocity fields is presented. Loads and pressure fields are then calculated using scanning tomography PIV velocity fields, around a NACA 0012 airfoil for a flapping motion in a water tank at a Reynolds number of 1,000. The results suggest a sufficient accuracy of calculated pressure fields for a global analysis of the topology of the flow and for the evaluation of loads by integrating the calculated pressure field over the surface of the wing. © Springer-Verlag Berlin Heidelberg 2014.","","Loads (forces); Reynolds number; Tomography; Water tanks; Wings; Flapping motion; Global analysis; Instantaneous loads; Momentum equation; Pressure evaluation; Pressure field; Scanning tomography; Velocity field; Velocity","European Commission, EC; Seventh Framework Programme, FP7; Seventh Framework Programme, FP7, (605151)","The work leading to these results has received funding from the European Communitys Seventh Framework Programme (FP7/2007-2013) under Grant Agreement No 605151 (NIOPLEX project).","Springer Verlag","Article","Scopus"
"Worden K.; Sohn H.; Farrar C.R.","Worden, K. (7005669331); Sohn, H. (7201426396); Farrar, C.R. (7006572457)","7005669331; 7201426396; 7006572457","Novelty detection in a changing environment: Regression and inter polation approaches","2002","Journal of Sound and Vibration","200","10.1006/jsvi.2002.5148","https://www.scopus.com/pages/publications/23344436048?origin=resultslist","Group ESA-EA, Los Alamos National Laboratories, Los Alamos, United States; Department of Mechanical Engineering, University of Sheffield, Sheffield S1 3JD, Mappin Street, United Kingdom","Worden K., Group ESA-EA, Los Alamos National Laboratories, Los Alamos, United States, Department of Mechanical Engineering, University of Sheffield, Sheffield S1 3JD, Mappin Street, United Kingdom; Sohn H., Group ESA-EA, Los Alamos National Laboratories, Los Alamos, United States; Farrar C.R., Group ESA-EA, Los Alamos National Laboratories, Los Alamos, United States","The technique of novelty detection is now established as a means of performing the lowest level of damage identification. Data are accumulated while the system or structure is operating in normal condition and used to construct a reference model. During subsequent operation of the system, data are compared to the reference and any significant deviations are taken to indicate damage. This approach has potential problems if the system or structure is embedded in a changing environment. If the reference data are only characteristic of a limited range of the environmental parameters, measurements from the system in an undamaged condition but from a different environmental state, may cause the diagnostic to register novelty and thus falsely infer damage. This paper demonstrates a potential solution to the problem via the construction of a reference set parametrized by an environmental variable. Two approaches are considered: regression and interpolation. © 2002 Elsevier Science Ltd. All rights reserved.","","Algorithms; Estimation; Hierarchical systems; Interpolation; Pattern recognition; Regression analysis; Damage identification; Hierarchical structure; Novelty detection; Reference models; Structural analysis","Los Alamos National Laboratory, LANL","The first author would like to thank Los Alamos National Laboratory for financial support while this study was carried out.","Academic Press","Article","Scopus"
"Iov F.; Khatibi M.; Bendtsen J.D.","Iov, Florin (6508228155); Khatibi, Mahmood (57216396966); Bendtsen, Jan Dimon (6603826565)","6508228155; 57216396966; 6603826565","On the participation of power-to-heat assets in frequency regulation markets-a danish case study","2020","Energies","19","10.3390/en13184608","https://www.scopus.com/pages/publications/85090923441?origin=resultslist","Department of Energy Technology, Aalborg University, Aalborg, 9220, Denmark; Department of Automation and Control, Aalborg University, Aalborg, 9220, Denmark","Iov F., Department of Energy Technology, Aalborg University, Aalborg, 9220, Denmark; Khatibi M., Department of Automation and Control, Aalborg University, Aalborg, 9220, Denmark; Bendtsen J.D., Department of Automation and Control, Aalborg University, Aalborg, 9220, Denmark","Due to the new green energy policies, district heating companies are being increasingly encouraged to exploit power-to-heat assets, e.g., heat pumps and electric boilers, in their distribution networks besides the traditional central combined heat and power units. The increased utilization of these assets will generate a more complex interaction between power distribution grids and district heating networks including markets for provision of ancillary services. Enabling the participation of power-to-heat units in the ancillary service markets, e.g., frequency reserves, may increase the revenue streams for assets' owners. However, some technical challenges must first be addressed, including optimization of portfolios of assets that accounts for ancillary service markets, new coordination and operational schemes for portfolio of assets, increase data exchange and interactions with transmission system operators, and new local control schemes for units. This paper proposes a systematic model based design approach for assessment of provision of frequency regulation by power-to-heat assets using the smart grid architecture model. The proposed approach is demonstrated in a Real-Time Control Hardware-in-the-Loop laboratory environment. © 2020 by the authors. Licensee MDPI, Basel, Switzerland. This article is an open access article distributed under the terms and conditions of the Creative Commons Attribution (CC BY) license (http://creativecommons.org/licenses/by/4.0/).","District heating systems; Frequency regulation; Model based design; Power-to-heat assets; Real-time control hardware-in-the-loop; Smart grid architecture model","Commerce; District heating; Electric power distribution; Electric power transmission; Electric power transmission networks; Electronic data interchange; Real time control; Ancillary service markets; Combined heat and power units; District heating networks; District-heating companies; Laboratory environment; Power distribution grids; Smart grid architectures; Transmission system operators; Smart power grids","PSO; Energiteknologisk udviklings- og demonstrationsprogram, EUDP, (12539)","Funding: This research was funded by PSO/EUDP grant number 12539: Balancing”.","MDPI AG","Article","Scopus"
"Globisch J.; Kühnbach M.; Dütschke E.; Bekk A.","Globisch, Joachim (56355421400); Kühnbach, Matthias (57203087162); Dütschke, Elisabeth (25637012600); Bekk, Anke (57214998392)","56355421400; 57203087162; 25637012600; 57214998392","The stranger in the German energy system? How energy system requirements misalign with household preferences for flexible heat pumps","2020","Energy Research and Social Science","20","10.1016/j.erss.2020.101604","https://www.scopus.com/pages/publications/85085368706?origin=resultslist","Fraunhofer Institute for Systems and Innovation Research ISI, Breslauer Str. 48, Karlsruhe, 76139, Germany","Globisch J., Fraunhofer Institute for Systems and Innovation Research ISI, Breslauer Str. 48, Karlsruhe, 76139, Germany; Kühnbach M., Fraunhofer Institute for Systems and Innovation Research ISI, Breslauer Str. 48, Karlsruhe, 76139, Germany; Dütschke E., Fraunhofer Institute for Systems and Innovation Research ISI, Breslauer Str. 48, Karlsruhe, 76139, Germany; Bekk A., Fraunhofer Institute for Systems and Innovation Research ISI, Breslauer Str. 48, Karlsruhe, 76139, Germany","By combining findings from techno-economic modelling with those from a survey of households, this article pursues an interdisciplinary approach to answer the question to what extent flexibly operated heat pumps (FHP) offer the potential to reduce the surplus generation from renewable energy sources (RES) through demand response (DR). First, we used an optimisation model to evaluate the potentials of two different DR signals to minimise the electricity costs for heat pump operation and surplus generation from RES. Second, we conducted a survey study (n = 985), the design of which was informed by the outcomes of the optimisation model. Third, we combined the findings from the two analyses to estimate market shares and link these back to the expected contribution of FHPs for RES integration. Our main findings include: even if the monetary savings due to DR were passed on fully to FHP adopters, the RES integration by FHPs would be limited due to a lack of FHP adoption. One of the main challenges is that to make FHPs useful for RES integration, an external data exchange is needed. This is, however, unattractive to consumers and thus reduces market shares. In particular, despite external data exchange allowing for higher financial savings (€110/a with data exchange vs. €57/a without), we find that FHPs without data exchange are evaluated as overall more attractive. Thus, policy measures are needed to leverage the RES integration potential of FHPs. © 2020 Elsevier Ltd","Demand response; Energy system modelling; Heat pumps; Interdisciplinary; Market share; Survey","","Ministry for the Environment, Climate and Energy Baden-Württemberg, (0324002A, BWES 16006); Bundesministerium für Wirtschaft und Energie, BMWi","We would like to thank three anonymous reviewers for their constructive contributions to this article. We gratefully acknowledge that the data collection for the empirical study was funded by the Ministry for the Environment, Climate and Energy Baden-Württemberg within the “DESK” project (reference number: BWES 16006). The analyses presented in this paper also profited substantially from this funding. The model-based analysis conducted in this study is part of the research project AVerS (reference number: 0324002A), funded by the Germany Federal Ministry for Economic Affairs and Energy (BMWi). ","Elsevier Ltd","Article","Scopus"
"Wang P.; Deng X.; Zhou H.; Yu S.","Wang, Pei (58842394500); Deng, Xiangzheng (7401769047); Zhou, Huimin (59281114200); Yu, Shangkun (57205263756)","58842394500; 7401769047; 59281114200; 57205263756","Estimates of the social cost of carbon: A review based on meta-analysis","2019","Journal of Cleaner Production","156","10.1016/j.jclepro.2018.11.058","https://www.scopus.com/pages/publications/85059326398?origin=resultslist","Institute of Geographic Science and Natural Resources Research, Chinese Academy of Sciences, Beijing, 100101, China; University of Chinese Academy of Sciences, Beijing, 100049, China; Center for Chinese Agricultural Policy, Chinese Academy of Sciences, Beijing, 100101, China; Department of Economics, University of Waikato, Private Bag 3105, Hamilton, Waikato, New Zealand; College of Geography and Environment, Shandong Normal University, 250358, Shandong, China","Wang P., Institute of Geographic Science and Natural Resources Research, Chinese Academy of Sciences, Beijing, 100101, China, University of Chinese Academy of Sciences, Beijing, 100049, China, Center for Chinese Agricultural Policy, Chinese Academy of Sciences, Beijing, 100101, China; Deng X., Institute of Geographic Science and Natural Resources Research, Chinese Academy of Sciences, Beijing, 100101, China, University of Chinese Academy of Sciences, Beijing, 100049, China, Center for Chinese Agricultural Policy, Chinese Academy of Sciences, Beijing, 100101, China, Department of Economics, University of Waikato, Private Bag 3105, Hamilton, Waikato, New Zealand; Zhou H., College of Geography and Environment, Shandong Normal University, 250358, Shandong, China; Yu S., College of Geography and Environment, Shandong Normal University, 250358, Shandong, China","There is a great deal of evidence that climate change affects socioeconomic systems. The social cost of carbon (SCC) is calculated by scientists to monetarize the incremental unit of carbon emission and is used to assess climate policies. This study begins with a review of current research on the SCC, followed by a discussion of the choice of models for the SCC. We give a list of advantages of disadvantages of each model and finally use a meta-analysis to evaluate the SCC from published research. The main findings were as follows. (i) Integrated assessment models (IAMs) are often employed to assess the SCC, research on IAMs was started booming in the 1990s and slightly decreased after 2012. (ii) The estimated SCC ranges from −50 to 8752$/tC (−13.36–2386.91$/tCO2), with a mean value of 200.57$/tC (54.70$/tCO2) and it equals to 112.86$/tC (30.78$/tCO2) with a PRTP at 3% in peer-reviewed studies. (iii) The estimated SCC is higher in newer publication year and in peer-reviewed studies, the same trend happens with a higher climatic sensitivity and employing DICE/RICE and PAGE. (iv) The pure rate of time preference (PRTP) is tightly associated with the estimated SCC, and a higher PRTP has a lower estimated SCC. (v) The outliers often appear without realistic scenario setting and in studies have not peer-reviewed. © 2018 Elsevier Ltd","Economics of climate change; Integrated assessment model; Literature review; meta-Analysis; SCC","Carbon; Climate models; Cost benefit analysis; Economics; Carbon emissions; Integrated assessment models; Literature reviews; Meta analysis; Rate of time preference; Realistic scenario; Social cost of carbon; Socio-economic systems; Climate change","National Basic Research Program of China (973 Program), (2016YFA0602500); National Basic Research Program of China (973 Program)","The research is financially supported by the National Key Research and Development Program of China (Grant No. 2016YFA0602500 ).  ","Elsevier Ltd","Article","Scopus"
"Isikveren A.T.; Seitz A.; Bijewitz J.; Mirzoyan A.; Isyanov A.; Grenon R.; Atinault O.; Godard J.-L.; Stückl S.","Isikveren, A.T. (23009016100); Seitz, A. (7006821345); Bijewitz, J. (56418467400); Mirzoyan, A. (55753878400); Isyanov, A. (56418677200); Grenon, R. (7801608086); Atinault, O. (55755418000); Godard, J.-L. (7005636355); Stückl, S. (55821122300)","23009016100; 7006821345; 56418467400; 55753878400; 56418677200; 7801608086; 55755418000; 7005636355; 55821122300","Distributed propulsion and ultra-high by-pass rotor study at aircraft level","2015","Aeronautical Journal","61","10.1017/S0001924000011295","https://www.scopus.com/pages/publications/84954088920?origin=resultslist","Bauhaus Luftfahrt e.V., Ottobrunn, Germany; Central Institute of Aviation Motors (CIAM), Moscow, Russian Federation; ONERA - The French Aerospace Lab, Meudon, France; Airbus Group Innovations, Ottobrunn, Germany","Isikveren A.T., Bauhaus Luftfahrt e.V., Ottobrunn, Germany; Seitz A., Bauhaus Luftfahrt e.V., Ottobrunn, Germany; Bijewitz J., Bauhaus Luftfahrt e.V., Ottobrunn, Germany; Mirzoyan A., Central Institute of Aviation Motors (CIAM), Moscow, Russian Federation; Isyanov A., Central Institute of Aviation Motors (CIAM), Moscow, Russian Federation; Grenon R., ONERA - The French Aerospace Lab, Meudon, France; Atinault O., ONERA - The French Aerospace Lab, Meudon, France; Godard J.-L., ONERA - The French Aerospace Lab, Meudon, France; Stückl S., Airbus Group Innovations, Ottobrunn, Germany","This technical article discusses design and integration associated with distributed propulsion as a means of providing motive power with significantly reduced emissions and external noise for future aircraft concepts. The technical work reflects activities performed within a European Commission funded Framework 7 project entitled Distributed Propulsion and Ultra-high By-Pass Rotor Study at Aircraft Level, or, DisPURSAL. In this instance, the approach of distributed propulsion includes a Distributed Multiple-Fans Concept driven by a limited number of engine cores as well as one unique solution that integrates the fuselage with a single propulsor (dubbed Propulsive-Fuselage Concept) - both targeting entry-in-service year 2035+. Compared to a state-of-the-art, year 2000 reference aircraft, designs with tighter coupling between airframe aerodynamics and motive power system performance for medium-to-long-range operations indicated potentially a 40-45% reduction in CO2-emissions. An evolutionary, year 2035, conventional morphology gas-turbine aircraft was predicted to be -33% in CO2-emissions.","","Aircraft; Carbon dioxide; Fuselages; Gas emissions; Gas turbines; Propulsion; Aircraft concepts; Design and integrations; Distributed propulsions; European Commission; Power system performance; Reference aircraft; State of the art; Technical articles; Aerodynamics","","","Royal Aeronautical Society","Article","Scopus"
"Lynch K.P.; Scarano F.","Lynch, K.P. (26531494500); Scarano, F. (7005768304)","26531494500; 7005768304","Material acceleration estimation by four-pulse tomo-PIV","2014","Measurement Science and Technology","33","10.1088/0957-0233/25/8/084005","https://www.scopus.com/pages/publications/84904292869?origin=resultslist","Aerospace Engineering Department, Delft University of Technology, Delft 2629 HS, Netherlands","Lynch K.P., Aerospace Engineering Department, Delft University of Technology, Delft 2629 HS, Netherlands; Scarano F., Aerospace Engineering Department, Delft University of Technology, Delft 2629 HS, Netherlands","A tomographic PIV system is introduced for the instantaneous measurement of the material acceleration (material derivative of velocity). The system is conceived to operate with short temporal separation (microseconds) and is therefore suitable for applications up to the high-speed flow regimes. The method of operation consists of tomographic imaging of a measurement volume using three arrays of four CCD cameras and two double-pulse laser systems. Advantages and shortcomings of the approach with respect to the most commonly used method based on light polarization are discussed. Various approaches are compared to determine the optimal utilization of four-pulse data to measure the material acceleration: Eulerian and Lagrangian schemes are compared to the recently introduced fluid trajectory correlation (FTC) technique from the authors. A synthetic image test case of a translating vortex is used to compare the schemes with and without the presence of noise. The truncation errors and sensitivity to random noise for each scheme are highlighted. A discussion is also given on the dynamic range of the schemes. The four-pulse tomographic system is used to measure the separated wake of an axisymmetric truncated base with afterbody at a Reynolds number of 68 000. The system calibration accuracy and the baseline measurement uncertainty of the velocity are evaluated with a zero-time delay test. A novel criterion is introduced to establish the relative accuracy of the material derivative measurement, based on the curl of the material acceleration field. The results indicate that the four-pulse tomo-PIV approach suits the measurement of the material acceleration using a variety of estimation schemes. In particular, the FTC technique gives the lowest error levels and is well-suited to perform accurate material acceleration measurements. © 2014 IOP Publishing Ltd.","PIV; time-resolved PIV; tomographic PIV","Acceleration; Calibration; CCD cameras; Pressure distribution; Random errors; Reynolds number; Time delay; Tomography; Instantaneous measurement; Material acceleration; Material derivative; Measurement uncertainty; Optimal utilization; Time-resolved piv; Tomographic; Tomographic imaging; Uncertainty analysis","","","Institute of Physics Publishing","Article","Scopus"
"Goh C.S.; Morgans A.S.","Goh, Chee Su (38961220600); Morgans, Aimee S. (9243113100)","38961220600; 9243113100","Phase prediction of the response of choked nozzles to entropy and acoustic disturbances","2011","Journal of Sound and Vibration","93","10.1016/j.jsv.2011.05.016","https://www.scopus.com/pages/publications/79960564364?origin=resultslist","Department of Aeronautics, Imperial College London, United Kingdom","Goh C.S., Department of Aeronautics, Imperial College London, United Kingdom; Morgans A.S., Department of Aeronautics, Imperial College London, United Kingdom","The development and transmission of sound through the exit of an aero-engine combustor is often investigated by modelling the complex geometry as a convergent-divergent nozzle. However, these analytical acoustic predictions are usually limited to the compact case, where the length of the nozzle is insignificant compared to the wavelength of the flow perturbations, or to cases where the variation of the mean velocity through the nozzle may be treated as linear or piece-wise linear. Considering terms up to first order in frequency for the conservation of mass, momentum and energy, this paper investigates an alternative approach by deriving effective lengths for the passage of the flow perturbations through a supercritical convergent-divergent nozzle. The effects due to the presence of a normal shock wave are also studied using a linearised form of the RankineHugoniot relations. The analyses lead to predictions for the phase and magnitude of the transmitted acoustic waves from finite-length nozzles, and are valid for low non-dimensional frequencies. It has been found that these predictions agree well with the numerical results from inviscid simulations. © 2011 Elsevier Ltd. All rights reserved.","","Acoustics; Forecasting; Acoustic disturbances; Aero-engine; Alternative approach; Complex geometries; Conservation of mass; Convergent-divergent nozzle; Effective length; First order; Flow perturbations; Mean velocities; Non-dimensional frequency; Normal shock waves; Numerical results; Phase prediction; Piecewise linear; Rankine-Hugoniot relations; Super-critical; Nozzles","Imperial College Student Opportunities Fund","Chee Su Goh gratefully acknowledges the funding received from the Overseas Research Scholarship and from the Imperial College Student Opportunities Fund.  ","","Article","Scopus"
"Sovacool B.K.; Noel L.; Axsen J.; Kempton W.","Sovacool, Benjamin K (9333655700); Noel, Lance (56150561300); Axsen, Jonn (26422020300); Kempton, Willett (7003463757)","9333655700; 56150561300; 26422020300; 7003463757","The neglected social dimensions to a vehicle-to-grid (V2G) transition: A critical and systematic review","2018","Environmental Research Letters","241","10.1088/1748-9326/aa9c6d","https://www.scopus.com/pages/publications/85041105965?origin=resultslist","Aarhus University, Aarhus, Denmark; University of Sussex, Brighton, United Kingdom; Simon Fraser University, Burnaby, Canada; University of Delaware, Newark, DE, United States","Sovacool B.K., Aarhus University, Aarhus, Denmark, University of Sussex, Brighton, United Kingdom; Noel L., Aarhus University, Aarhus, Denmark; Axsen J., Simon Fraser University, Burnaby, Canada; Kempton W., University of Delaware, Newark, DE, United States","Vehicle-to-grid (V2G) refers to efforts to bi-directionally link the electric power system and the transportation system in ways that can improve the sustainability and security of both. A transition to V2G could enable vehicles to simultaneously improve the efficiency (and profitability) of electricity grids, reduce greenhouse gas emissions for transport, accommodate low-carbon sources of energy, and reap cost savings for owners, drivers, and other users. To understand the recent state of this field of research, here we conduct a systematic review of 197 peer-reviewed articles published on V2G from 2015 to early 2017. We find that the majority of V2G studies in that time period focus on technical aspects of V2G, notably renewable energy storage, batteries, or load balancing to minimize electricity costs, in some cases including environmental goals as constraints. A much lower proportion of studies focus on the importance of assessing environmental and climate attributes of a V2G transition, or on the role of consumer acceptance and knowledge of V2G systems. Further, there is need for exploratory work on natural resource use and externalities, discourses and narratives as well as social justice, gender, and urban resilience considerations. These research gaps need to be addressed if V2G is to achieve the societal transition its advocates seek. © 2018 The Author(s). Published by IOP Publishing Ltd.","","Carbon; Charging (batteries); Electric energy storage; Electric power systems; Electric power transmission networks; Gas emissions; Greenhouse gases; Sustainable development; Vehicles; Consumer acceptance; Natural resource use; Renewable energy storages; Societal transitions; Systematic Review; Technical aspects; Transportation system; Vehicle to Grid (V2G); alternative energy; electric vehicle; electrical power; electricity; emission control; energy efficiency; energy market; literature review; market transition; profitability; savings; smart grid; strategic approach; transportation system; Electric power system security","Engineering and Physical Sciences Research Council, EPSRC, (EP/K011790/1); Engineering and Physical Sciences Research Council, EPSRC","","Institute of Physics Publishing","Review","Scopus"
"Dallinger D.; Wietschel M.","Dallinger, David (37065826600); Wietschel, Martin (6602655666)","37065826600; 6602655666","Grid integration of intermittent renewable energy sources using price-responsive plug-in electric vehicles","2012","Renewable and Sustainable Energy Reviews","205","10.1016/j.rser.2012.02.019","https://www.scopus.com/pages/publications/84860313160?origin=resultslist","Fraunhofer Institute for Systems and Innovation Research (Fraunhofer ISI), 76139 Karlsruhe, Breslauer Strasse 48, Germany","Dallinger D., Fraunhofer Institute for Systems and Innovation Research (Fraunhofer ISI), 76139 Karlsruhe, Breslauer Strasse 48, Germany; Wietschel M., Fraunhofer Institute for Systems and Innovation Research (Fraunhofer ISI), 76139 Karlsruhe, Breslauer Strasse 48, Germany","Plug-in electric vehicles (PEVs) are expected to balance the fluctuation of renewable energy sources (RES). To investigate the contribution of PEVs, the availability of mobile battery storage and the control mechanism for load management are crucial. This study therefore combined the following: a stochastic model to determine mobility behavior, an optimization model to minimize vehicle charging costs and an agent-based electricity market equilibrium model to estimate variable electricity prices. The variable electricity prices are calculated based on marginal generation costs. Hence, because of the merit order effect, the electricity prices provide incentives to consume electricity when the supply of renewable generation is high. Depending on the price signals and mobility behavior, PEVs calculate a cost minimizing charging schedule and therefore balance the fluctuation of RES. The analysis shows that it is possible to limit the peak load using the applied control mechanism. The contribution of PEVs to improving the integration of intermittent renewable power generation into the grid depends on the characteristic of the RES generation profile. For the German 2030 scenario used here, the negative residual load was reduced by 15-22% and the additional consumption of negative residual load was between 34 and 52%. © 2012 Elsevier Ltd. All rights reserved.","Demand-side management; Intermittent generation; Plug-in electric vehicles; Variable prices","Cost benefit analysis; Electric generators; Electric power generation; Electric utilities; Electric vehicles; Electricity; Natural resources; Renewable energy resources; Agent based; Battery storage; Control mechanism; Demand side managements; Electricity market equilibrium; Electricity prices; Generation cost; Grid integration; Intermittent generation; Mobility behavior; Optimization models; Peak load; Plug-ins; Price signals; Renewable energy source; Renewable generation; Renewable power generation; Residual load; Variable prices; Costs","Baqai Medical University, BMU; Bundesministerium für Umwelt, Naturschutz und nukleare Sicherheit, BMU","This work has been co-financed under grant of the German Federal Ministry for the Environment, Nature Conservation and Nuclear Safety (BMU) as part of the project “Flottenversuch Elektromobilität”. We thank Ilan Momber, Patrick Plötz, Fabian Kley and Gillian Bowman-Köhler for discussions and critical reading of the manuscript. ","","Review","Scopus"
"Weissenbock J.; Amirkhanov A.; Li W.; Reh A.; Amirkhanov A.; Groller E.; Kastner J.; Heinzl C.","Weissenbock, Johannes (56136496800); Amirkhanov, Artem (6506013563); Li, Weimin (56136661800); Reh, Andreas (26421378100); Amirkhanov, Alexander (56136585000); Groller, Eduard (6701726115); Kastner, Johann (55165789000); Heinzl, Christoph (22957423800)","56136496800; 6506013563; 56136661800; 26421378100; 56136585000; 6701726115; 55165789000; 22957423800","FiberScout: An interactive tool for exploring and analyzing fiber reinforced polymers","2014","IEEE Pacific Visualization Symposium","50","10.1109/PacificVis.2014.52","https://www.scopus.com/pages/publications/84899549105?origin=resultslist","University of Applied, Sciences Upper Austria -Wels Campus, Austria; Ufa State Aviation Technical University, Ufa, Russian Federation; Vienna University of Technology, Institute of Computer Graphics and Algorithms, Vienna, Austria","Weissenbock J., University of Applied, Sciences Upper Austria -Wels Campus, Austria; Amirkhanov A., University of Applied, Sciences Upper Austria -Wels Campus, Austria; Li W., University of Applied, Sciences Upper Austria -Wels Campus, Austria; Reh A., University of Applied, Sciences Upper Austria -Wels Campus, Austria; Amirkhanov A., Ufa State Aviation Technical University, Ufa, Russian Federation; Groller E., Vienna University of Technology, Institute of Computer Graphics and Algorithms, Vienna, Austria; Kastner J., University of Applied, Sciences Upper Austria -Wels Campus, Austria; Heinzl C., University of Applied, Sciences Upper Austria -Wels Campus, Austria","Advanced composites such as fiber reinforced polymers are promising candidate materials for future components as they allow integrating the continuously rising demands of industry regarding cost-effectiveness, function-orientation, integration and weight. The most important structures of fiber reinforced polymers are the individual fibers, as their characteristics (stiffness, strength, ductility, durability, etc.) to a large extent determine the properties of the final component. The main contribution of this paper is the introduction of a new system for interactive exploration and visual analysis of fiber properties in X-ray computed tomography data of fiber reinforced polymers. The presented tool uses parallel coordinates to define and configure initial fiber classes. Using a scatter plot matrix linked to the parallel coordinates the initial classification may be refined. This allows to analyze hidden relationships between individual fiber properties. 2D and 3D views depict the resulting fiber classifications. By using polar plots an intuitive rendering of the fiber orientation distribution is provided. In addition, two modules of higher abstraction are proposed: The Blob visualization creates a hull around fibers with similar characteristics. The fiber metadata visualization allows to calculate overlays for 2D and 3D views containing regional information of particular material characteristics. The proposed system has been evaluated by two groups of domain experts. Applying the presented concepts the user feedback shows that the domain experts are now able to efficiently perform tasks as classification of fibers, visualization of fiber lengths and orientations, and visualization of fiber regions. The insights gained can be forwarded to the design office as well as to material development and simulation, in order to speed up the development of novel composite components. © 2014 IEEE.","Methodology and Techniques-Interaction techniques","Fiber reinforced plastics; Polymers; Three dimensional; Three dimensional computer graphics; Tools; Visualization; Fiber orientation distribution; Fiber reinforced polymers; Interactive exploration; Material characteristics; Material development; Methodology and techniques-interaction techniques; Parallel coordinates; X-ray computed tomography; Fibers","","","IEEE Computer Society","Conference paper","Scopus"
"Abbas-Bayoumi A.; Becker K.","Abbas-Bayoumi, Adel (57195065462); Becker, Klaus (57198673581)","57195065462; 57198673581","An industrial view on numerical simulation for aircraft aerodynamic design","2011","Journal of Mathematics in Industry","55","10.1186/2190-5983-1-10","https://www.scopus.com/pages/publications/84861926616?origin=resultslist","Aerodynamic Strategies, Getafe, Airbus, Avd. John Lennon, Spain; Aerodynamic Strategies, 28199 Bremen, Airbus, Airbusallee 1, Germany","Abbas-Bayoumi A., Aerodynamic Strategies, Getafe, Airbus, Avd. John Lennon, Spain; Becker K., Aerodynamic Strategies, 28199 Bremen, Airbus, Airbusallee 1, Germany","In Airbus view, one major objective for the aircraft industry is the reduction of aircraft development lead-time and the provision of robust solutions with highly improved quality. In that context it is important to exploit all opportunities provided by enhanced or new classes of numerical simulation tools, e. g. high fidelity multi-disciplinary Computational Fluid Dynamics (CFD) and powerful High Performance Computing (HPC) capabilities. To help meet the challenge of superior product development it will finally be essential to numerically 'flight-test' a virtual aircraft with all its multi-disciplinary interactions in a computer environment and to compile all of the data required for the development and certification with guaranteed accuracy in a reduced time frame. Numerical simulation is foreseen to provide a tremendous increase in aircraft design efficiency and quality over the next decades. This concept is considered by Airbus as one of the long term main objectives for aircraft development. Progress in HPC will essentially contribute to achieve this goal. Considerable changes of aircraft design processes and way of working will lead to significant reduction of development times while including more and more disciplines in the early phases of design activities in order to find an overall optimum aircraft design. Aerodynamic Design deals with the development of outer shapes of an aircraft, optimizing for its performance, handling qualities and loads. A major ingredient to the design process is the numerical simulation of the external airflow. The capabilities to predict the flow not only near the design point but also under other challenging conditions in a given flight envelope is a prerequisite for optimization towards market requirements. Since it began about 50 years ago, CFD has made important progress in terms of accuracy of the physical models, robustness and efficiency of the nonlinear solution algorithms and reliability of the overall prediction approach. This trend will continue over the next decades. In our view, along with the increasing capability to model and compute all major multi-disciplinary aspects of an aircraft, in the long term it will become possible to 'fly' and investigate the complete aircraft in the computer. Currently numerical simulation provides good means to analyse the flow around the aircraft in detail, although the regime of flow separation onset up to maximum lift conditions is still not modelled accurately enough, nonlinearities and turbulence modelling for separated flows are still a major concern. It was not only the increase in HPC power that made more sophisticated Navier-Stokes solving enter the daily industrial design process. Better understanding and mathematical analysis of the system of Navier-Stokes equations led to more powerful algorithms, to more capable software and more comprehensive analysis of aircraft flows. However, a lot work remains to be done. Next decade's goal will be to better exploit more accurate and efficient numerical formulations, advanced turbulence models and to achieve a fully flexible and automatic CFD capability that works in a fully adaptive manner, providing the best quality solution at minimum cost and time. This will lead to a complete change in the way future aircraft will be designed. © 2011 Abbas-Bayoumi, Becker.","","Aircraft; Computational fluid dynamics; Efficiency; Flight envelopes; Flow separation; Metal drawing; Numerical models; Product design; Turbulence models; Two phase flow; Aircraft design process; Aircraft development; Comprehensive analysis; Computer environments; Early phases of designs; High performance computing (HPC); Mathematical analysis; Numerical formulation; Navier Stokes equations","","","Springer Verlag","Article","Scopus"
"Rao A.G.; Yin F.; Van Buijtenen J.P.","Rao, Arvind Gangoli (57203814904); Yin, Feijia (55962191800); Van Buijtenen, Jos P. (6701458942)","57203814904; 55962191800; 6701458942","A hybrid engine concept for multi-fuel blended wing body","2014","Aircraft Engineering and Aerospace Technology","49","10.1108/AEAT-04-2014-0054","https://www.scopus.com/pages/publications/84913592454?origin=resultslist","Faculty of Aerospace Engineering, Delft University of Technology, Delft, Netherlands","Rao A.G., Faculty of Aerospace Engineering, Delft University of Technology, Delft, Netherlands; Yin F., Faculty of Aerospace Engineering, Delft University of Technology, Delft, Netherlands; Van Buijtenen J.P., Faculty of Aerospace Engineering, Delft University of Technology, Delft, Netherlands","Design/methodology/approach: The proposed hybrid engine concept has several novel features which include a contra-rotating fan for implementing boundary layer ingestion, dual combustion chambers using cryogenic fuel (liquefied natural gas [LNG] or liquid hydrogen [LH2]) and kerosene in the inter-turbine burner (in flameless combustion mode) and a cooling system for bleed air cooling utilizing the cryogenic fuel. A zero-dimensional thermodynamic model of the proposed hybrid engine is created using Gas Turbine Simulation Program to parametrically analyse the performance of various possible engine architectures. Furthermore, the chosen engine architecture is optimized at a cycle reference point using a developed in-house thermodynamic engine model coupled with genetic algorithm.; Findings : Using LH2 and kerosene, the hybrid engine can theoretically reduce CO2 emissions by around 80 per cent. Using LNG and kerosene, the CO2 emissions are reduced by more than 20 per cent as compared to the baseline engine.; Practical implications: The hybrid engine is being investigated in the AHEAD project co-sponsored by the European Commission. This unique aircraft and engine combination will enable aviation to use cryogenic fuels like LH2 or LNG, and will make aviation sustainable.; Originality/value: The MFBWB concept and the hybrid engine is a novel concept which has not yet been investigated before. The potential implications of this technology are far reaching and will shape the future development in aviation.; Purpose: The purpose of this paper is to present a novel hybrid engine concept for a multi-fuel blended wing body (MFBWB) aircraft and assess the performance of this engine concept. © Emerald Group Publishing Limited.","Cryogenic fuel; Hybrid engine; Liquefied natural gas; Liquid hydrogen; Low emission engine; Multi-fuel","Air refueling; Coal; Cooling; Cryogenic equipment; Dual fuel engines; Gas turbines; Hydrogen engines; Hydrogen fuels; Liquefied natural gas; Temperature; Thermolysis; Blended wing body; CO 2 emission; Contra-rotating; Cryogenic fuels; Design/methodology/approach; Hybrid engines; Liquid hydrogens; Low emission engines; Multi-fuel; Performance; Kerosene","","","Emerald Publishing","Article","Scopus"
"Giauque A.; Huet M.; Clero F.","Giauque, Alexis (9742419500); Huet, Maxime (36620848100); Clero, Franck (6504679250)","9742419500; 36620848100; 6504679250","Analytical analysis of indirect combustion noise in subcritical nozzles","2012","Proceedings of the ASME Turbo Expo","6","10.1115/1.4007318","https://www.scopus.com/pages/publications/84881187873?origin=resultslist","Department of Computational Fluid Dynamics and Aeroacoustics, Onera - French Aerospace Lab, Châtillon 92322, France","Giauque A., Department of Computational Fluid Dynamics and Aeroacoustics, Onera - French Aerospace Lab, Châtillon 92322, France; Huet M., Department of Computational Fluid Dynamics and Aeroacoustics, Onera - French Aerospace Lab, Châtillon 92322, France; Clero F., Department of Computational Fluid Dynamics and Aeroacoustics, Onera - French Aerospace Lab, Châtillon 92322, France","This article revisits the problem of indirect combustion noise in nozzles of finite length. The analytical model proposed by Moase et al. (JFM 2007) for indirect combustion noise is rederived and applied to subcritical nozzles having shapes of increasing complexity. This model is based on the equations formulated by Marble & Candel (JSV 1977) for which an explicit solution is obtained in the subsonic framework. The discretization of the nozzle into n elementary units of finite length implies the determination of 2n integration constants for which a set of linear equations is provided in this article. The analytical method is applied to configurations of increasing complexity. Analytical solutions are compared to numerical results obtained using SUNDAY (a 1D non linear Euler solver in temporal space) and CEDRE (3D Navier-Stokes flow solver). An excellent agreement is found for all configurations thereby showing that acceleration discontinuities at the boundaries between adjacent elements do not influence the actual acoustic transfer functions. The issue of nozzle compactness is addressed. It is found that in the subcritical domain, spectral results should be nondimensionalized using the flow-through-time of the entire nozzle. Doing so, transfer functions of nozzles of different lengths are successfully compared and a compactness criterion is proposed that writes ω * ∫ L 0 dζ =u(ζ ) < 1 where L is the axial length of the nozzle. Finally, the EWG experimental setup of Bake et al. (JSV 2009) is considered. Analytical results are compared to the results reported by Howe (JFM 2010). Both models give similar trends and show the important role of the rising time of the fluctuating temperature front on the amplitude of the indirect acoustic emission. The experimental temperature profile and the impedance coefficients at the inlet and outlet provided by Bake et al. (JSV 2009) and Leyko et al. (JSV 2011) are introduced into the analytical formulation. Results show that the indirect combustion noise mechanism cannot be held responsible alone for the acoustic emission in the subcritical case. Copyright © 2012 by ASME.","","Acoustic impedance; Combustion; Navier Stokes equations; Nozzles; Transfer functions; Acoustic-emissions; Analytical analysis; Analytical method; Combustion noise; Discretizations; Explicit solutions; Finite length; Integration constants; Numerical results; Subsonics; Acoustic noise","","","American Society of Mechanical Engineers (ASME)","Conference paper","Scopus"
"Ukoba K.; Kunene T.J.; Harmse P.; Lukong V.T.; Chien Jen T.","Ukoba, Kingsley (57216387275); Kunene, Thokozani Justin (57209285956); Harmse, Pieter (58075344600); Lukong, Valantine Takwa (57296850200); Chien Jen, Tien (57960414200)","57216387275; 57209285956; 58075344600; 57296850200; 57960414200","The Role of Renewable Energy Sources and Industry 4.0 Focus for Africa: A Review","2023","Applied Sciences (Switzerland)","39","10.3390/app13021074","https://www.scopus.com/pages/publications/85146732760?origin=resultslist","Department of Mechanical Engineering Science, University of Johannesburg, Auckland Park, Johannesburg, 2006, South Africa; Department of Mechanical Industrial Engineering Technology, University of Johannesburg, Johannesburg, Doornfontein, 2028, South Africa","Ukoba K., Department of Mechanical Engineering Science, University of Johannesburg, Auckland Park, Johannesburg, 2006, South Africa; Kunene T.J., Department of Mechanical Industrial Engineering Technology, University of Johannesburg, Johannesburg, Doornfontein, 2028, South Africa; Harmse P., Department of Mechanical Engineering Science, University of Johannesburg, Auckland Park, Johannesburg, 2006, South Africa; Lukong V.T., Department of Mechanical Engineering Science, University of Johannesburg, Auckland Park, Johannesburg, 2006, South Africa; Chien Jen T., Department of Mechanical Engineering Science, University of Johannesburg, Auckland Park, Johannesburg, 2006, South Africa","The fourth industrial revolution presents an upspring opportunity for the African continent to adopt technologies such as artificial intelligence, big data, internet-enabled industrial platforms, 3D printing, robotics, nanotechnology, and blockchains. This is more so because the past three industrial revolutions saw the African continent being left out of its opportunities despite its affluent population and natural resources. Africa stands to benefit from industrial development, digitalization, and greater integration, which would result in more excellent opportunities for the growing youthful populations. However, for the digital transformation strategy and other key industry 4.0 opportunities to be successful, reliable infrastructure, affordable and stable electricity, and greater awareness are critical and imperative. This review examines the possible energy options that the continent of Africa can explore and implement for the successful deployment of Industry 4.0. The impact, difficulties, and opportunities of the fourth industrial revolution technologies on African development are discussed. Also discussed are various forms of renewable energy options based on Africa’s geographic location. This review will assist researchers and policymakers in implementing Industry 4.0 in Africa. © 2023 by the authors.","4IR; Africa; energy; renewable energy; review","","University Research Committee (URC) of University of Johannesburg; Fonds National de la Recherche Luxembourg, FNR","This research was funded by the University Research Committee (URC) of University of Johannesburg and National Research Fund (NRF) of South Africa.","MDPI","Review","Scopus"
"Mockett C.; Haase W.; Thiele F.","Mockett, Charles (8372202000); Haase, Werner (7202631432); Thiele, Frank (23768410800)","8372202000; 7202631432; 23768410800","Go4hybrid: A European initiative for improved hybrid RANS-LES modelling","2015","Notes on Numerical Fluid Mechanics and Multidisciplinary Design","22","10.1007/978-3-319-15141-0_24","https://www.scopus.com/pages/publications/84928595583?origin=resultslist","CFD Software Entwicklungs- und Forschungsgesellschaft mbH, Berlin, Germany; Werner Haase Aeronautics Consultants, Neubiberg, Germany","Mockett C., CFD Software Entwicklungs- und Forschungsgesellschaft mbH, Berlin, Germany; Haase W., Werner Haase Aeronautics Consultants, Neubiberg, Germany; Thiele F., CFD Software Entwicklungs- und Forschungsgesellschaft mbH, Berlin, Germany","An overview is given of a new EU-funded project targeting the mitigation of a key remaining issue with hybrid RANS-LES methods. The grey area problem arises due to inconsistencies in the transition between RANS and LES paradigms and has a detrimental impact on the early separated shear layer, particularly for e.g. shallow separating/reattaching flows. Progress on this front is seen as central to improving industrial confidence in CFD for situations typical of the limits of machine performance. © Springer International Publishing Switzerland 2015.","","","Seventh Framework Programme, FP7, (605361); Seventh Framework Programme, FP7; European Seventh Framework Programme FP7/2007, (233710)","The Go4Hybrid project (“Grey Area Mitigation for Hybrid RANS-LES Methods”) is funded by the European Union Seventh Framework Programme FP7/2007–2013 under grant agreement no. 605361. The Partners of the Go4Hybrid project are CFD Software E+F GmbH (DE—coordinators), German Aerospace Center (DE), National Aerospace Laboratory (NL), New Technologies and Services LLC (RU), ONERA (FR), Swedish Defence Research Agency (SE) and the University of Manchester (GB). The ATAAC project (“Advanced Turbulence Simulation for Aerodynamic Application Challenges”) was funded by the European Seventh Framework Programme FP7/2007–2013 under grant agreement no. 233710.","Springer Verlag","Article","Scopus"
"Bake F.; Kings N.; Fischer A.; Roehle I.","Bake, Friedrich (9245212200); Kings, Nancy (24071073800); Fischer, Andre (56493819700); Roehle, Ingo (9245212400)","9245212200; 24071073800; 56493819700; 9245212400","Indirect combustion noise: Investigations of noise generated by the acceleration of flow inhomogeneities","2009","Acta Acustica united with Acustica","17","10.3813/AAA.918170","https://www.scopus.com/pages/publications/67650292876?origin=resultslist","Department of Engine Acoustics, Institute of Propulsion Technology, German Aerospace Center (DLR), 10623 Berlin, Mueller-Breslau-Str. 8, Germany","Bake F., Department of Engine Acoustics, Institute of Propulsion Technology, German Aerospace Center (DLR), 10623 Berlin, Mueller-Breslau-Str. 8, Germany; Kings N., Department of Engine Acoustics, Institute of Propulsion Technology, German Aerospace Center (DLR), 10623 Berlin, Mueller-Breslau-Str. 8, Germany; Fischer A., Department of Engine Acoustics, Institute of Propulsion Technology, German Aerospace Center (DLR), 10623 Berlin, Mueller-Breslau-Str. 8, Germany; Roehle I., Department of Engine Acoustics, Institute of Propulsion Technology, German Aerospace Center (DLR), 10623 Berlin, Mueller-Breslau-Str. 8, Germany","The entropy noise mechanism was experimentally investigated under clearly defined flow and boundary conditions on a dedicated test setup. Previous experimental research on the topic of entropy noise could draw only indirect conclusions on the existence of entropy noise due to the complexity of the physical mechanism. In order to reduce this complexity, a reference test rig has been set up within this work. In this test rig well controlled entropy waves were generated by electrical heating. The noise emission of the entropy waves accelerated in an adjacent nozzle flow was measured accurately and therewith a qualitative and quantitative determination of the entropy noise source mechanism could be experimentally accomplished. In addition to this, a parametric study on the quantities relevant for entropy noise was conducted. The results were compared to a one-dimensional theory by Marble & Candel. In a next step investigations on a combustor test rig showed a broadband noise generation mechanism in the frequency range between 1 and 3.2 kHz. The combustor rig was set up with a similar outlet-nozzle geometry like the reference test rig (EWG) and provided therefore outlet-boundary conditions like in real-scale aero-engines (outlet Mach number = 1.0). It was found that this broadband noise has a strong dependency on the nozzle Mach number in the combustor outlet. The summed-up broadband sound pressure level increases exponentially with the nozzle Mach number. However, investigations of comparable cold flow conditions did not show this behavior. Since the results of the reference experiment with artificially generated entropy waves did not show this exponential increase with the nozzle Mach number, this leaves the conclusion, that this additional noise is generated by the interaction of small-scale fluctuations, e.g. in entropy or vorticity, with the turbulent nozzle flow in the combustion chamber outlet nozzle. © S. Hirzel Verlag · EAA.","","Acoustic noise; Aerodynamics; Boundary conditions; Boundary layer flow; Combustion; Combustion chambers; Combustors; Drilling rigs; Mach number; Nozzles; Testing; Thermochemistry; Aero-engine; Broadband noise; Broadband noise generation; Cold flows; Combustion chamber outlet; Combustion noise; Combustor outlets; Electrical heating; Entropy waves; Experimental research; Exponential increase; Frequency ranges; Inhomogeneities; Noise emissions; Noise mechanisms; Noise source; Nozzle flow; Nozzle geometries; Parametric study; Physical mechanism; Quantitative determinations; Sound pressure level; Test rigs; Test setups; Turbulent nozzle flows; Entropy","","","","Article","Scopus"
"Pandi P.; Le Clercq P.","Pandi, Parthasarathy (7005267792); Le Clercq, Patrick (6506011791)","7005267792; 6506011791","Numerical simulation of heat transfer in a 3D cavity-receiver","2015","ASME 2015 9th International Conference on Energy Sustainability, ES 2015, collocated with the ASME 2015 Power Conference, the ASME 2015 13th International Conference on Fuel Cell Science, Engineering and Technology, and the ASME 2015 Nuclear Forum","2","10.1115/ES2015-49355","https://www.scopus.com/pages/publications/84950109992?origin=resultslist","Institute of Combustion Technology, DLR, German Aerospace Center, Stuttgart, Germany","Pandi P., Institute of Combustion Technology, DLR, German Aerospace Center, Stuttgart, Germany; Le Clercq P., Institute of Combustion Technology, DLR, German Aerospace Center, Stuttgart, Germany","The unsteady 3D fluid flow coupled to radiative, convective, and conductive heat transfers are computed within a cavityreceiver that was successfully tested experimentally. A Monte-Carlo radiation model is used in the fluid regions of the reactor with source terms outside the cavity's window to account for the concentrated radiative power input. Darcy's law for the viscous regime and the Forchheimer's term for the inertial regime are used in the momentum equation to account for the pressure drop within the porous region (RPC). Two separate energy equations for the solid and for the fluid regions of the porous domain are solved in order to capture the non-equilibrium effects in that region. Rosseland diffusion approximation is used in the solid regions of the RPC domain. The material properties and boundary conditions were taken from published experimental measurements. The simulation results are compared to the measurement data collected during the preheating and the ceria reduction phases, which sum up to four different radiative power inputs. Results of the comparison are very good and constitute the verification that the numerical methods, physical sub-process models and material properties are adequately selected and implemented. An analysis regarding the heat balance, the recirculating flow and, the effect of dual-scale porosity is also presented. Copyright © 2015 by ASME.","","Cell engineering; Chemical analysis; Cooling systems; Diffusion in liquids; Digital storage; Electric power transmission networks; Flow of fluids; Fluid dynamics; Heat transfer; Numerical methods; Solar power generation; Sustainable development; Wind power; Conductive heat transfer; Diffusion approximations; Measurement data; Momentum equation; Non-equilibrium effects; Radiation modeling; Recirculating flow; Simulation of heat transfer; Smart power grids","European Commission","","American Society of Mechanical Engineers","Conference paper","Scopus"
"Lynen S.; Achtelik M.W.; Weiss S.; Chli M.; Siegwart R.","Lynen, Simon (55325827200); Achtelik, Markus W. (55143887100); Weiss, Stephan (57212748175); Chli, Margarita (25654656600); Siegwart, Roland (35926876800)","55325827200; 55143887100; 57212748175; 25654656600; 35926876800","A robust and modular multi-sensor fusion approach applied to MAV navigation","2013","IEEE International Conference on Intelligent Robots and Systems","580","10.1109/IROS.2013.6696917","https://www.scopus.com/pages/publications/84893739860?origin=resultslist","Autonomous Systems Laboratory, ETH Zurich, Switzerland; Computer Vision Group, Nasa JPL, California, United States","Lynen S., Autonomous Systems Laboratory, ETH Zurich, Switzerland; Achtelik M.W., Autonomous Systems Laboratory, ETH Zurich, Switzerland; Weiss S., Computer Vision Group, Nasa JPL, California, United States; Chli M., Autonomous Systems Laboratory, ETH Zurich, Switzerland; Siegwart R., Autonomous Systems Laboratory, ETH Zurich, Switzerland","It has been long known that fusing information from multiple sensors for robot navigation results in increased robustness and accuracy. However, accurate calibration of the sensor ensemble prior to deployment in the field as well as coping with sensor outages, different measurement rates and delays, render multi-sensor fusion a challenge. As a result, most often, systems do not exploit all the sensor information available in exchange for simplicity. For example, on a mission requiring transition of the robot from indoors to outdoors, it is the norm to ignore the Global Positioning System (GPS) signals which become freely available once outdoors and instead, rely only on sensor feeds (e.g., vision and laser) continuously available throughout the mission. Naturally, this comes at the expense of robustness and accuracy in real deployment. This paper presents a generic framework, dubbed MultiSensor-Fusion Extended Kalman Filter (MSF-EKF), able to process delayed, relative and absolute measurements from a theoretically unlimited number of different sensors and sensor types, while allowing self-calibration of the sensor-suite online. The modularity of MSF-EKF allows seamless handling of additional/lost sensor signals during operation while employing a state buffering scheme augmented with Iterated EKF (IEKF) updates to allow for efficient re-linearization of the prediction to get near optimal linearization points for both absolute and relative state updates. We demonstrate our approach in outdoor navigation experiments using a Micro Aerial Vehicle (MAV) equipped with a GPS receiver as well as visual, inertial, and pressure sensors. © 2013 IEEE.","","Calibration; Extended Kalman filters; Global positioning system; Intelligent robots; Linearization; Micro air vehicle (MAV); Navigation; Absolute measurements; Generic frameworks; Micro aerial vehicle; Multi-sensor fusion; Multiple sensors; Outdoor navigation; Robot navigation; Sensor informations; Sensors","","","","Conference paper","Scopus"
"Leyko M.; Nicoud F.; Poinsot T.","Leyko, M. (27567856300); Nicoud, F. (6603539140); Poinsot, T. (7004181133)","27567856300; 6603539140; 7004181133","Comparison of direct and indirect combustion noise mechanisms in a model combustor","2009","AIAA Journal","138","10.2514/1.43729","https://www.scopus.com/pages/publications/72149129214?origin=resultslist","Snecma Groupe SAFRAN, 77550 Moissy-Cramayel, France; Université Montpellier II, 34095 Montpellier, France; Institut de Mécanique des Fluides de Toulouse, 31400 Toulouse, France","Leyko M., Snecma Groupe SAFRAN, 77550 Moissy-Cramayel, France; Nicoud F., Université Montpellier II, 34095 Montpellier, France; Poinsot T., Institut de Mécanique des Fluides de Toulouse, 31400 Toulouse, France","Core noise in aeroengines is due to two main mechanisms: direct combustion noise, which is generated by the unsteady expansion of burning gases, and indirect combustion noise, which is due to the acceleration of entropy waves (temperature fluctuations generated by unsteady combustion) within the turbine stages. This paper shows how a simple burner model (a flame in a combustion chamber terminated by a nozzle) can be used to scale direct and indirect noise. An analytical formulation is used for waves generated by combustion. The transmission and generation of waves through the nozzle is calculated using both the analytical results of Marble and Candel (Marble, F. E., and Candel, S., ""Acoustic Disturbances from Gas Nonuniformities Convected Through a Nozzle,"" Journal of Sound and Vibration, Vol. 55, 1977, pp. 225-243.) and a numerical tool. Numerical results for the nozzle verify and extend the analytical approach. The analytical relations for the combustion and the nozzle provide simple scaling laws for direct and indirect noise ratio as a function of the Mach number in the combustion chamber and at the nozzle outlet. Copyright © 2009 by the American Institute of Aeronautics and Astronautics, Inc. All rights reserved.","","Combustion chambers; Mach number; Marble; Nozzles; Smoke; Vibration analysis; Acoustic disturbances; Aeroengines; Analytical approach; Analytical formulation; Analytical relations; Analytical results; Burner models; Combustion noise; Combustion noise mechanism; Direct combustion; Entropy waves; Model combustor; Noise ratio; Non-uniformities; Numerical results; Numerical tools; Temperature fluctuation; Turbine stages; Unsteady combustion; Combustion","AITEC; Centre Informatique National de l’Enseignement Supérieur; Direction Générale de l’Aviation Civile; Fondation de Recherche pour l’Aéronautique et l’Espace","This work was partly funded by the Fondation de Recherche pour l’Aéronautique et l’Espace and the Direction Générale de l’Aviation Civile, within the BRUCO (bruit de combustion issu des turbines à gaz) project and the AITEC (analyse instationnaire des turboma-chines en aerodynamique et acoustique) research program, respectively. The authors gratefully acknowledge support from the Centre Informatique National de l’Enseignement Supérieur for the access to computing resources. N. Lamarque is thanked for questions and discussions on theoretical backgrounds. F. Duchaine and A. Roux are thanked for their support about computational issues.","","Article","Scopus"
"Holmes B.J.; Durham M.H.; Tarry S.E.","Holmes, Bruce J. (7102104170); Durham, Michael H. (7101604433); Tarry, Scott E. (57225848760)","7102104170; 7101604433; 57225848760","Small Aircraft Transportation System Concept and Technologies","2004","Journal of Aircraft","64","10.2514/1.3257","https://www.scopus.com/pages/publications/1542397208?origin=resultslist","NASA Langley Research Center, Hampton, VA 23681, United States; University of Nebraska at Omaha, Omaha, NE 68182-0508, United States; Airspace/Vehicle Systems Integration, United States; Distributed Air Ground System, Adv. Air Transportation Technologies, United States; Aviation Institute, 6001 Dodge Street, United States","Holmes B.J., NASA Langley Research Center, Hampton, VA 23681, United States, Airspace/Vehicle Systems Integration, United States; Durham M.H., NASA Langley Research Center, Hampton, VA 23681, United States, Distributed Air Ground System, Adv. Air Transportation Technologies, United States; Tarry S.E., University of Nebraska at Omaha, Omaha, NE 68182-0508, United States, Aviation Institute, 6001 Dodge Street, United States","This paper summarizes both the vision and the early public-private collaborative research for the small aircraft transportation system (SATS). The paper outlines an operational definition of SATS, describes how SATS conceptually differs from current air transportation capabilities, introduces four SATS operating capabilities, and explains the relation between the SATS operating capabilities and the potential for expanded air mobility. The SATS technology roadmap encompasses on-demand, widely distributed, point-to-point air mobility, through hired-pilot modes in the nearer term, and through self-operated user modes in the farther term. The nearer-term concept is based on aircraft and airspace technologies being developed to make the use of smaller, more widely distributed community reliever and general aviation airports and their runways more useful in more weather conditions, in commercial hired-pilot service modes. The farther-term vision is based on technical concepts that could be developed to simplify or automate many of the operational functions in the aircraft and the airspace for meeting future public transportation needs in personally operated modes. NASA technology strategies form a roadmap between the nearer-term concept and the farther-term vision. This paper outlines a roadmap for scalable, on-demand, distributed air mobility technologies for vehicle and airspace systems. The audiences for the paper include general aviation manufacturers; small aircraft transportation service providers; the flight training industry; airport and transportation authorities at the federal, state, and local levels; and organizations involved in planning for future national airspace system advancements.","","Aerospace industry; Aircraft manufacture; Airport runways; Civil aviation; Flight dynamics; Industrial management; Personnel training; Strategic planning; Point-to-point air mobility; Small aircraft transport system (SATS) concept; Air transportation","","","American Institute of Aeronautics and Astronautics Inc.","Review","Scopus"
"Weiss M.; Cloos K.C.; Helmers E.","Weiss, Martin (56999672000); Cloos, Kira Christina (57215873344); Helmers, Eckard (6603702098)","56999672000; 57215873344; 6603702098","Energy efficiency trade-offs in small to large electric vehicles","2020","Environmental Sciences Europe","188","10.1186/s12302-020-00307-8","https://www.scopus.com/pages/publications/85082184732?origin=resultslist","Environmental Planning and Technology Department, University of Applied Sciences Trier, Environment Campus Birkenfeld, P.O. Box 1380, Birkenfeld, 55761, Germany","Weiss M., Environmental Planning and Technology Department, University of Applied Sciences Trier, Environment Campus Birkenfeld, P.O. Box 1380, Birkenfeld, 55761, Germany; Cloos K.C., Environmental Planning and Technology Department, University of Applied Sciences Trier, Environment Campus Birkenfeld, P.O. Box 1380, Birkenfeld, 55761, Germany; Helmers E., Environmental Planning and Technology Department, University of Applied Sciences Trier, Environment Campus Birkenfeld, P.O. Box 1380, Birkenfeld, 55761, Germany","Background: As electric kick scooters, three-wheelers, and passenger cars enter the streets, efficiency trade-offs across vehicle types gain practical relevance for consumers and policy makers. Here, we compile a comprehensive dataset of 428 electric vehicles, including seven vehicle types and information on certified and real-world energy consumption. Regression analysis is applied to quantify trade-offs between energy consumption and other vehicle attributes. Results: Certified and real-world energy consumption of electric vehicles increase by 60% and 40%, respectively, with each doubling of vehicle mass, but only by 5% with each doubling of rated motor power. These findings hold roughly also for passenger cars whose energy consumption tends to increase 0.6 ± 0.1 kWh/100 km with each 100 kg of vehicle mass. Battery capacity and vehicle mass are closely related. A 10 kWh increase in battery capacity increases the mass of electric cars by 15 kg, their drive range by 40–50 km, and their energy consumption by 0.7–1.0 kWh/100 km. Mass-produced state-of-the-art electric passenger cars are 2.1 ± 0.8 kWh/100 km more efficient than first-generation vehicles, produced at small scale. Conclusion: Efficiency trade-offs in electric vehicles differ from those in conventional cars—the latter showing a strong dependency of fuel consumption on rated engine power. Mass-related efficiency trade-offs in electric vehicles are large and could be tapped by stimulating mode shift from passenger cars to light electric road vehicles. Electric passenger cars still offer potentials for further efficiency improvements. These could be exploited through a dedicated energy label with battery capacity as utility parameter. © 2020, The Author(s).","Climate policy; e-bikes; e-boards; Efficiency trade-offs; Electric cars; Electric kick scooters; Electric light commercial vehicles; Electric motorcycles; Electric three- and four-wheelers; Electric trucks; Electric vehicles; Sustainable road transport; Urban mobility","electric vehicle; energy efficiency; energy use; environmental policy; fuel consumption; power generation; regression analysis; trade-off","","","Springer","Article","Scopus"
"Delmonte E.; Kinnear N.; Jenkins B.; Skippon S.","Delmonte, Emma (56162793700); Kinnear, Neale (25630725900); Jenkins, Becca (57211392326); Skippon, Stephen (55287287900)","56162793700; 25630725900; 57211392326; 55287287900","What do consumers think of smart charging? Perceptions among actual and potential plug-in electric vehicle adopters in the United Kingdom","2020","Energy Research and Social Science","108","10.1016/j.erss.2019.101318","https://www.scopus.com/pages/publications/85073708408?origin=resultslist","TRL, Crowthorne House, Nine Mile Ride, Wokingham, RG40 3GA, BRK, United Kingdom","Delmonte E., TRL, Crowthorne House, Nine Mile Ride, Wokingham, RG40 3GA, BRK, United Kingdom; Kinnear N., TRL, Crowthorne House, Nine Mile Ride, Wokingham, RG40 3GA, BRK, United Kingdom; Jenkins B., TRL, Crowthorne House, Nine Mile Ride, Wokingham, RG40 3GA, BRK, United Kingdom; Skippon S., TRL, Crowthorne House, Nine Mile Ride, Wokingham, RG40 3GA, BRK, United Kingdom","Widespread adoption of Plug-in Electric Vehicles (PEVs) would add substantially to overall electricity demand, while increasing deployment of renewable supply sources will make supply-demand balancing more difficult. Early PEV market experience suggests that users preferentially charge their vehicles in the early evening, when other demands are high. Managed (or Smart) charging aims to shift PEV charging load to times when other demands are low, to facilitate better integration into the wider energy system, operation within network constraints, and minimisation of future network reinforcement costs. However, material effectiveness would require mass engagement with managed charging. To gain initial insight into the potential for managed charging, 60 semi-structured interviews were carried out with actual or potential UK PEV users. Interviews explored present charging behaviour and responses to two types of managed charging schemes, user-managed charging (UMC) based on time-of-use tariffs, and supplier-managed charging (SMC). Participants’ willingness to engage with either was conditional on large reductions in charging costs. UMC was preferred over SMC, because of perceived personal control and lower perceived risk that a vehicle might not be fully charged at the required time. Preference for SMC was based mainly on perceived advantages to society as a whole. © 2019 Elsevier Ltd","Charging behaviour; Consumer; Managed charging; PEV; Plug-in electric vehicle; Smart charging","","Energy Technologies Institute","This work was commissioned by the Energy Technologies Institute as part of the wider Consumers, Vehicles, and Energy Integration (CVEI) project.","Elsevier Ltd","Article","Scopus"
"Cheng L.; Chang Y.; Huang R.","Cheng, Lin (57197460731); Chang, Yao (55771597100); Huang, Renle (56654638500)","57197460731; 55771597100; 56654638500","Mitigating Voltage Problem in Distribution System with Distributed Solar Generation Using Electric Vehicles","2015","IEEE Transactions on Sustainable Energy","193","10.1109/TSTE.2015.2444390","https://www.scopus.com/pages/publications/84960282872?origin=resultslist","State Key Laboratory of Power Systems, Department of Electrical Engineering, Tsinghua University, Beijing, 100084, China; State Grid of China, Beijing Electric Power Company, Beijing, 100031, China","Cheng L., State Key Laboratory of Power Systems, Department of Electrical Engineering, Tsinghua University, Beijing, 100084, China; Chang Y., State Key Laboratory of Power Systems, Department of Electrical Engineering, Tsinghua University, Beijing, 100084, China; Huang R., State Grid of China, Beijing Electric Power Company, Beijing, 100031, China","Distributed solar generation has the potential to reach high penetration levels in distribution systems. However, its integration reshapes distribution system power flows and causes rapid-fluctuations in system statuses. The facts challenge major voltage management approaches, nowadays, such as using online load tap changing (OLTC) transformers, voltage regulators (VRs), or shunt capacitors. In this paper, we explore the capability of using vehicle-to-grid (V2G) electric vehicles (EVs) to join distribution system voltage management, and to collaborate with OLTCs to mitigate the voltage problems caused by distribution solar generations. A two-stage control method is proposed for this purpose. The first stage controls the making of rolling schedules for EV charging and OLTC tap positions, while the second controls the EVs to resist the solar generation fluctuation to maintain voltage profiles. A case system with simultaneous overvoltage/undervoltage risks is designed to test the effectiveness of the proposed method. The results demonstrate that both the over/undervoltage risks are mitigated. © 2015 IEEE.","Electric vehicles (EVs); optimal power flow; positive semidefinite programming; Voltage regulation","Amphibious vehicles; Electric potential; Electric vehicles; Paper capacitors; Solar power generation; Vehicles; Voltage regulators; Distribution system voltages; Distribution systems; Electric Vehicles (EVs); Penetration level; Two stage controls; Vehicle to Grid (V2G); Voltage management; Voltage regulators (VRs); Local area networks","","","Institute of Electrical and Electronics Engineers Inc.","Article","Scopus"
"Wang L.; Madawala U.K.; Wong M.-C.","Wang, Lei (57207490602); Madawala, Udaya K. (8859123600); Wong, Man-Chung (7403908093)","57207490602; 8859123600; 7403908093","A Wireless Vehicle-to-Grid-to-Home Power Interface with an Adaptive DC Link","2021","IEEE Journal of Emerging and Selected Topics in Power Electronics","65","10.1109/JESTPE.2020.2992776","https://www.scopus.com/pages/publications/85102979541?origin=resultslist","College of Electrical and Information Engineering, Hunan University, Changsha, China; Department of Electrical and Computer Engineering, The University of Auckland, Auckland, New Zealand; Department of Electrical and Computer Engineering, Faculty of Science and Technology, University of Macau, Macao","Wang L., College of Electrical and Information Engineering, Hunan University, Changsha, China; Madawala U.K., Department of Electrical and Computer Engineering, The University of Auckland, Auckland, New Zealand; Wong M.-C., Department of Electrical and Computer Engineering, Faculty of Science and Technology, University of Macau, Macao","Electric vehicles (EVs) that offer grid services using the vehicle-to-grid (V2G) concept essentially require an interface that allows for directional power flow. This article presents a wireless bidirectional grid power interface for EVs that facilitate power flow between the grid, EV, and homes with nonlinear loads. The proposed wireless vehicle-to-grid-to-home power interface (WVGH-PI) uses the grid-side low frequency to dc converter, used in typical wireless bidirectional chargers only to facilitate the two-way energy flow, to improve the power quality by compensating for the harmonic power and reactive power of nonlinear household loads. To improve the overall efficiency of the interface, an adaptive dc-link voltage controller is also proposed. Operation of the proposed wireless interface is investigated under dynamic conditions and in different modes. The simulation and experimental results obtained from a 1-kW prototype are presented, benchmarking against conventional control, to demonstrate the validity of the proposed concept.  © 2013 IEEE.","Adaptive dc-link voltage; electric vehicle (EV); inductive charging; wireless power transmission (WPT); wireless vehicle-to-grid-to-home power interface (WVGH-PI)","Electric load flow; Electric power transmission networks; Vehicles; Bi-directional chargers; Conventional control; DC-link voltages; Dynamic condition; Electric Vehicles (EVs); Overall efficiency; Vehicle to Grid (V2G); Wireless interfaces; Vehicle-to-grid","Science and Technology Development Fund, STDF, (FDCT 0026/2019/A1); Science and Technology Development Fund, STDF; Universidade de Macau, UM, (MYRG2017-00038-FST, MYRG2018-00056-FST); Universidade de Macau, UM","Manuscript received November 24, 2019; revised February 19, 2020; accepted May 2, 2020. Date of publication May 6, 2020; date of current version April 1, 2021. This work was supported by the Macau Science and Technology Development Fund (FDCT, Macao) under Project FDCT 0026/2019/A1, in part by the University of Macau under Project MYRG2017-00038-FST and Project MYRG2018-00056-FST, and in part by the State Key Laboratory of Internet of Things for Smart City. Recommended for publication by Associate Editor Martin Ordonez. (Corresponding author: Lei Wang.) Lei Wang is with the College of Electrical and Information Engineering, Hunan University, Changsha 410082, China (e-mail: jordanwanglei@ gmail.com).","Institute of Electrical and Electronics Engineers Inc.","Article","Scopus"
"Silva M.; Tantot N.; Selezneff S.; Walsh M.; Nyatando R.; Johann E.; Klauke T.; Coppola M.; Kando A.","Silva, Manuel (57191526041); Tantot, Nicolas (54406220700); Selezneff, Serge (35097706200); Walsh, Mike (57193262400); Nyatando, Rose (36100345500); Johann, Erik (6507829890); Klauke, Thomas (23966526200); Coppola, Michele (57191527754); Kando, André (57056532200)","57191526041; 54406220700; 35097706200; 57193262400; 36100345500; 6507829890; 23966526200; 57191527754; 57056532200","Advanced aero-engines technology enablers (an overview of the european project e-break)","2016","Proceedings of the ASME Turbo Expo","5","10.1115/GT2016-56572","https://www.scopus.com/pages/publications/84991383988?origin=resultslist","SAFRAN-TURBOMECA, Bordes, France; SAFRAN-SNECMA, Moissy-Cramayel, France; Rolls-Royce plc, Derby, United Kingdom; Rolls-Royce Deutschland, Berlin, Germany; GE AVIO, Pomigliano d'Arco, Italy; MTU Aero Engines AG, Mönchen, Germany","Silva M., SAFRAN-TURBOMECA, Bordes, France; Tantot N., SAFRAN-SNECMA, Moissy-Cramayel, France; Selezneff S., SAFRAN-SNECMA, Moissy-Cramayel, France; Walsh M., Rolls-Royce plc, Derby, United Kingdom; Nyatando R., Rolls-Royce plc, Derby, United Kingdom; Johann E., Rolls-Royce Deutschland, Berlin, Germany; Klauke T., Rolls-Royce Deutschland, Berlin, Germany; Coppola M., GE AVIO, Pomigliano d'Arco, Italy; Kando A., MTU Aero Engines AG, Mönchen, Germany","This paper describes research carried out in the European Commission co-funded project E-BREAK (Engine BREAK through components and subsystems) focused on development of generic enabling technologies for new aero-engines. A global market forecast (2015-2034) from Airbus [1], depicts an average growth rate of 4.6% per year. Air traffic is forecasted to double in the next 15 years. It is expected, to triple in the next 20 years, according to the speech given by RRUK CEO during the Aerodays 2015 in London [2]. This high level of growth in demand for air travel represents huge opportunities as well as significant challenges for the aerospace industry. Research and Technology through collaborative European projects addresses the environmental penalties of air traffic. Europe's aviation industry therefore faces a huge challenge to satisfy the demand whilst guaranteeing competitiveness, safety and more environmentally friendly air travel. Innovative engine configurations consequently need to be investigated in order to reduce significantly the pollutant emissions (15 to 20% for fuel consumption and CO2 and 80% reduction for NOx). Such reductions can only be achieved by considering innovative components that could be integrated and optimized in new engine configurations. In response to the above demands, aero-engine manufacturers are constantly aiming to improve gas turbine efficiency for two main reasons: To reduce environmental impact and to minimize operating costs. The E-BREAK project is aimed at the development of generic enabling technologies needed to address the challenges for future engines with higher overall pressure ratios (OPR) and bypass ratio (BPR). These technologies are developed at subsystem and component level and validated in test rigs which are equivalent to Technical Readiness Level (TRL) 5. The utility of the developed technologies are assessed using four standard study powerplants. These are turboshaft, regional turbofan, mid-size open rotor, and large turbofan, covering most of the expected future commercial aero-engine market. This article describes the technical approach followed in E-BREAK for the various technologies being investigated, these are: Advanced sealing to reduce oil and air leakages Variability control to ensure stability of thermodynamic cycle High temperature resistant material and abradables to prevent fast degradation at high temperatures Light material to prevent significant mass increase Health monitoring system to anticipate sub-systems degradation The envisaged outcomes from E-BREAK are enablers to other EUfunded research projects focused on module maturation progress, such as LEMCOTEC dealing with high OPR modules and ENOVAL dealing with high BPR LP components. © Copyright 2016 by ASME.","","Accident prevention; Aerospace industry; Air transportation; Aircraft engines; Blowers; Bypass ratio; Carbon dioxide; Civil aviation; Commerce; Competition; Engines; Environmental impact; Environmental technology; Fighter aircraft; Gas turbines; International trade; Operating costs; Thermodynamic properties; Turbomachinery; Aero engine manufacturers; Enabling technologies; Engine configuration; Environmental Penalties; Gas turbine efficiency; Health monitoring system; High-temperature resistant; Overall pressure ratios; Marine engines","","","American Society of Mechanical Engineers (ASME)","Conference paper","Scopus"
"Giauque A.; Huet M.; Clero F.","Giauque, Alexis (9742419500); Huet, Maxime (36620848100); Clero, Franck (6504679250)","9742419500; 36620848100; 6504679250","Analytical analysis of indirect combustion noise in subcritical nozzles","2012","Journal of Engineering for Gas Turbines and Power","60","10.1115/1.4007318","https://www.scopus.com/pages/publications/84867290920?origin=resultslist","Department of Computational Fluid Dynamics and Aeroacoustics, Onera-The French Aerospace Lab, Chtillon 92322, France","Giauque A., Department of Computational Fluid Dynamics and Aeroacoustics, Onera-The French Aerospace Lab, Chtillon 92322, France; Huet M., Department of Computational Fluid Dynamics and Aeroacoustics, Onera-The French Aerospace Lab, Chtillon 92322, France; Clero F., Department of Computational Fluid Dynamics and Aeroacoustics, Onera-The French Aerospace Lab, Chtillon 92322, France","This article revisits the problem of indirect combustion noise in nozzles of finite length. The analytical model proposed by Moase for indirect combustion noise is rederived and applied to subcritical nozzles having shapes of increasing complexity. This model is based on the equations formulated by Marble and Candel for which an explicit solution is obtained in the subsonic framework. The discretization of the nozzle into n elementary units of finite length implies the determination of 2 n integration constants for which a set of linear equations is provided in this article. The analytical method is applied to configurations of increasing complexity. Analytical solutions are compared to numerical results obtained using SUNDAY (a 1D nonlinear Euler solver in temporal space) and CEDRE (3D Navier-Stokes flow solver). Excellent agreement is found for all configurations thereby showing that acceleration discontinuities at the boundaries between adjacent elements do not influence the actual acoustic transfer functions. The issue of nozzle compactness is addressed. It is found that in the subcritical domain, spectral results should be nondimensionalized using the flow-through-time of the entire nozzle. Doing so, transfer functions of nozzles of different lengths are successfully compared and a compactness criterion is proposed that writes * ∫ 0 L dζ/u (ζ)<1 where L is the axial length of the nozzle. Finally, the entropy wave generator (EWG) experimental setup is considered. Analytical results are compared to the results reported by Howe. Both models give similar trends and show the important role of the rising time of the fluctuating temperature front on the amplitude of the indirect acoustic emission. The experimental temperature profile and the impedance coefficients at the inlet and outlet are introduced into the analytical formulation. Results show that the indirect combustion noise mechanism is not alone responsible for the acoustic emission in the subcritical case. © 2012 American Society of Mechanical Engineers.","","Acoustic emissions; Acoustic noise; Combustion; Navier Stokes equations; Acoustic transfer functions; Analytical analysis; Analytical formulation; Analytical method; Analytical results; Axial length; Combustion noise mechanism; Compactness criterion; Discretizations; Entropy waves; Euler solver; Experimental setup; Explicit solutions; Finite length; Fluctuating temperatures; Integration constants; Navier-Stokes flow solver; Numerical results; Rising time; Subcritical case; Temperature profiles; Nozzles","","","","Article","Scopus"
"Arslan H.; Demircan A.","Arslan, Hakan (57200576372); Demircan, Aydin (7004830316)","57200576372; 7004830316","The molecular structure and vibrational spectrum of 6-bromo-8-thia-1,4- epoxybicyclo[4.3.0]non-2-ene","2007","International Journal of Molecular Sciences","8","10.3390/i8111064","https://www.scopus.com/pages/publications/36849095555?origin=resultslist","Department of Chemistry, Faculty of Arts and Science, Mersin University, 33343-Mersin, Turkey; Department of Chemistry, Faculty of Arts and Science, Niǧde University, 51100-Niǧde, Turkey","Arslan H., Department of Chemistry, Faculty of Arts and Science, Mersin University, 33343-Mersin, Turkey; Demircan A., Department of Chemistry, Faculty of Arts and Science, Niǧde University, 51100-Niǧde, Turkey","Geometric parameters and FT-IR spectrum of 6-bromo-8-thia-1,4- epoxybicyclo[4.3.0]non-2-ene were computed by the HF, B3LYP, B3PW91 and mPW1PW91 methods in conjunction with the 6-31G(d,p) basis set. The calculated IR spectra are in a good agreement with the observed FT-IR spectrum. A general better performance of B3LYP, B3PW91 and mPW1PW91 versus HF was quantitatively characterized by using PAVF 1.0 program. Optimal uniform scaling factors calculated for the title compound are 0.8952, 0.9552, 0.9520 and 0.9456 for HF, B3LYP, B3PW91 and MPW1PW91 methods, respectively. © 2007 by MDPI.","Ab initio calculations; Density functional calculations; Diels-Alder reactions; Intramolecular Cycloaddition; IR spectroscopy","Alnus; Thia; 6 bromo 8 thia 1,4 epoxybicyclo[4.3.0]non 2 ene; furan derivative; unclassified drug; article; calculation; chemical structure; infrared spectrometry; spectrum; vibration","","","","Article","Scopus"
"Stroink A.; Wawer T.; Hurink J.L.","Stroink, Andreas (57212449865); Wawer, Tim (57212443604); Hurink, Johann L. (6604030511)","57212449865; 57212443604; 6604030511","Cross-border Energy Communities on a Distribution Grid Level","2020","International Conference on the European Energy Market, EEM","2","10.1109/EEM49802.2020.9221917","https://www.scopus.com/pages/publications/85094834231?origin=resultslist","Sciences Osnabrueck, University of Applied, Lingen (Ems), Germany; University of Twente, Enschede, Netherlands","Stroink A., Sciences Osnabrueck, University of Applied, Lingen (Ems), Germany; Wawer T., Sciences Osnabrueck, University of Applied, Lingen (Ems), Germany; Hurink J.L., University of Twente, Enschede, Netherlands","This paper develops an approach to investigate the technical and economic benefits of a local cross-border energy community at the German-Dutch border. A cross-border connection of two regions on a medium voltage level is modeled. The underlying model is formulated as a Mixed Integer Problem. It comprises the electricity loads of two cities, their respective renewable electricity generation plants, a battery storage and an electrolyzer. Our research assumes that a promising approach to connect the cities is by a switchable cross-border element which represents a virtual power plant that includes a German and a Dutch wind farm located on either side of the border. The single wind turbines can be connected to either the German or the Dutch electricity distribution grid per quarter hour interval via a switch. The German and the Dutch electricity grids are never interconnected directly. In a simple scenario with constant load and additional renewable investments, connecting the two regions via the cross-border element would lead to a 34 % reduction of the annual electricity system cost caused the region. This is the starting point for the development of legal concepts to enable and realize international cross-border medium voltage electricity transfers. © 2020 IEEE.","Citizens energy communities; cross-border; model; Smart Energy Region Emmen-Haren (SEREH); system cost","Electric power transmission networks; Investments; Power markets; Wind power; Distribution grid; Electricity distribution; Electricity system; Electricity transfer; Medium voltage levels; Mixed integer problems; Renewable electricity; Virtual power plants; Electric power system interconnection","","","IEEE Computer Society","Conference paper","Scopus"
"Banks E.; Schwartz S.","Banks, Emma (57197332684); Schwartz, Steven (57213966183)","57197332684; 57213966183","Co-opted energy transitions: Coal, wind, and the corporate politics of decarbonization in Colombia","2023","Journal of Political Ecology","21","10.2458/jpe.5470","https://www.scopus.com/pages/publications/85190296806?origin=resultslist","Bucknell University, United States; Colorado College, United States","Banks E., Bucknell University, United States; Schwartz S., Colorado College, United States","Latin America has long been a key site of resource extraction, acting as a sacrifice zone for the Global North's fossil fuel needs. Now, the region is pushing for an ""energy transition"" by opening its own electric grid to renewable sources. Using a case study from La Guajira, in Northeastern Colombia, we argue that energy corporations are appropriating and deploying the concept of energy transitions to fashion themselves as climate conscious, post-extractive, and environmentally caring actors. Based on ethnographic evidence from coal mining and wind energy companies, we argue that the corporate co-optation of the energy transition agenda plays out in public narratives and representations, environmental projects, and community relations. Drawing on insights from the political ecology of energy transitions and low-carbon infrastructures, we contend that corporate transition agendas are more than smoke and mirrors; they are tangible and consequential processes that perpetuate environmental conflicts, sustain forms of ""green"" accumulation, and foreclose the possibility of a just transition. In unraveling the competing yet entangled agendas of coal and wind companies, this article renders visible the continuities between fossil fuels and renewable energy in Latin America and beyond. © (2023), (University of Arizona Libraries). All Rights Reserved.","climate change; corporate power; energy transition; Latin America; low-carbon infrastructures","Colombia; La Guajira; Latin America; climate change; coal; conceptual framework; energy resource; environmental politics; ethnography; fossil fuel; renewable resource; resource management; wind power","","","University of Arizona Libraries","Article","Scopus"
"Schill W.-P.; Gerbaulet C.","Schill, Wolf-Peter (36019625800); Gerbaulet, Clemens (55985159100)","36019625800; 55985159100","Power system impacts of electric vehicles in Germany: Charging with coal or renewables?","2015","Applied Energy","125","10.1016/j.apenergy.2015.07.012","https://www.scopus.com/pages/publications/84937211703?origin=resultslist","DIW Berlin, Department of Energy, Transportation, Environment, Mohrenstraße 58, Berlin, 10117, Germany; TU Berlin, Workgroup for Infrastructure Policy (WIP), Straße des 17. Juni 135, Berlin, 10623, Germany","Schill W.-P., DIW Berlin, Department of Energy, Transportation, Environment, Mohrenstraße 58, Berlin, 10117, Germany; Gerbaulet C., DIW Berlin, Department of Energy, Transportation, Environment, Mohrenstraße 58, Berlin, 10117, Germany, TU Berlin, Workgroup for Infrastructure Policy (WIP), Straße des 17. Juni 135, Berlin, 10623, Germany","We analyze the impacts of future scenarios of electric vehicles (EVs) on the German power system, drawing on different assumptions on the charging mode. We find that the impact on the load duration curve strongly differs between charging modes. In a fully user-driven mode, charging largely occurs during daytime and in the evening, when power demand is already high. User-driven charging may thus have to be restricted because of generation adequacy concerns. In contrast, cost-driven charging is carried out during night-time and at times of high PV availability. Using a novel model formulation that allows for simulating intermediate charging modes, we show that even a slight relaxation of fully user-driven charging results in much smoother load profiles. Further, cost-driven EV charging strongly increases the utilization of hard coal and lignite plants in 2030, whereas additional power in the user-driven mode is predominantly generated from natural gas and hard coal. Specific CO2 emissions of EVs are substantially higher than those of the overall power system, and highest under cost-driven charging. Only in additional model runs, in which we link the introduction of EVs to a respective deployment of additional renewables, electric vehicles become largely CO2-neutral. © 2015 Elsevier Ltd.","Dispatch model; Electric vehicles; Power system; Renewable energy","Germany; Amphibious vehicles; Anthracite; Coal; Costs; Crashworthiness; Electric automobiles; Electric vehicles; Gas plants; Renewable energy resources; Vehicles; Charging modes; Electric Vehicles (EVs); Generation adequacy; Load duration curves; Model formulation; Power system; Renewable energies; System impact; carbon dioxide; coal; demand-side management; electric vehicle; future prospect; lignite; natural gas; photovoltaic system; renewable resource; Charging (batteries)","Federal Ministry for Transport, Building and Urban Development; German Federal Ministry for Economic Affairs and Energy; German Federal Ministry of Transport and Digital Infrastructure; Bundesministerium für Verkehr und Digitale Infrastruktur, BMVI; Bundesministeriums für Verkehr, Bau und Stadtentwicklung, BMVBS, (FKZ 03EMEN04A); Bundesministerium für Wirtschaft und Technologie, BMWi; Bundesministerium für Umwelt, Naturschutz und Reaktorsicherheit, BMU, (FKZ 0325414B)","The work presented in this paper was mainly carried out in the research project “DEFINE: Development of an Evaluation Framework for the Introduction of Electromobility”. The German part of this European ERA-NET+ project was funded by the German Federal Ministry of Transport and Digital Infrastructure, BMVI (formerly Federal Ministry for Transport, Building and Urban Development, BMVBS), FKZ 03EMEN04A. Parts of the research have also been conducted in the project “ImpRES: Impacts of Renewable Energy Sources”, supported by the German Federal Ministry for Economic Affairs and Energy, BMWi (formerly Federal Ministry for the Environment, Nature Conservation and Nuclear Safety, BMU), FKZ 0325414B. We would like to thank Peter Kasten, the participants of the DIW Berlin Sustainability Cluster Seminar and two anonymous referees for valuable comments. ","Elsevier Ltd","Article","Scopus"
"Lund H.; Werner S.; Wiltshire R.; Svendsen S.; Thorsen J.E.; Hvelplund F.; Mathiesen B.V.","Lund, Henrik (7103197620); Werner, Sven (8702066000); Wiltshire, Robin (7005001590); Svendsen, Svend (6603789284); Thorsen, Jan Eric (8321984300); Hvelplund, Frede (6506680104); Mathiesen, Brian Vad (23489760200)","7103197620; 8702066000; 7005001590; 6603789284; 8321984300; 6506680104; 23489760200","4th Generation District Heating (4GDH). Integrating smart thermal grids into future sustainable energy systems.","2014","Energy","2136","10.1016/j.energy.2014.02.089","https://www.scopus.com/pages/publications/84898028389?origin=resultslist","Department of Development and Planning, Aalborg University, DK-9000 Aalborg, Vestre Havnepromenade 9, Denmark; School of Business and Engineering, Halmstad University, SE-30118 Halmstad, PO Box 823, Sweden; Building Research Establishment (BRE), WD25 9XX Watford, Bucknalls Lane, United Kingdom; Department of Civil Engineering, Technical University of Denmark, Brovej, DK-2800 Kgs. Lyngby, Building 118, Denmark; Danfoss District Energy, DK-6430 Nordborg, Denmark; Department of Development and Planning, Aalborg University, DK-2450 Copenhagen SV, A.C. Meyers Vænge 15, Denmark","Lund H., Department of Development and Planning, Aalborg University, DK-9000 Aalborg, Vestre Havnepromenade 9, Denmark; Werner S., School of Business and Engineering, Halmstad University, SE-30118 Halmstad, PO Box 823, Sweden; Wiltshire R., Building Research Establishment (BRE), WD25 9XX Watford, Bucknalls Lane, United Kingdom; Svendsen S., Department of Civil Engineering, Technical University of Denmark, Brovej, DK-2800 Kgs. Lyngby, Building 118, Denmark; Thorsen J.E., Danfoss District Energy, DK-6430 Nordborg, Denmark; Hvelplund F., Department of Development and Planning, Aalborg University, DK-9000 Aalborg, Vestre Havnepromenade 9, Denmark; Mathiesen B.V., Department of Development and Planning, Aalborg University, DK-2450 Copenhagen SV, A.C. Meyers Vænge 15, Denmark","This paper defines the concept of 4th Generation District Heating (4GDH) including the relations to District Cooling and the concepts of smart energy and smart thermal grids. The motive is to identify the future challenges of reaching a future renewable non-fossil heat supply as part of the implementation of overall sustainable energy systems. The basic assumption is that district heating and cooling has an important role to play in future sustainable energy systems - including 100 percent renewable energy systems - but the present generation of district heating and cooling technologies will have to be developed further into a new generation in order to play such a role. Unlike the first three generations, the development of 4GDH involves meeting the challenge of more energy efficient buildings as well as being an integrated part of the operation of smart energy systems, i.e. integrated smart electricity, gas and thermal grids. © 2014 Elsevier Ltd.","4GDH; District heating; Renewable energy systems; Smart energy systems; Smart thermal grids; Sustainable energy systems","District heating; Energy efficiency; Renewable energy resources; 4GDH; Renewable energy systems; Smart energy systems; Smart thermal grids; Sustainable energy systems; electricity generation; energy efficiency; energy use; fossil fuel; renewable resource; sustainable development; Smart power grids","Strategiske Forskningsråd, DSF","The work presented in this paper is a result of the research activities of the Strategic Research Centre for 4th Generation District Heating (4DH), which has received funding from the Danish Council for Strategic Research . We especially wish to thank all our colleagues within the 4DH centre for helpful comments and fruitful discussions.","Elsevier Ltd","Review","Scopus"
"Sarabi S.; Davigny A.; Courtecuisse V.; Riffonneau Y.; Robyns B.","Sarabi, Siyamak (55907340200); Davigny, Arnaud (24723803100); Courtecuisse, Vincent (24464743500); Riffonneau, Yann (27267950200); Robyns, Benoît (6603624933)","55907340200; 24723803100; 24464743500; 27267950200; 6603624933","Potential of vehicle-to-grid ancillary services considering the uncertainties in plug-in electric vehicle availability and service/localization limitations in distribution grids","2016","Applied Energy","93","10.1016/j.apenergy.2016.03.064","https://www.scopus.com/pages/publications/84961786672?origin=resultslist","Univ. Lille, EA 2697, L2EP - Lille Laboratory of Electrical Engineering and Power Electronics, Lille, F-59000, France; School of High Studies for Engineering (HEI), 13, rue de Toul, BP 41290, Lille cedex, 59014, France; ADEME, French Environment and Energy Management Agency, 20, avenue du Grésillé, BP 90406, Angers, 49004, France; GEREDIS Deux-Sèvres, Deux-Sèvres departement Distribution System Operator (DSO), 18 Rue Joule, Niort, 79000, France; SNCF, Innovation and Research, 40 avenue des Terroirs de France, Paris, 75611, France","Sarabi S., Univ. Lille, EA 2697, L2EP - Lille Laboratory of Electrical Engineering and Power Electronics, Lille, F-59000, France, School of High Studies for Engineering (HEI), 13, rue de Toul, BP 41290, Lille cedex, 59014, France, ADEME, French Environment and Energy Management Agency, 20, avenue du Grésillé, BP 90406, Angers, 49004, France; Davigny A., Univ. Lille, EA 2697, L2EP - Lille Laboratory of Electrical Engineering and Power Electronics, Lille, F-59000, France, School of High Studies for Engineering (HEI), 13, rue de Toul, BP 41290, Lille cedex, 59014, France; Courtecuisse V., GEREDIS Deux-Sèvres, Deux-Sèvres departement Distribution System Operator (DSO), 18 Rue Joule, Niort, 79000, France; Riffonneau Y., SNCF, Innovation and Research, 40 avenue des Terroirs de France, Paris, 75611, France; Robyns B., Univ. Lille, EA 2697, L2EP - Lille Laboratory of Electrical Engineering and Power Electronics, Lille, F-59000, France, School of High Studies for Engineering (HEI), 13, rue de Toul, BP 41290, Lille cedex, 59014, France","The aim of the paper is to propose an approach for statistical assessment of the potential of plug-in electric vehicles (PEV) for vehicle-to-grid (V2G) ancillary services, where it focuses on PEVs doing daily home-work commuting. In this approach, the possible ancillary services (A/S) for each PEV fleet in terms of its available V2G power (AVP) and flexible intervals are identified. The flexible interval is calculated using a powerful stochastic global optimization technique so-called ""Free Pattern Search"" (FPS). A probabilistic method is also proposed to quantify the impacts of PEV's availability uncertainty using the Gaussian mixture model (GMM), and interdependency of stochastic variables on AVP of each fleet thanks to a multivariate modeling with Copula function. Each fleet is analyzed based on its aggregated PEV numbers at different level of distribution grid, in order to satisfy the ancillary services localization limitation. A case study using the proposed approach evaluates the real potential in Niort, a city in west of France. In fact, by using the proposed approach an aggregator can analyze the V2G potential of PEVs under its contract. © 2016 Elsevier Ltd.","Ancillary services; Copula function; Distribution grid; Free Pattern Search; Gaussian mixture model; Vehicle-to-grid","Deux Sevres; France; Niort; Poitou-Charentes; Availability; Crashworthiness; Distribution functions; Electric power transmission networks; Electric vehicles; Gaussian distribution; Global optimization; Stochastic models; Stochastic systems; Uncertainty analysis; Vehicles; Ancillary service; Copula functions; Distribution grid; Gaussian Mixture Model; Pattern search; Vehicle to grids; distribution system; electric vehicle; energy planning; Gaussian method; multivariate analysis; optimization; probability; Plug-in electric vehicles","French National Institute of Statistics; French National Railway Network; INSEE; SEOLIS; SNCF; Agence de l'Environnement et de la Maîtrise de l'Energie, ADEME","The authors kindly acknowledge the financial supports of ADEME (French Environment and Energy Management Agency), GEREDIS Deux-s?vres (Deux-s?vres Department Distribution System Operator (DSO)), SEOLIS (Energy supplier of department Deux-s?vres) and SNCF (French National Railway Network) for this project and also GEREDIS Deux-s?vres for their support of information for local distribution grid and INSEE (French National Institute of Statistics and Economic Studies) for the regional mobility and traffic survey information.","Elsevier Ltd","Article","Scopus"
"Satsangi S.; Kumbhar G.B.","Satsangi, Saran (55907634800); Kumbhar, Ganesh Balu (13204991600)","55907634800; 13204991600","Integrated Volt-VAr Optimization with Distributed Energy Sources to Minimize Substation Energy in Distribution System","2018","Electric Power Components and Systems","16","10.1080/15325008.2018.1511004","https://www.scopus.com/pages/publications/85065664373?origin=resultslist","Department of Electrical Engineering Indian Institute of Technology Roorkee, Roorkee, Uttarakhand, India","Satsangi S., Department of Electrical Engineering Indian Institute of Technology Roorkee, Roorkee, Uttarakhand, India; Kumbhar G.B., Department of Electrical Engineering Indian Institute of Technology Roorkee, Roorkee, Uttarakhand, India","Volt-VAr optimization (VVO) is the tool which improves the efficiency of the distribution system by coordinating the voltage and reactive power. Due to voltage-dependence of loads, both real and reactive power will be affected by variation in voltage. Consequently, rather than minimizing active energy of the system, the focus of this article to reduce the daily apparent energy of the substation using VVO. In this, on load tap changers (OLTC), and voltage regulators (VRs) are used for voltage optimization, whereas capacitor banks (CBs) inject reactive power (VAr) into the system provided operational and system constraints satisfied. This study focuses on minimization of substation apparent energy (kVAh) by the optimal scheduling of OLTC, VRs, and CBs. The photo-voltaic (PV) and wind turbine (WT) generators are also assumed to be connected in the distribution system. Moreover, this study is extended to consider the effect of harmonics in the load current for associated loads. All the simulations are performed on modified IEEE 33-bus and IEEE 123-bus radial distribution systems. More savings in terms of substation kVAh are accomplished when DGs are connected into the system. Reductions up to 20% in substation kVAh and 37% in energy losses have been achieved. © 2019, Copyright © Taylor & Francis Group, LLC.","conservation voltage reduction; energy savings; load models; substation energy; total harmonic distortion; Volt-VAr control; Volt/VAr optimization; voltage control","Electric circuit breakers; Energy conservation; Energy dissipation; Reactive power; Value engineering; Voltage regulators; Wind turbines; Conservation voltage reductions; Load models; substation energy; Total harmonic distortion (THD); Volt vars; Volt/var optimizations; Voltage control","","","Taylor and Francis Inc.","Article","Scopus"
"Durán I.; Moreau S.; Poinsot T.","Durán, Ignacio (55550033200); Moreau, Stéphane (7005625377); Poinsot, Thierry (7004181133)","55550033200; 7005625377; 7004181133","Analytical and numerical study of combustion noise through a subsonic nozzle","2013","AIAA Journal","62","10.2514/1.J051528","https://www.scopus.com/pages/publications/84873548474?origin=resultslist","Snecma, 77550 Moissy-Cramayel, France; Université de Sherbrooke, Sherbrooke, QC J1K 2R1, Canada; Institut de Méchanique des Fluides de Toulouse, 31400 Toulouse, France; CERFACS, 31057 Toulouse, France; Mechanical Engineering Department, France","Durán I., Snecma, 77550 Moissy-Cramayel, France, CERFACS, 31057 Toulouse, France; Moreau S., Université de Sherbrooke, Sherbrooke, QC J1K 2R1, Canada, Mechanical Engineering Department, France; Poinsot T., Institut de Méchanique des Fluides de Toulouse, 31400 Toulouse, France","Twomechanisms control sound generated by combustion in gas turbines: direct combustion noise in which acoustic waves generated by the flame propagate from the combustion chamber to the outlet through turbine stages, and indirect combustion noise (or entropy noise) in which entropy waves created by unsteady combustion generate noise as they are accelerated through the turbine stages. These mechanisms can be studied in laboratories by sending acoustic and entropy waves through a nozzle as done in the Entropy Wave Generator experiment. Previous studies have addressed the case where the nozzle is choked and have demonstrated that indirect noise was large compared to direct noise, suggesting that indirect noise only could be retained for gas turbine studies. In the present study, subsonic cases are analysed using, first, a full numerical resolution of the unsteady Euler equations; second, an analytical method based on the work of Marble and Candel in the low-frequency limit, and, finally, the one-dimensional linearized Euler equations in the frequency domain. Results show that direct noise cannot be neglected in these situations and will have to be included for real gas turbines where the flow remains mostly subsonic. Copyright © 2012 by the American Institute of Aeronautics and Astronautics, Inc. All rights reserved.","","Acoustics; Combustion chambers; Entropy; Euler equations; Gas turbines; Nozzles; Numerical methods; Analytical method; Direct combustion; Entropy waves; Frequency domains; Linearized EUler equation; Low-frequency; Numerical resolution; Turbine stages; Unsteady combustion; Unsteady Euler equations; Acoustic noise","","","","Article","Scopus"
"Contreras-Ocana J.E.; Singh A.; Besanger Y.; Wurtz F.","Contreras-Ocana, Jesus E. (57195584669); Singh, Arshpreet (57212846624); Besanger, Yvon (55897204500); Wurtz, Frederic (6602550616)","57195584669; 57212846624; 55897204500; 6602550616","Integrated Planning of a Solar/Storage Collective","2021","IEEE Transactions on Smart Grid","25","10.1109/TSG.2020.3020402","https://www.scopus.com/pages/publications/85098326597?origin=resultslist","ENGIE Global Energy Management, Brussels, 1000, Belgium; CNRS, Grenoble INP, G2Elab, Universite Grenoble Alpes, Grenoble, 38000, France","Contreras-Ocana J.E., ENGIE Global Energy Management, Brussels, 1000, Belgium; Singh A., CNRS, Grenoble INP, G2Elab, Universite Grenoble Alpes, Grenoble, 38000, France; Besanger Y., ENGIE Global Energy Management, Brussels, 1000, Belgium; Wurtz F., ENGIE Global Energy Management, Brussels, 1000, Belgium","French regulation allows consumers in low-voltage networks to form collectives to produce, share, and consume local energy under the collective self-consumption framework. A natural consequenceof collectively-owned generation projects is the need to allocate production among consumers. In long-term plans, production allocation determines each of the consumers' benefits of joining the collective. In the short-term, energy should be dynamically allocated to reflect operation. This article presents a framework that integrates long and short-term planning of a collective that shares a solar plus energy storage system. In the long-term planning stage, we maximize the collective's welfare and equitably allocate expected energy to each consumer. For operation, we propose a model predictive control algorithm that minimizes short-term costs and allocates energy to each consumer on a30-minute basis (as required by French regulation). We adjust the energy allotment ex-post operation to reflect the materialization of uncertainty. We present a case study where we showcase the framework for a 15 consumer collective. © 2020 IEEE.","control; energy community; Planning; techno-economic modeling","Energy storage; Predictive control systems; Energy storage systems; Expected energy; Integrated planning; Long term planning; Low voltage network; Production allocation; Short term planning; Short-term costs; Model predictive control","Make Our Planet Great Again Program of the French Government, (TSG-01522-2019); Agence Nationale de la Recherche, ANR, (ANR-15-IDEX-02); Agence Nationale de la Recherche, ANR","Manuscript received October 11, 2019; revised February 15, 2020 and May 28, 2020; accepted August 10, 2020. Date of publication August 31, 2020; date of current version December 21, 2020. This work was supported in part by the French National Research Agency in the framework of the “Investissements d’avenir” Program under Grant ANR-15-IDEX-02, and in part by the Make Our Planet Great Again Program of the French Government. Paper no. TSG-01522-2019. (Corresponding author: Jesus E. Contreras-Ocaña.) Jesus E. Contreras-Ocaña is with is with ENGIE Global Energy Management, 1000 Brussels, Belgium (e-mail: jesus.contrerasocana@ engie.com).","Institute of Electrical and Electronics Engineers Inc.","Article","Scopus"
"Espinoza S.; Panteli M.; Mancarella P.; Rudnick H.","Espinoza, Sebastián (57188738827); Panteli, Mathaios (39962141300); Mancarella, Pierluigi (22951359500); Rudnick, Hugh (7004255350)","57188738827; 39962141300; 22951359500; 7004255350","Multi-phase assessment and adaptation of power systems resilience to natural hazards","2016","Electric Power Systems Research","245","10.1016/j.epsr.2016.03.019","https://www.scopus.com/pages/publications/84962632110?origin=resultslist","Department of Electrical Engineering, Pontificia Universidad Católica de Chile, Avda. Vicuña Mackenna 4860, Santiago, 7820436, Chile; School of Electrical and Electronic Engineering, University of Manchester, Oxford Road, Manchester, M13 9PL, United Kingdom","Espinoza S., Department of Electrical Engineering, Pontificia Universidad Católica de Chile, Avda. Vicuña Mackenna 4860, Santiago, 7820436, Chile, School of Electrical and Electronic Engineering, University of Manchester, Oxford Road, Manchester, M13 9PL, United Kingdom; Panteli M., School of Electrical and Electronic Engineering, University of Manchester, Oxford Road, Manchester, M13 9PL, United Kingdom; Mancarella P., School of Electrical and Electronic Engineering, University of Manchester, Oxford Road, Manchester, M13 9PL, United Kingdom; Rudnick H., Department of Electrical Engineering, Pontificia Universidad Católica de Chile, Avda. Vicuña Mackenna 4860, Santiago, 7820436, Chile","Extreme weather hazards, as high-impact low-probability events, have catastrophic consequences on critical infrastructures. As a direct impact of climate change, the frequency and severity of some of these events is expected to increase in the future, which highlights the necessity of evaluating their impact and investigating how can systems withstand a major disruption with limited degradation and recover rapidly. This paper first presents a multi-phase resilience assessment framework that can be used to analyze any natural threat that may have a severe single, multiple and/or continuous impact on critical infrastructures, such as electric power systems. Namely, these phases are (i) threat characterization, (ii) vulnerability assessment of the system's components, (iii) system's reaction and (iv) system's restoration. Second, multi-phase adaptation cases, i.e. making the system more robust, redundant and responsive are explained to discuss different strategies to enhance the resilience of the electricity network. To illustrate the above, this time-dependent framework is applied to assess the impact of potential future windstorms and floods on a reduced version of the Great Britain's power network. Finally, the adaptation cases are evaluated to conclude in what situations a stronger, bigger or smarter grid is preferred against the uncertain future. © 2016 Elsevier B.V. All rights reserved.","Electric power systems; Floods; Fragility curves; Resilience; Resiliency; Windstorms","Climate change; Electric power systems; Floods; Hazards; Meteorological problems; Public works; Storms; Catastrophic consequences; Electricity networks; Fragility curves; Limited degradations; Resilience; Resiliency; Vulnerability assessments; Windstorms; Critical infrastructures","Resilient Electricity Networks for Great Britain; Natural Sciences and Engineering Research Council of Canada, NSERC; Engineering and Physical Sciences Research Council, EPSRC, (EP/I035757/1, EP/I035781/1, EP/N034899/1); Engineering and Physical Sciences Research Council, EPSRC; Comisión Nacional de Investigación Científica y Tecnológica, CONICYT; Fondo Nacional de Desarrollo Científico y Tecnológico, FONDECYT, (1141082); Fondo Nacional de Desarrollo Científico y Tecnológico, FONDECYT","Funding text 1: In [4] , a joint effort of European universities analyzes the impact of earthquakes on various cities and different critical infrastructures, including the power system of Sicily. This study includes the use of fragility curves and an object-oriented programming to assess the pre- and post-disaster performance of the network. In [5] , the impact of windstorms is analyzed using wind fragility curves, running DC optimal power flows on the IEEE-6 bus reliability test system and comparing different adaptation cases. The resilience of the electric system of Harris County, Texas, US, is evaluated in [6] by running four models: hurricane hazard model, components fragility model, power system response model and restoration model. The results are classified in technical, organizational and social dimensions of resilience. In [7] , micro-components of the transmission network under seismic stress are modeled to assess the resilience of the power system in Los Angeles, US. The vulnerability is also modeled with fragility curves and, as a result, risk curves are developed. Another notable effort towards practical use that has involved software developments is Hazus, from the Federal Emergency Management Agency [8] . Other governmental programmes, which share the concept of resilience with the present paper, include Ergo-EQ, from Mid-America Earthquake Center [9] , Rt, from In Risk—a project funded by Natural Sciences and Engineering Research Council of Canada [10] , and the Central American Probabilistic Risk Assessment (CAPRA), a platform developed by Central American Governments [11] . Even though the recent work on the topic has been a huge step towards understanding and measuring resilience, further research in this area remains a concerning issue given the consequences of these and other catastrophic threats to different systems around the world. ; Funding text 2: This work was supported by the Resilient Electricity Networks for Great Britain (RESNET) project, which is funded by the Engineering and Physical Sciences Research Council (EPSRC), UK (grant no. EP/I035781/1 ). Also thanks to CONICYT, Chile, for funding under Fondecyt 1141082 project.","Elsevier Ltd","Article","Scopus"
"Behi B.; Arefi A.; Jennings P.; Pivrikas A.; Gorjy A.; Catalao J.P.S.","Behi, Behnaz (57195454125); Arefi, Ali (57202999873); Jennings, Philip (7202925294); Pivrikas, Almantas (9337720300); Gorjy, Arian (57217024845); Catalao, Joao P. S. (57204848031)","57195454125; 57202999873; 7202925294; 9337720300; 57217024845; 57204848031","Consumer Engagement in Virtual Power Plants through Gamification","2020","2020 5th International Conference on Power and Renewable Energy, ICPRE 2020","15","10.1109/ICPRE51194.2020.9233110","https://www.scopus.com/pages/publications/85096649195?origin=resultslist","Murdoch University, Discipline of Engineering and Energy, Perth, Australia; Innogreen Technologies Pty Ltd, Perth, Australia; FEUP, INESC TEC, Porto, Portugal","Behi B., Murdoch University, Discipline of Engineering and Energy, Perth, Australia; Arefi A., Murdoch University, Discipline of Engineering and Energy, Perth, Australia; Jennings P., Murdoch University, Discipline of Engineering and Energy, Perth, Australia; Pivrikas A., Murdoch University, Discipline of Engineering and Energy, Perth, Australia; Gorjy A., Innogreen Technologies Pty Ltd, Perth, Australia; Catalao J.P.S., FEUP, INESC TEC, Porto, Portugal","Virtual power plants (VPPs) are defined as an aggregator of different types of energy resources and flexibility, coordinated by VPP owner through a smart control system. A correct establishment of a VPP will result in reduced electricity costs for the consumers within the VPP. One of the key aspect of VPP's success is the consumer engagement in order to manage their flexibilities effectively. Gamification is an efficient way of learning and engagement, which can efficiently change the behavior of consumers towards participating in programs provided by VPPs for energy cost reduction. In this paper, a gamification-based approach for consumer engagement is proposed and a methodology based on Fogg's behavior model and Kim's model on player types is developed to examine the suitability of available gamification applications for energy saving/efficiency in the context of a VPP. Seven gamification applications are analyzed and evaluated based on the developed methodology and the results are provided. © 2020 IEEE.","consumer engagement electricity market; demand response; gamification; incentive; social engagement; virtual power plant","Cost reduction; Energy conservation; Gamification; Power plants; Behavior model; Electricity costs; Energy cost reduction; Player types; Smart control systems; Virtual power plants; Consumer behavior","","","Institute of Electrical and Electronics Engineers Inc.","Conference paper","Scopus"
"Lopes C.S.; Camanho P.P.; Gürdal Z.; Maimí P.; González E.V.","Lopes, C.S. (55500167800); Camanho, P.P. (6602809907); Gürdal, Z. (7004015689); Maimí, P. (8721559500); González, E.V. (7402467022)","55500167800; 6602809907; 7004015689; 8721559500; 7402467022","Low-velocity impact damage on dispersed stacking sequence laminates. Part II: Numerical simulations","2009","Composites Science and Technology","391","10.1016/j.compscitech.2009.02.015","https://www.scopus.com/pages/publications/64849095552?origin=resultslist","Faculteit Luchtvaart- en Ruimtevaarttechniek, Technische Universiteit Delft, 2629 HS Delft, Kluyverweg 1, Netherlands; DEMEGI, Faculdade de Engenharia, Universidade do Porto, 4200-465 Porto, Rua Dr. Roberto Frias, Portugal; AMADE, Escola Politècnica Superior, Universitat de Girona, Girona, Spain","Lopes C.S., Faculteit Luchtvaart- en Ruimtevaarttechniek, Technische Universiteit Delft, 2629 HS Delft, Kluyverweg 1, Netherlands, DEMEGI, Faculdade de Engenharia, Universidade do Porto, 4200-465 Porto, Rua Dr. Roberto Frias, Portugal; Camanho P.P., DEMEGI, Faculdade de Engenharia, Universidade do Porto, 4200-465 Porto, Rua Dr. Roberto Frias, Portugal; Gürdal Z., Faculteit Luchtvaart- en Ruimtevaarttechniek, Technische Universiteit Delft, 2629 HS Delft, Kluyverweg 1, Netherlands; Maimí P., AMADE, Escola Politècnica Superior, Universitat de Girona, Girona, Spain; González E.V., AMADE, Escola Politècnica Superior, Universitat de Girona, Girona, Spain","This paper is the follow-up on the previous work by the authors on the experimental evaluation of the impact damage resistance of laminates with dispersed stacking sequences. The current work focuses on the evaluation of the impact performance of the tested laminates by innovative numerical methods. Constitutive models which take into account the physical progressive failure behaviour of fibres, matrix, and interfaces between plies were implemented in an explicit finite element method and used in the simulation of low-velocity impact events on composite laminates. The computational effort resulted in reliable predictions of the impact dynamics, impact footprint, locus and size of delaminations, matrix cracks and fibre damage, as well as the amount of energy dissipated through delaminations, intraply damage and friction. The accuracy achieved with this method increases the reliability of numerical methods in the simulation of impact loads enabling the reduction of the time and costs associated with mechanical testing. © 2009 Elsevier Ltd. All rights reserved.","A. Structural composites; B. Delamination; C. Damage tolerance; C. Finite element analysis (FEA); Low-velocity impact","Delamination; Finite element method; Fits and tolerances; Impact resistance; Mechanical testing; Metallic matrix composites; Models; Number theory; Numerical methods; Paper laminates; Steel sheet; Surface chemistry; Velocity; A. Structural composites; B. Delamination; C. Damage tolerance; C. Finite element analysis (FEA); Low-velocity impact; delamination; failure analysis; finite element analysis; laminate; mathematical analysis; mathematical model; simulation; testing; Damage tolerance","Fundação para a Ciência e a Tecnologia, FCT, (MAT2006-14159C02-01, PDCT/EME-PME/64984/2006, TRA2006-15718-C02-01/TAIR); Fundação para a Ciência e a Tecnologia, FCT","The funding of this research through the scholarship SFRH/BD/16238/2004 from the Portuguese Foundation for Science and Technology (FCT) is gratefully acknowledged. Furthermore, the financial support of the FCT under the project PDCT/EME-PME/64984/2006 is acknowledged by the 2nd author. The 4th and 5th authors acknowledge the financial support of the Spanish government under the contracts MAT2006-14159C02-01 and TRA2006-15718-C02-01/TAIR.","","Article","Scopus"
"Alhelou H.H.; Hamedani-Golshan M.E.; Njenda T.C.; Siano P.","Alhelou, Hassan Haes (57190874459); Hamedani-Golshan, Mohamad Esmail (57195310953); Njenda, Takawira Cuthbert (57205658873); Siano, Pierluigi (6603170751)","57190874459; 57195310953; 57205658873; 6603170751","A survey on power system blackout and cascading events: Research motivations and challenges","2019","Energies","591","10.3390/en12040682","https://www.scopus.com/pages/publications/85061981737?origin=resultslist","Department of Electrical and Computer Engineering, Isfahan University of Technology, Isfahan, 84156-83111, Iran; Department of Electrical Power Engineering, Faculty of Mechanical and Electrical Engineering, Tishreen University, Lattakia, 2230, Syrian Arab Republic; Department of Management and Innovation Systems, University of Salerno, Salerno, 84084, Italy","Alhelou H.H., Department of Electrical and Computer Engineering, Isfahan University of Technology, Isfahan, 84156-83111, Iran, Department of Electrical Power Engineering, Faculty of Mechanical and Electrical Engineering, Tishreen University, Lattakia, 2230, Syrian Arab Republic; Hamedani-Golshan M.E., Department of Electrical and Computer Engineering, Isfahan University of Technology, Isfahan, 84156-83111, Iran; Njenda T.C., Department of Electrical and Computer Engineering, Isfahan University of Technology, Isfahan, 84156-83111, Iran; Siano P., Department of Management and Innovation Systems, University of Salerno, Salerno, 84084, Italy","Power systems are the most complex systems and have great importance in modern life. They have direct impacts on the modernization, economic, political and social aspects. To operate such systems in a stable mode, several control and protection techniques are required. However, modern systems are equipped with several protection schemes with the aim of avoiding the unpredicted events and power outages, power systems are still encountering emergency and mal-operation situations. The most severe emergencies put the whole or at least a part of the system in danger. If the emergency is not well managed, the power system is likely to have cascading failures that might lead to a blackout. Due to the consequences, many countries around the world have research and expert teams who work to avoid blackouts on their systems. In this paper, a comprehensive review on the major blackouts and cascading events that have occurred in the last decade are introduced. A particular focus is given on the US power system outages and their causes since it is one of the leading power producers in the world and it is also due to the ready availability of data for the past events. The paper also highlights the root causes of different blackouts around the globe. Furthermore, blackout and cascading analysis methods and the consequences of blackouts are surveyed. Moreover, the challenges in the existing protective schemes and research gaps in the topic of power system blackout and cascading events are marked out. Research directions and issues to be considered in future power system blackout studies are also proposed. © 2019 by the authors.","Emergency management; Energy system security; Frequency protection; Power outages; Power system blackout; Power system cascading events; Power system emergency; Power system protection; Power system stability; Smart grids","Electric fault currents; Electric power system protection; Electric power systems; Electric power transmission networks; Large scale systems; Risk management; Smart power grids; Social aspects; Surveys; System stability; Cascading events; Emergency management; Energy systems; Frequency protection; Power outage; Power system blackout; Power system emergency; Power system protection; Power system stability; Smart grid; Outages","","","MDPI AG","Review","Scopus"
"Flad N.; Nieuwenhuizen F.M.; Bülthoff H.H.; Chuang L.L.","Flad, Nina (56241149400); Nieuwenhuizen, Frank M. (15832258300); Bülthoff, Heinrich H. (35511854700); Chuang, Lewis L. (8370160400)","56241149400; 15832258300; 35511854700; 8370160400","System delay in flight simulators impairs performance and increases physiological workload","2014","Lecture Notes in Computer Science (including subseries Lecture Notes in Artificial Intelligence and Lecture Notes in Bioinformatics)","3","10.1007/978-3-319-07515-0_1","https://www.scopus.com/pages/publications/84903650358?origin=resultslist","Department of Perception, Cognition and Action, Max Planck Institute for Biological Cybernetics, Tübingen, Germany; Department of Cognitive and Brain Engineering, Korea University, South Korea","Flad N., Department of Perception, Cognition and Action, Max Planck Institute for Biological Cybernetics, Tübingen, Germany; Nieuwenhuizen F.M., Department of Perception, Cognition and Action, Max Planck Institute for Biological Cybernetics, Tübingen, Germany; Bülthoff H.H., Department of Perception, Cognition and Action, Max Planck Institute for Biological Cybernetics, Tübingen, Germany, Department of Cognitive and Brain Engineering, Korea University, South Korea; Chuang L.L., Department of Perception, Cognition and Action, Max Planck Institute for Biological Cybernetics, Tübingen, Germany","Delays between user input and the system's reaction in control tasks have been shown to have a detrimental effect on performance. This is often accompanied by increases in self-reported workload. In the current work, we sought to identify physiological measures that correlate with pilot workload in a conceptual aerial vehicle that suffered from varying time delays between control input and vehicle response. For this purpose, we measured the skin conductance and heart rate variability of 8 participants during flight maneuvers in a fixed-base simulator. Participants were instructed to land a vehicle while compensating for roll disturbances under different conditions of system delay. We found that control error and the self-reported workload increased with increasing time delay. Skin conductance and input behavior also reflect corresponding changes. Our results show that physiological measures are sufficiently robust for evaluating the adverse influence of system delays in a conceptual vehicle model. © 2014 Springer International Publishing.","","Delay control systems; Flight simulators; Physiology; Time delay; Fixed-base simulators; Flight maneuvers; Heart rate variability; In-flight simulators; Physiological measures; Skin conductance; Varying time delay; Vehicle response; Physiological models","European Commission","","Springer Verlag","Conference paper","Scopus"
"Fang Y.; Sansavini G.","Fang, Yiping (55659850100); Sansavini, Giovanni (24333140600)","55659850100; 24333140600","Optimizing power system investments and resilience against attacks","2017","Reliability Engineering and System Safety","153","10.1016/j.ress.2016.10.028","https://www.scopus.com/pages/publications/84998694298?origin=resultslist","Reliability and Risk Engineering Laboratory, Institute of Energy Technology, Department of Mechanical and Process Engineering, ETH Zurich, Leonhardstrasse 21, Zurich, 8092, Switzerland","Fang Y., Reliability and Risk Engineering Laboratory, Institute of Energy Technology, Department of Mechanical and Process Engineering, ETH Zurich, Leonhardstrasse 21, Zurich, 8092, Switzerland; Sansavini G., Reliability and Risk Engineering Laboratory, Institute of Energy Technology, Department of Mechanical and Process Engineering, ETH Zurich, Leonhardstrasse 21, Zurich, 8092, Switzerland","This paper studies the combination of capacity expansion and switch installation in electric systems that ensures optimum performance under nominal operations and attacks. The planner–attacker–defender model is adopted to develop decisions that minimize investment and operating costs, and functionality loss after attacks. The model bridges long-term system planning for transmission expansion and short-term switching operations in reaction to attacks. The mixed-integer optimization is solved by decomposition via two-layer cutting plane algorithm. Numerical results on an IEEE system shows that small investments in transmission line switching enhance resilience by responding to disruptions via system reconfiguration. Sensitivity analyses show that transmission planning under the assumption of small-scale attacks provides the most robust strategy, i.e. the minimum-regret planning, if many constraints and limited investment budget affect the planning. On the other hand, the assumption of large-scale attacks provides the most robust strategy if the planning process involves large flexibility and budget. © 2016 Elsevier Ltd","Attacks; Electric power network protection; System resilience; Transmission switching; Trilevel optimization","Budget control; Electric power system protection; Electric power transmission; Electric power transmission networks; Electric switches; Integer programming; Operating costs; Sensitivity analysis; Attacks; Cutting plane algorithms; Electric power networks; Mixed integer optimization; System reconfiguration; System resiliences; Transmission line switching; Transmission switching; Investments","SCCER-FURIES; Swiss Competence Center for Energy Research - Future Swiss Electrical Infrastructure; Kommission für Technologie und Innovation, CTI","The authors acknowledge the CTI - Commission for Technology and Innovation (CH), and the SCCER-FURIES - Swiss Competence Center for Energy Research - Future Swiss Electrical Infrastructure, for their financial and technical support to the research activity presented in this paper.","Elsevier Ltd","Article","Scopus"
"Furler P.; Scheffe J.; Marxer D.; Gorbar M.; Bonk A.; Vogt U.; Steinfeld A.","Furler, Philipp (36702494400); Scheffe, Jonathan (25422860900); Marxer, Daniel (56165195400); Gorbar, Michal (25649383800); Bonk, Alexander (56165833700); Vogt, Ulrich (35270699200); Steinfeld, Aldo (7103257674)","36702494400; 25422860900; 56165195400; 25649383800; 56165833700; 35270699200; 7103257674","Thermochemical CO2 splitting via redox cycling of ceria reticulated foam structures with dual-scale porosities","2014","Physical Chemistry Chemical Physics","209","10.1039/c4cp01172d","https://www.scopus.com/pages/publications/84900822176?origin=resultslist","Department of Mechanical and Process Engineering, ETH Zurich, Zurich, 8092, Switzerland; Laboratory for Hydrogen and Energy, Empa, Dübendorf, 8600, Switzerland; Institute for Geo-and Life Sciences, Crystallography, Albert-Ludwigs-Universität Freiburg, Freiburg, 79085, Germany; Solar Technology Laboratory, Paul Scherrer Institute, Villigen, PSI, 5232, Switzerland","Furler P., Department of Mechanical and Process Engineering, ETH Zurich, Zurich, 8092, Switzerland; Scheffe J., Department of Mechanical and Process Engineering, ETH Zurich, Zurich, 8092, Switzerland; Marxer D., Department of Mechanical and Process Engineering, ETH Zurich, Zurich, 8092, Switzerland; Gorbar M., Laboratory for Hydrogen and Energy, Empa, Dübendorf, 8600, Switzerland; Bonk A., Laboratory for Hydrogen and Energy, Empa, Dübendorf, 8600, Switzerland, Institute for Geo-and Life Sciences, Crystallography, Albert-Ludwigs-Universität Freiburg, Freiburg, 79085, Germany; Vogt U., Laboratory for Hydrogen and Energy, Empa, Dübendorf, 8600, Switzerland, Institute for Geo-and Life Sciences, Crystallography, Albert-Ludwigs-Universität Freiburg, Freiburg, 79085, Germany; Steinfeld A., Department of Mechanical and Process Engineering, ETH Zurich, Zurich, 8092, Switzerland, Solar Technology Laboratory, Paul Scherrer Institute, Villigen, PSI, 5232, Switzerland","Efficient heat transfer of concentrated solar energy and rapid chemical kinetics are desired characteristics of solar thermochemical redox cycles for splitting CO2. We have fabricated reticulated porous ceramic (foam-type) structures made of ceria with dual-scale porosity in the millimeter and micrometer ranges. The larger void size range, with dmean = 2.5 mm and porosity = 0.76-0.82, enables volumetric absorption of concentrated solar radiation for efficient heat transfer to the reaction site during endothermic reduction, while the smaller void size range within the struts, with dmean = 10 µm and strut porosity = 0-0.44, increases the specific surface area for enhanced reaction kinetics during exothermic oxidation with CO2. Characterization is performed via mercury intrusion porosimetry, scanning electron microscopy, and thermogravimetric analysis (TGA). Samples are thermally reduced at 1773 K and subsequently oxidized with CO2 at temperatures in the range 873-1273 K. On average, CO production rates are ten times higher for samples with 0.44 strut porosity than for samples with non-porous struts. The oxidation rate scales with specific surface area and the apparent activation energy ranges from 90 to 135.7 kJ mol-1. Twenty consecutive redox cycles exhibited stable CO production yield per cycle. Testing of the dual-scale RPC in a solar cavity-receiver exposed to high-flux thermal radiation (3.8 kW radiative power at 3015 suns) corroborated the superior performance observed in the TGA, yielding a shorter cycle time and a mean solar-to-fuel energy conversion efficiency of 1.72%. © the Partner Organisations 2014.","","","European Research Council, ERC; European Commission, EC; Seventh Framework Programme, FP7, (320541); Seventh Framework Programme, FP7","","","Article","Scopus"
