"Authors","Author full names","Author(s) ID","Title","Year","Source title","Cited by","DOI","Link","Affiliations","Authors with affiliations","Abstract","Author Keywords","Index Keywords","Funding Details","Funding Texts","Publisher","Document Type","Source"
"Parisio A.; Rikos E.; Tzamalis G.; Glielmo L.","Parisio, Alessandra (23569929900); Rikos, Evangelos (6503984190); Tzamalis, George (6507550794); Glielmo, Luigi (6603819476)","23569929900; 6503984190; 6507550794; 6603819476","Use of model predictive control for experimental microgrid optimization","2014","Applied Energy","213","10.1016/j.apenergy.2013.10.027","https://www.scopus.com/pages/publications/84888260582?origin=resultslist","ACCESS Linnaeus Center and the Automatic Control Lab, The School of Electrical Engineering, KTH Royal Institute of Technology, Sweden; Department of PVs and DERs Systems, Center for Renewable Energy Sources and Saving (CRES), Pikermi, Athens, Greece; Department of RES and Hydrogen Technologies, Center for Renewable Energy Sources and Saving (CRES), Pikermi, Athens, Greece; Department of Engineering, Università degli Studi del Sannio, Benevento, Italy","Parisio A., ACCESS Linnaeus Center and the Automatic Control Lab, The School of Electrical Engineering, KTH Royal Institute of Technology, Sweden; Rikos E., Department of PVs and DERs Systems, Center for Renewable Energy Sources and Saving (CRES), Pikermi, Athens, Greece; Tzamalis G., Department of RES and Hydrogen Technologies, Center for Renewable Energy Sources and Saving (CRES), Pikermi, Athens, Greece; Glielmo L., Department of Engineering, Università degli Studi del Sannio, Benevento, Italy","In this paper we deal with the problem of efficiently optimizing microgrid operations while satisfying a time-varying request and operation constraints. Microgrids are subsystems of the distribution grid comprising sufficient generating resources to operate in isolation from the main grid, in a deliberate and controlled way. The Model Predictive Control (MPC) approach is applied for achieving economic efficiency in microgrid operation management. The method is thus applied to an experimental microgrid located in Athens, Greece: experimental results show the feasibility and the effectiveness of the proposed approach. © 2013 Elsevier Ltd.","Microgrids; Mixed Integer Linear Programming; Model predictive control; Optimization","Athens [Attica]; Attica; Greece; Electric power distribution; Linear programming; Model predictive control; Optimization; Athens , Greece; Distribution grid; Economic efficiency; Micro grid; Microgrid operations; Mixed integer linear programming; Operation constraint; Time varying; control system; economic analysis; efficiency measurement; electricity supply; feasibility study; linear programing; optimization; power generation; Predictive control systems","European Commission, EC; Seventh Framework Programme, FP7, (228449); Seventh Framework Programme, FP7","","Elsevier Ltd","Article","Scopus"
"Rynne O.; Dubarry M.; Molson C.; Nicolas E.; Lepage D.; Prébé A.; Aymé-Perrot D.; Rochefort D.; Dollé M.","Rynne, Olivier (57209202135); Dubarry, Matthieu (14122893100); Molson, Corentin (57214315476); Nicolas, Eva (57355804200); Lepage, David (45060932700); Prébé, Arnaud (36905158200); Aymé-Perrot, David (23011497700); Rochefort, Dominic (7003520985); Dollé, Mickael (7004754151)","57209202135; 14122893100; 57214315476; 57355804200; 45060932700; 36905158200; 23011497700; 7003520985; 7004754151","Exploiting Materials to Their Full Potential, a Li-Ion Battery Electrode Formulation Optimization Study","2020","ACS Applied Energy Materials","31","10.1021/acsaem.0c00015","https://www.scopus.com/pages/publications/85082668628?origin=resultslist","Department of Chemistry, Université de Montreál, Montreál, H3T1J4, QC, Canada; Hawaii Natural Energy Institute, University of Hawai'i at Manoa, Honolulu, 96822, HI, United States; Hutchinson, Montreál, H1B 5M8, QC, Canada; Total Sa, Paris La Défense, 92069, France","Rynne O., Department of Chemistry, Université de Montreál, Montreál, H3T1J4, QC, Canada; Dubarry M., Hawaii Natural Energy Institute, University of Hawai'i at Manoa, Honolulu, 96822, HI, United States; Molson C., Department of Chemistry, Université de Montreál, Montreál, H3T1J4, QC, Canada; Nicolas E., Department of Chemistry, Université de Montreál, Montreál, H3T1J4, QC, Canada; Lepage D., Department of Chemistry, Université de Montreál, Montreál, H3T1J4, QC, Canada; Prébé A., Hutchinson, Montreál, H1B 5M8, QC, Canada; Aymé-Perrot D., Total Sa, Paris La Défense, 92069, France; Rochefort D., Department of Chemistry, Université de Montreál, Montreál, H3T1J4, QC, Canada; Dollé M., Department of Chemistry, Université de Montreál, Montreál, H3T1J4, QC, Canada","Today, energy conversion devices typically rely on composite electrodes made of several materials interacting with one another. Understanding their individual and combined impacts on performance is essential in the pursuit of optimized systems. Unfortunately, this investigation is often disregarded in favor of quick publishable results. Here, designs of experiments are shown as capable of meeting both ends. Less than 100 different electrode formulations are defined with two active materials (LiFePO4 and Li4Ti5O12), two carbonaceous additives (carbon black and carbon nanofibers), and three binders (polyvinylidene fluoride, polyethylene-co-ethyl acrylate-co-maleic anhydride (Lotader 5500), and a hydrogenated nitrile butadiene rubber). Correlations with strong descriptive statistics are found between formulation and different limitations, indicating that maximum active material content should always be favored with a small fraction of both conductive additives and minimal binder content. With the help of designs of experiments, Lotader 5500-bound electrodes are optimized beyond typical formulations found in the literature. Copyright © 2020 American Chemical Society.","design of experiments; electrode; formulation; Li-ion battery; optimization","Additives; Binders; Carbon black; Carbon nanofibers; Design of experiments; Electrodes; Energy conversion; Fluorine compounds; Iron compounds; Lithium compounds; Optimization; Phosphorus compounds; Polymer blends; Titanium compounds; Active material content; Designs of experiments; Energy conversion devices; formulation; Formulation optimization; Hydrogenated nitrile butadiene rubbers; Li-ion battery electrodes; Polyvinylidene fluorides; Lithium-ion batteries","; State of Hawai’i; Hutchinson Aeronautics and Industry, (468656-14)","This work was supported by a grant from the Natural Sciences and Engineering Research Council of Canada (NSERC), Hutchinson Aeronautics and Industry, and Total/Hutchinson (NSERC Collaborative Research and Development; #RDCPJ468656-14). O.R. received a mobility grant by the Ministe\u0300re de l\u2019E\u0301ducation et de l\u2019Enseignement supe\u0301rieur du Que\u0301bec (MEES). M. Dubarry is supported in part by the State of Hawai\u2019i. M. Dubarry is also thankful to the University of Hawai\u2019i Material Science Consortium for Research and Education.","American Chemical Society","Article","Scopus"
"Masood N.-A.; Yan R.; Saha T.K.; Bartlett S.","Masood, Nahid-Al (26428857500); Yan, Ruifeng (36976629500); Saha, Tapan Kumar (35570365800); Bartlett, Simon (56046159000)","26428857500; 36976629500; 35570365800; 56046159000","Post-retirement utilisation of synchronous generators to enhance security performances in a wind dominated power system","2016","IET Generation, Transmission and Distribution","72","10.1049/iet-gtd.2016.0267","https://www.scopus.com/pages/publications/84990061868?origin=resultslist","School of Information Technology and Electrical Engineering, University of Queensland, Brisbane, 4072, QLD, Australia; Global Change Institute, University of Queensland, Brisbane, 4072, QLD, Australia","Masood N.-A., School of Information Technology and Electrical Engineering, University of Queensland, Brisbane, 4072, QLD, Australia; Yan R., Global Change Institute, University of Queensland, Brisbane, 4072, QLD, Australia; Saha T.K., School of Information Technology and Electrical Engineering, University of Queensland, Brisbane, 4072, QLD, Australia; Bartlett S., School of Information Technology and Electrical Engineering, University of Queensland, Brisbane, 4072, QLD, Australia","Power system security concerns due to significant wind generation could be twofold: first, the frequency response and second, the short-circuit performance. Continuous development of wind energy may cause economic replacement and retirement of existing synchronous generators. Modern wind turbine generators do not inherently offer inertia and governor response after a disturbance, which may result in declining frequency response behaviour. Besides, they have limited fault current contribution, which may cause unacceptable short-circuit ratio at the grid connection point of those wind power plants. Traditionally, frequency response and short-circuit performance are individually improved. However, both of them are concurrently affected by high wind penetration. Hence, a common approach to simultaneously enhance both indices is essential. Therefore, this study introduces an idea of operating some of the retired synchronous generators in the synchronous condenser mode, which is termed as 'post-retirement scheme (PRS)'. Such a second use of the retired synchronous generators can jointly upgrade frequency response and short-circuit strength during high wind generation. This study also proposes a methodology to evaluate when and how much PRS should be deployed for ensuring an adequate security performance in a wind dominated power system. © The Institution of Engineering and Technology 2016.","","Electric network analysis; Electric power system security; Frequency response; Reconfigurable hardware; Turbogenerators; Wind power; Wind turbines; Circuit performance; Continuous development; Grid connections; Power system security; Security performance; Short circuit ratio; Synchronous condensers; Wind generation; Synchronous generators","Australian Research Council, ARC, (LP110200957)","","Institution of Engineering and Technology","Article","Scopus"
"Costa N.; Anseán D.; Dubarry M.; Sánchez L.","Costa, N. (57218951859); Anseán, D. (55578455200); Dubarry, M. (14122893100); Sánchez, L. (7202051128)","57218951859; 55578455200; 14122893100; 7202051128","ICFormer: A Deep Learning model for informed lithium-ion battery diagnosis and early knee detection","2024","Journal of Power Sources","38","10.1016/j.jpowsour.2023.233910","https://www.scopus.com/pages/publications/85179487670?origin=resultslist","Computer Science Department, Polytechnic School of Engineering, University of Oviedo, Asturias, Gijon, 33204, Spain; Department of Electrical Engineering, Polytechnic School of Engineering, University of Oviedo, Asturias, Gijon, 33204, Spain; Hawaii Natural Energy Institute, University of Hawaii at Manoa, Honolulu, HI, United States","Costa N., Computer Science Department, Polytechnic School of Engineering, University of Oviedo, Asturias, Gijon, 33204, Spain; Anseán D., Department of Electrical Engineering, Polytechnic School of Engineering, University of Oviedo, Asturias, Gijon, 33204, Spain; Dubarry M., Hawaii Natural Energy Institute, University of Hawaii at Manoa, Honolulu, HI, United States; Sánchez L., Computer Science Department, Polytechnic School of Engineering, University of Oviedo, Asturias, Gijon, 33204, Spain","Accurate diagnosis of lithium-ion battery (LIB) degradation is critical for safe and reliable operation in real-world applications. In recent years, data-driven approaches powered by Machine Learning algorithms emerged as a promising solution, among which Deep Learning methods were proven to be effective for various tasks such as State of Charge and State of Health estimation and Remaining Useful Life prediction, however, their application for knee point estimation is still at an early stage. While experimental techniques, were demonstrated to be successful for detecting knees, current methods focus on tracking individual cycles rather than analyzing the overall trajectory of degradation, which could potentially offer better performance. In this paper, we introduce ICFormer, a novel Deep Learning model based on a Transformer encoder that leverages self-attention on the evolution of incremental capacity curves to accurately identify relevant changes in LIB degradation trajectories. The proposed model not only detects knees, but also anticipates them while also outperforming state-of-the-art approaches in diagnosing degradation modes. The effectiveness of the model is validated using both synthetic and experimental data. We demonstrate that the method can provide valuable knowledge on the factors contributing to capacity loss and offer advanced insights for battery management and predictive maintenance strategies. © 2023 The Author(s)","Battery diagnosis; Deep learning; Degradation modes; Knee detection; Transformers","Battery management systems; Charging (batteries); Deep learning; Learning algorithms; Learning systems; Battery degradation; Battery diagnose; Deep learning; Degradation mode; Knee detection; Learning models; Real-world; Reliable operation; Safe operation; Transformer; Lithium-ion batteries","Principado de Asturias, (SV-PA-21-AYUD/2021/50994); Office of Naval Research, ONR, (N00014-19-1-2159); Office of Naval Research, ONR; Ministerio de Asuntos Económicos y Transformación Digital, Gobierno de España, MINECO, (PID2020-112726-RB-I00, PID2022-141792OB-I00); Ministerio de Asuntos Económicos y Transformación Digital, Gobierno de España, MINECO","This work has been partially supported by the Ministry of Economy, Industry and Competitiveness (“Ministerio de Economía, Industria Competitividad”) from Spain/FEDER under grants PID2020-112726-RB-I00 and PID2022-141792OB-I00 , and by Principado de Asturias , grant SV-PA-21-AYUD/2021/50994 . M.D. was funded by the Office of Naval Research (ONR) , grant number N00014-19-1-2159 . ","Elsevier B.V.","Article","Scopus"
"Cerna F.V.; Coêlho J.K.; Fantesia M.P.; Naderi E.; Marzband M.; Contreras J.","Cerna, Fernando V. (57203724302); Coêlho, John K. (58019334200); Fantesia, Maurício P. (58019754300); Naderi, Ehsan (36466762800); Marzband, Mousa (55054734300); Contreras, Javier (7201916928)","57203724302; 58019334200; 58019754300; 36466762800; 55054734300; 7201916928","Load Factor Improvement of the Electricity Grid Considering Distributed Energy Resources Operation and Regulation of Peak Load","2023","Sustainable Cities and Society","26","10.1016/j.scs.2023.104802","https://www.scopus.com/pages/publications/85166237800?origin=resultslist","Department of Electrical Engineering, Federal University of Roraima, Boa Vista, 69310-000, Brazil; CNPq Research Group: Intelligent Management of Electrical Power Systems, Block V – UFRR - CCT, RR, Boa Vista, Brazil; Postgraduate Program in Natural Resources, Research Area in Management and Dynamics of Natural Resources – Renewable Energies, Federal University of Roraima, Av. Nova Iorque – Aeroporto, Boa Vista, 69310-000, Brazil; Department of Electrical Engineering, College of Engineering and Computer Science, Arkansas State University, Jonesboro, AR 72401, United States; Net Zero Industry Innovation Centre, Campus Masterplan, Teesside University, Middlesbrough, TS1 3BA, United Kingdom; School of Industrial Engineering, University of Castilla-La Mancha, Ciudad Real, 13071, Spain","Cerna F.V., Department of Electrical Engineering, Federal University of Roraima, Boa Vista, 69310-000, Brazil, CNPq Research Group: Intelligent Management of Electrical Power Systems, Block V – UFRR - CCT, RR, Boa Vista, Brazil, Postgraduate Program in Natural Resources, Research Area in Management and Dynamics of Natural Resources – Renewable Energies, Federal University of Roraima, Av. Nova Iorque – Aeroporto, Boa Vista, 69310-000, Brazil; Coêlho J.K., Department of Electrical Engineering, Federal University of Roraima, Boa Vista, 69310-000, Brazil; Fantesia M.P., Department of Electrical Engineering, Federal University of Roraima, Boa Vista, 69310-000, Brazil; Naderi E., Department of Electrical Engineering, College of Engineering and Computer Science, Arkansas State University, Jonesboro, AR 72401, United States; Marzband M., Net Zero Industry Innovation Centre, Campus Masterplan, Teesside University, Middlesbrough, TS1 3BA, United Kingdom; Contreras J., School of Industrial Engineering, University of Castilla-La Mancha, Ciudad Real, 13071, Spain","In recent decades, in urban centers, several services (such as health, food, security, connectivity, etc.) have become more dependent on electricity. With the population increase, the energy requirements of these services can lead the electricity network (EN) to a state of operational stress. In this scenario, distribution companies (DISCOs) need to develop efficient energy management strategies to avoid wasting electricity in its EN. The load factor (LF) of an EN is an indicator related to efficient electricity usage within a time horizon (e.g., day, month, year, etc.). LF improvement can be achieved through an efficient operational scheme that combines several strategies. Among them, peak load regulation in the demand profile of all the consumers, together with the operation of distributed energy resources (DERs), such as renewable energy sources (RESs) and capacitor banks (CBs), represents a promising alternative. In order to address this efficient scheme, this work proposes a mixed-integer linear programming (MILP) model that aims to increase the LF through the bulk scheduling of residential, commercial, and industrial electrical appliances during the day, considering a baseline demand and an hourly rate. At the same time, voltage fluctuations and technical losses are mitigated by the presence of DERs in the EN. Operational constraints related to the performance of EN, RESs, and CBs are considered. Uncertainties in the habitual demand profiles and solar irradiance during the day are represented through simulation algorithms. In order to evaluate the proposed model, a modified 14-node IEEE EN was used. The results corroborate the applicability of this proposed MILP model, reducing electricity waste and ensuring an efficient EN operation. © 2023 Elsevier Ltd","Bulk scheduling; capacitor banks; distributed energy resources; electricity network; load factor; peak load regulation; renewable energy sources","Electric circuit breakers; Electric loads; Electric network parameters; Energy efficiency; Energy management; Integer programming; Natural resources; Bulk scheduling; Capacitor bank; Distributed Energy Resources; Electricity grids; Electricity networks; Energy capacitors; Load factors; Mixed integer linear programming model; Peak load regulations; Renewable energy source; algorithm; alternative energy; electricity generation; energy efficiency; energy resource; linear programing; network analysis; operations technology; residential energy; Renewable energy resources","","","Elsevier Ltd","Article","Scopus"
"Kumar C.; Ghosh A.; Yash; Debnath M.; Bhadury P.","Kumar, Chakresh (57644638400); Ghosh, Anwesha (57195580688); Yash (57226486746); Debnath, Manojit (46460918700); Bhadury, Punyasloke (14621395200)","57644638400; 57195580688; 57226486746; 46460918700; 14621395200","Seasonal dynamicity of environmental variables and water quality index in the lower stretch of the River Ganga","2021","Environmental Research Communications","21","10.1088/2515-7620/ac10fd","https://www.scopus.com/pages/publications/85111668430?origin=resultslist","Integrative Taxonomy and Microbial Ecology Research Group, Department of Biological Sciences, Indian Institute of Science Education and Research, Mohanpur-741246, Nadia, Kolkata, West Bengal, India; Centre for Climate and Environmental Studies, Indian Institute of Science Education and Research, Mohanpur-741246, Nadia, Kolkata, West Bengal, India; Department of Botany, Panskura Banamali College (Autonomous), Panskura R.S., Purba Medinipur-721152, West Bengal, India","Kumar C., Integrative Taxonomy and Microbial Ecology Research Group, Department of Biological Sciences, Indian Institute of Science Education and Research, Mohanpur-741246, Nadia, Kolkata, West Bengal, India; Ghosh A., Integrative Taxonomy and Microbial Ecology Research Group, Department of Biological Sciences, Indian Institute of Science Education and Research, Mohanpur-741246, Nadia, Kolkata, West Bengal, India, Centre for Climate and Environmental Studies, Indian Institute of Science Education and Research, Mohanpur-741246, Nadia, Kolkata, West Bengal, India; Yash, Integrative Taxonomy and Microbial Ecology Research Group, Department of Biological Sciences, Indian Institute of Science Education and Research, Mohanpur-741246, Nadia, Kolkata, West Bengal, India; Debnath M., Department of Botany, Panskura Banamali College (Autonomous), Panskura R.S., Purba Medinipur-721152, West Bengal, India; Bhadury P., Integrative Taxonomy and Microbial Ecology Research Group, Department of Biological Sciences, Indian Institute of Science Education and Research, Mohanpur-741246, Nadia, Kolkata, West Bengal, India, Centre for Climate and Environmental Studies, Indian Institute of Science Education and Research, Mohanpur-741246, Nadia, Kolkata, West Bengal, India","Rapid human pressure in semi-urban and urban areas along with increasing industrial activities has resulted in release of untreated sewage and other forms of pollutants into major rivers globally including in the Ganga. In this study, nine sites represented by 59 stations along the lower stretch of the River Ganga were monitored seasonally to understand the effect of monsoonal precipitation on environmental variables and Water Quality Index (WQI). Sampling was undertaken in pre-monsoon, monsoon and post-monsoon seasons (2019). In situ surface water temperature, dissolved oxygen, pH, total dissolved solids (TDS) and electrical conductivity (EC) were measured along with dissolved nutrients and Chlorophyll-a. Both pH and DO were strongly influenced by monsoon and affected WQI. TDS was higher in point source (PS) stations during pre-monsoon (113–538 ppm) compared to surface water (SW) stations (113–248 ppm) with strong influence of monsoon (PS-27.4-310.3 ppm; SW-27-68.9 ppm). Dissolved nutrients including nitrate and o-phosphate concentration showed significant seasonal variation and influenced monsoonal precipitation. In PS stations across studied seasons dissolved nitrate concentration varied from 26.33–646 μM while in SW the range was from 21.22–148.06 μM. In the studied sites, higher concentration of dissolved nutrients in PS stations reflected the release of untreated municipal and industrial sewage directly into the river. The effect of precipitation and resulting environmental variables was clearly evident on biological variable (concentration of Chl-a) with observed values in PS stations (0–21 mg l−1) which were lesser compared to SW stations (0–89.3 mg l−1) during monsoon. Non-metric multidimensional scaling revealed three distinct clusters with greater overlap between PS and SW stations in monsoon. The WQI values (14–52) determined for lower stretch of Ganga revealed very poor water quality in majority stations and monsoonal precipitation did not have any influence on the observed trends. © 2021 The Author(s). Published by IOP Publishing Ltd.","Dissolved nutrients; Dissolved oxygen; Ganga; Monsoon; Water quality index","Ganges River; concentration (composition); dissolved oxygen; nutrient; precipitation assessment; river water; sampling; seasonal variation; water quality","River Traffic Police of Kolkata Police; Department of Science and Technology, Ministry of Science and Technology, India, डीएसटी, (DST/TM/WTI/2K16/ 124); Department of Science and Technology, Ministry of Science and Technology, India, डीएसटी","This work is supported by Department of Science & Technology (Govt. of India) grant [DST/TM/WTI/2K16/ 124] awarded to Punyasloke Bhadury. The authors thank the River Traffic Police of Kolkata Police for assistance during conducting sampling in Kolkata sector of the River Ganga. The authors would like to thank Manish Sutradhar for help with some of the sampling.","Institute of Physics","Article","Scopus"
"Haghifam M.R.; Manbachi M.","Haghifam, Mahmood Reza (6603228915); Manbachi, Moein (35932552700)","6603228915; 35932552700","Reliability and availability modelling of combined heat and power (CHP) systems","2011","International Journal of Electrical Power and Energy Systems","109","10.1016/j.ijepes.2010.08.035","https://www.scopus.com/pages/publications/79952002292?origin=resultslist","Faculty of Electrical and Computer Engineering, Tarbiat Modares University, Tehran, Iran; Islamic Azad University, South Branch, Tehran, Iran","Haghifam M.R., Faculty of Electrical and Computer Engineering, Tarbiat Modares University, Tehran, Iran; Manbachi M., Islamic Azad University, South Branch, Tehran, Iran","Many subsystems are involved in the reliability modeling of combined heat and power (CHP) systems, but in most studies these subsystems have not been classified and in many cases have been considered separately. Furthermore, calculating the reliability from the generation point to the consumer has not yet been studied. Herein, we classify combined heat and power subsystems and model their reliability, availability and mean-time-to-failure indices based on interactions between subsystems from the generation site to consumer delivery. The proposed CHP reliability and availability model is based on the state space and the continuous Markov method with electricity-generation, fuel-distribution and heat-generation subsystems. The effects of fuel- and water-distribution networks at the CHP site and the hot-water-distribution network on the consumer-utility reliability of CHP systems were fully assessed in an applicable case study. Additionally, we present a sensitivity analysis for island, standby and parallel operational modes of CHP systems. The results from the case study prove that improving the gas-distribution network, the network delivering hot water to the consumers and the water-delivery network to the CHP, in addition to optimizing the failure and repair rates of CHP systems, have considerable effects on the reliability improvement of the complete integrated system and have major roles in technical and economic feasibility studies of CHP systems. © 2010 Elsevier Ltd. All rights reserved.","Availability; Combined heat and power; Continues Markov; Mean time to failure; Reliability; State space","Integrated optics; Reliability; Sensitivity analysis; CHP-systems; Combined heat and power; Combined heat and power system; Continues Markov; Distribution network; Economic feasibilities; Electricity-generation; Hot water; Integrated systems; Mean time to failure; Operational modes; Reliability and availability; Reliability improvement; Reliability modeling; Repair rate; State space; Power quality","","","","Article","Scopus"
"Sharan A.; Sabino F.P.; Janotti A.; Gaillard N.; Ogitsu T.; Varley J.B.","Sharan, Abhishek (57195343900); Sabino, Fernando P. (56427979400); Janotti, Anderson (6701454511); Gaillard, Nicolas (23987766200); Ogitsu, Tadashi (7005272400); Varley, Joel B. (33068519600)","57195343900; 56427979400; 6701454511; 23987766200; 7005272400; 33068519600","Assessing the roles of Cu- And Ag-deficient layers in chalcopyrite-based solar cells through first principles calculations","2020","Journal of Applied Physics","45","10.1063/1.5140736","https://www.scopus.com/pages/publications/85079403777?origin=resultslist","Department of Physics and Astronomy, University of Delaware, Newark, 19716, DE, United States; Department of Materials Science and Engineering, University of Delaware, Newark, 19716, DE, United States; Hawaii Natural Energy Institute, University of Hawaii at Manoa, Honolulu, 96822, HI, United States; Lawrence Livermore National Laboratory, Livermore, 94550, CA, United States","Sharan A., Department of Physics and Astronomy, University of Delaware, Newark, 19716, DE, United States; Sabino F.P., Department of Materials Science and Engineering, University of Delaware, Newark, 19716, DE, United States; Janotti A., Department of Physics and Astronomy, University of Delaware, Newark, 19716, DE, United States, Department of Materials Science and Engineering, University of Delaware, Newark, 19716, DE, United States; Gaillard N., Hawaii Natural Energy Institute, University of Hawaii at Manoa, Honolulu, 96822, HI, United States; Ogitsu T., Lawrence Livermore National Laboratory, Livermore, 94550, CA, United States; Varley J.B., Lawrence Livermore National Laboratory, Livermore, 94550, CA, United States","Chalcopyrites are a demonstrated material platform for realizing efficient thin-film photovoltaics, with the most well known Cu(In,Ga) Se 2 (CIGS)-based solar cells exceeding 23%. Several factors, including flexibility in tuning the absorber bandgap, enhanced surface treatments, and the electrically benign nature of common defects are responsible for the existing high performance and future promise in chalcopyrite-based photovoltaic devices. The introduction of Cu-poor phases (also known as ordered-vacancy compounds or OVCs) between the absorber and buffer layers in CIGS solar cells is known to enhance device performance; however, the overall properties and role of OVCs remain poorly understood. Using first principles calculations based on the density functional theory with screened hybrid functionals, we explore the electronic structure and stability of OVCs and their band offsets with defect-free chalcopyrite layers in Cu- and Ag-based compounds (ABX 2 where A = Cu, Ag; B = In, Ga, Al; and X = S, Se). Using AB 3 X 5 and AB 5 X 8 stoichiometries as model OVC systems, we report on the variation of the bandgap with the A/B ratio and discuss the trends in other Cu- and Ag-based chalcopyrites beyond CuInSe 2. We find that the valence and conduction bands are lower in energy in OVCs with respect to the parent ABX 2 chalcopyrite owing to a reduced p- d interaction between X and A atoms. We additionally perform device-level simulations to assess the implications of the results, finding that the valence band offsets of OVCs are favorable, while the conduction band offsets of chalcopyrites beyond CuInSe 2-based absorbers may be detrimental in conventional solar cell device designs. © 2020 Author(s).","","Buffer layers; Calculations; Conduction bands; Density functional theory; Electronic structure; Energy gap; Indium compounds; Selenium compounds; Silver compounds; Solar absorbers; Solar cells; Solar power generation; Chalcopyrite layers; Conduction band offset; First-principles calculation; Hybrid functionals; Ordered vacancy compound; Photovoltaic devices; Thin film photovoltaics; Valence band offsets; Copper compounds","U.S. Department of Energy, USDOE; Office of Energy Efficiency and Renewable Energy, EERE; Lawrence Livermore National Laboratory, LLNL, (DE-AC52-07NA27344); Lawrence Livermore National Laboratory, LLNL; Hydrogen and Fuel Cell Technologies Office, HFTO","This work was partially performed under the auspices of the U.S. Department of Energy at Lawrence Livermore National Laboratory under Contract No. DE-AC52-07NA27344. The authors gratefully acknowledge research support from the HydroGEN Advanced Water Splitting Materials Consortium, established as part of the Energy Materials Network under the U.S. Department of Energy, Office of Energy Efficiency and Renewable Energy, Fuel Cell Technologies Office.","American Institute of Physics Inc.","Article","Scopus"
"Santra P.K.; Singh A.K.; Kulkarni G.U.; Kundu S.; Rao T.S.; Ganesha M.K.","Santra, Pralay K. (17435832900); Singh, Ashutosh Kumar (57212846273); Kulkarni, Giridhar U. (7102957632); Kundu, Suman (57208404534); Rao, Tejaswini S. (57295709300); Ganesha, Mukhesh K. (57220007176)","17435832900; 57212846273; 7102957632; 57208404534; 57295709300; 57220007176","Aesthetically Acceptable, Breath Friendly Triboelectric Face Masks: Design, Fabrication, and Its Efficacy","2021","Energy Technology","9","10.1002/ente.202100614","https://www.scopus.com/pages/publications/85116998927?origin=resultslist","Centre for Nano and Soft Matter Sciences, Bengaluru, 562162, India; Chemistry & Physics of Materials Unit, Jawaharlal Nehru Centre for Advanced Scientific Research, Bengaluru, 560064, India","Santra P.K., Centre for Nano and Soft Matter Sciences, Bengaluru, 562162, India; Singh A.K., Centre for Nano and Soft Matter Sciences, Bengaluru, 562162, India; Kulkarni G.U., Centre for Nano and Soft Matter Sciences, Bengaluru, 562162, India, Chemistry & Physics of Materials Unit, Jawaharlal Nehru Centre for Advanced Scientific Research, Bengaluru, 560064, India; Kundu S., Centre for Nano and Soft Matter Sciences, Bengaluru, 562162, India; Rao T.S., Centre for Nano and Soft Matter Sciences, Bengaluru, 562162, India; Ganesha M.K., Centre for Nano and Soft Matter Sciences, Bengaluru, 562162, India","Since the beginning of the COVID-19 pandemic, several attempts have been made worldwide to control the spread of the virus. It is widely accepted that wearing face masks in public and workplaces suppresses the transmission of the virus. Highly effective face masks, e.g. N95, have a high filtration efficiency but with a large pressure drop, which does not allow one to wear the mask comfortably for long hours. A larger population wearing a moderate efficiency mask can also cut the transmission at large. Herein, mask panels from readily available fabrics are developed, that can generate triboelectricity, which enhances the filtration efficiency by around 18% without compromising the pressure drop—allowing one to wear the mask for an extended period. The unique cup-shaped design of the mask provides a snug fit with no speech distortion or fogging on the glasses. © 2021 Wiley-VCH GmbH","energy generation; face masks; healthcare; particle filtration efficiencies; personal protective equipments; snug fits; triboelectricity","Pressure drop; Protective clothing; Transmissions; Triboelectricity; Viruses; Wear of materials; Energy generations; Face masks; Filtration efficiency; Large population; Mask design; Particle filtration efficiency; Personal protective equipment; Snug fit; Speech distortion; Drops","Camellia Clothing Ltd., (DST/NM/COVID-159/2020(G)); Central Research Facility, Centre for Nano and Soft Matter Sciences; Centre for Nano and Soft Matter Sciences, CeNS","The authors profoundly thank Prof. Ashutosh Sharma for several discussions and suggestions on this work. Mr. Harish Mittal, CEO of Camellia Clothing Ltd., is gratefully acknowledged for the commercial production of the developed mask. Funding from the Nano Mission, Department of Science and Technology (DST/NM/COVID-159/2020(G)), Govt. of India, is gratefully acknowledged. The authors thank the Central Research Facility, Centre for Nano and Soft Matter Sciences (CeNS) for the research facilities.","John Wiley and Sons Inc","Article","Scopus"
"Singh V.K.; Govindarasu M.","Singh, Vivek Kumar (57203486740); Govindarasu, Manimaran (7003605825)","57203486740; 7003605825","A Cyber-Physical Anomaly Detection for Wide-Area Protection Using Machine Learning","2021","IEEE Transactions on Smart Grid","100","10.1109/TSG.2021.3066316","https://www.scopus.com/pages/publications/85103200711?origin=resultslist","Department of Power and Energy Systems, Idaho National Laboratory, Idaho Falls, 83415, ID, United States; Department of Electrical and Computer Engineering, Iowa State University, Ames, 50011, IA, United States","Singh V.K., Department of Power and Energy Systems, Idaho National Laboratory, Idaho Falls, 83415, ID, United States; Govindarasu M., Department of Electrical and Computer Engineering, Iowa State University, Ames, 50011, IA, United States","Wide-area protection scheme (WAPS) provides system-wide protection by detecting and mitigating small and large-scale disturbances that are difficult to resolve using local protection schemes. As this protection scheme is evolving from a substation-based distributed remedial action scheme (DRAS) to the control center-based centralized RAS (CRAS), it presents severe challenges to their cybersecurity because of its heavy reliance on an insecure grid communication, and its compromise would lead to system failure. This article presents an architecture and methodology for developing a cyber-physical anomaly detection system (CPADS) that utilizes synchrophasor measurements and properties of network packets to detect data integrity and communication failure attacks on measurement and control signals in CRAS. The proposed machine leaning-based methodology applies a rules-based approach to select relevant input features, utilizes variational mode decomposition (VMD) and decision tree (DT) algorithms to develop multiple classification models, and performs final event identification using a rules-based decision logic. We have evaluated the proposed methodology of CPADS using the IEEE 39 bus system for several performance measures (accuracy, recall, precision, and F-measure) in a cyber-physical testbed environment. Our experimental results reveal that the proposed algorithm (VMD-DT) of CPADS outperforms the existing machine learning classifiers during noisy and noise-free measurements while incurring an acceptable processing overhead.  © 2010-2012 IEEE.","cybersecurity; machine learning; synchrophasor; variational mode decomposition; Wide-area protection","Cyber Physical System; Decision trees; Electric power system protection; Machine learning; Optical variables measurement; Security of data; Wide area networks; Anomaly detection systems; Communication failure; Event identification; Measurement and control; Multiple Classification; Remedial action scheme; Synchrophasor measurements; Wide area protection; Anomaly detection","National Science Foundation, NSF, (1446831, CNS 1446831); U.S. Department of Energy, USDOE, (DE-OE0000830, TSG-00981-2020)","Manuscript received June 27, 2020; revised October 31, 2020 and January 28, 2021; accepted February 25, 2021. Date of publication March 17, 2021; date of current version June 21, 2021. This work was supported in part by U.S. NSF under Grant CNS 1446831, and in part by U.S. DOE under Grant DE-OE0000830. Paper no. TSG-00981-2020. (Corresponding author: Vivek Kumar Singh.) Vivek Kumar Singh is with the Department of Power and Energy Systems, Idaho National Laboratory, Idaho Falls, ID 83415 USA (e-mail: vivekkumar.singh@inl.gov).","Institute of Electrical and Electronics Engineers Inc.","Article","Scopus"
"Al Kez D.; Foley A.M.; Ahmed F.W.; O'Malley M.; Muyeen S.M.","Al Kez, Dlzar (57216830620); Foley, Aoife M. (35223180000); Ahmed, Faraedoon W. (57208837852); O'Malley, Mark (7102539785); Muyeen, S.M. (14054532300)","57216830620; 35223180000; 57208837852; 7102539785; 14054532300","Potential of data centers for fast frequency response services in synchronously isolated power systems","2021","Renewable and Sustainable Energy Reviews","40","10.1016/j.rser.2021.111547","https://www.scopus.com/pages/publications/85112483383?origin=resultslist","School of Electronics, Electrical Engineering and Computer Science, Queen's University Belfast, Belfast, BT9 5AH, United Kingdom; Department of Electrical Engineering, University of Sulaimani, Sulaimaniyah, Iraq; Department of Civil, Structural and Environmental Engineering, Trinity College Dublin, Dublin, Ireland; School of Mechanical and Aerospace Engineering, Queen's University Belfast, Belfast, BT9 5AH, United Kingdom; Department of Mechanical Engineering, Massachusetts Institute of Technology, United States; College of Science, Physics Department, University of Halabja, Sulaimaniyah, Iraq; Energy Systems Integration Group, Virginia, 20195, United States; School of Electrical and Electronic Engineering, University College Dublin, Dublin 4, Ireland; School of Electrical Engineering, Computing and Mathematical Sciences, Curtin University, Perth, 6845, WA, Australia","Al Kez D., School of Electronics, Electrical Engineering and Computer Science, Queen's University Belfast, Belfast, BT9 5AH, United Kingdom, Department of Electrical Engineering, University of Sulaimani, Sulaimaniyah, Iraq; Foley A.M., Department of Civil, Structural and Environmental Engineering, Trinity College Dublin, Dublin, Ireland, School of Mechanical and Aerospace Engineering, Queen's University Belfast, Belfast, BT9 5AH, United Kingdom, Department of Mechanical Engineering, Massachusetts Institute of Technology, United States; Ahmed F.W., College of Science, Physics Department, University of Halabja, Sulaimaniyah, Iraq; O'Malley M., Energy Systems Integration Group, Virginia, 20195, United States, School of Electrical and Electronic Engineering, University College Dublin, Dublin 4, Ireland; Muyeen S.M., School of Electrical Engineering, Computing and Mathematical Sciences, Curtin University, Perth, 6845, WA, Australia","Grid frequency support is one of the most challenging issues in wind rich islanded power systems. This problem becomes critical with the displacement of synchronous generators and their associated services (i.e., inertia and primary operating reserve). The services that are lost can be replaced by other sources, such as demand response schemes to enhance the resiliency and security of power system operations. Demand response based on internet data centers is expected to become an increasingly important asset to make a significant contribution to frequency ancillary services. To exploit this resource, internet service companies are expected to combine the capabilities of a variety of data centers to participate as a single provider similar to a virtual power plant. In this context, this work develops a novel framework for cooperative participation of data centers delay-tolerant workloads and backup power supply units to provide effective fast frequency response service. This is achieved by employing the model predictive controller to initiate reference signals to data center resources while respecting device operating conditions and constraints. Various case studies are run on the modified linear model of the 39 Bus system via dynamic simulations for the projected 75 % system non-synchronous penetration. Simulation results demonstrate the potential of different data center configurations to stabilize grid frequency during signal delays and severe cascade failures. The analysis shows that the proposed framework is critical to the adoption of renewable energy and reduces the requirement for an expensive spinning reserve used in a typical power system. © 2021 Elsevier Ltd","Demand response; Fast frequency response; Frequency transients; Internet data centers; Low inertia power systems; Uninterruptable power supply (UPS); Wind power generation","Electric power generation; Uninterruptible power systems; Virtual Power Plants; Wind power; Datacenter; Demand response; Fast frequency response; Frequency transients; Internet data centers; Low inertia power system; Power; Power supply; Uninterruptable power supply; Wind power generation; Frequency response","CREDENCE; Centre to Centre, (USI 110); Communications and Economics; US-Ireland Department for the Economy; National Science Foundation, NSF; Department for Education, UK Government, DfE; Science Foundation Ireland, SFI","This work is part of the Collaborative REsearch of Decentralization, ElectrificatioN, Communications and Economics (CREDENCE) project, which is funded by a US-Ireland Department for the Economy (DfE), Science Foundation Ireland (SFI) and a US National Science Foundation (NSF) award under the Research and Development Partnership Program (Centre to Centre) award (grant number USI 110). The views and opinions expressed in this paper do not necessarily reflect those of the DfE, SFI, and NSF.","Elsevier Ltd","Article","Scopus"
"Damala M.; Swioklo S.; Koduri M.A.; Mitragotri N.S.; Basu S.; Connon C.J.; Singh V.","Damala, Mukesh (57202494970); Swioklo, Stephen (56986399400); Koduri, Madhuri A. (57211853761); Mitragotri, Noopur S. (57211850450); Basu, Sayan (36716026100); Connon, Che J. (7003429732); Singh, Vivek (57574938700)","57202494970; 56986399400; 57211853761; 57211850450; 36716026100; 7003429732; 57574938700","Encapsulation of human limbus-derived stromal/mesenchymal stem cells for biological preservation and transportation in extreme Indian conditions for clinical use","2019","Scientific Reports","11","10.1038/s41598-019-53315-x","https://www.scopus.com/pages/publications/85075158419?origin=resultslist","Prof. Brien Holden Eye Research Centre, LV Prasad Eye Institute, Hyderabad, Telangana, India; School of Life Sciences, University of Hyderabad, Hyderabad, Telangana, India; Atelerix Ltd., Biomedicine West, International Centre for Life, Newcastle Upon Tyne, United Kingdom; Institute of Genetic Medicine, Faculty of Medical Sciences, Newcastle University, Newcastle Upon Tyne, United Kingdom; Center for Ocular Regeneration (CORE), LV Prasad Eye Institute, Hyderabad, Telangana, India","Damala M., Prof. Brien Holden Eye Research Centre, LV Prasad Eye Institute, Hyderabad, Telangana, India, School of Life Sciences, University of Hyderabad, Hyderabad, Telangana, India; Swioklo S., Atelerix Ltd., Biomedicine West, International Centre for Life, Newcastle Upon Tyne, United Kingdom; Koduri M.A., Prof. Brien Holden Eye Research Centre, LV Prasad Eye Institute, Hyderabad, Telangana, India; Mitragotri N.S., Prof. Brien Holden Eye Research Centre, LV Prasad Eye Institute, Hyderabad, Telangana, India; Basu S., Prof. Brien Holden Eye Research Centre, LV Prasad Eye Institute, Hyderabad, Telangana, India, Center for Ocular Regeneration (CORE), LV Prasad Eye Institute, Hyderabad, Telangana, India; Connon C.J., Institute of Genetic Medicine, Faculty of Medical Sciences, Newcastle University, Newcastle Upon Tyne, United Kingdom; Singh V., Prof. Brien Holden Eye Research Centre, LV Prasad Eye Institute, Hyderabad, Telangana, India, Center for Ocular Regeneration (CORE), LV Prasad Eye Institute, Hyderabad, Telangana, India","Human limbus-derived stromal/mesenchymal stem cells (hLMSC) can be one of the alternatives for the treatment of corneal scars. However, reliable methods of storing and transporting hLMSC remains a serious translational bottleneck. This study aimed to address these limitations by encapsulating hLMSC in alginate beads. Encapsulated hLMSC were kept in transit in a temperature-conditioned container at room temperature (RT) or stored at 4 °C for 3–5 days, which is the likely duration for transporting cells from bench-to-bedside. Non-encapsulated cells were used as controls. Post-storage, hLMSC were released from encapsulation, and viability-assessed cells were plated. After 48 and 96-hours in culture the survival, gene-expression and phenotypic characteristics of hLMSC were assessed. During transit, the container maintained an average temperature of 18.6 ± 1.8 °C, while the average ambient temperature was 31.4 ± 1.2 °C (p = 0.001). Encapsulated hLMSC under transit at RT were recovered with a higher viability (82.5 ± 0.9% and 76.9 ± 1.9%) after 3 (p = 0.0008) and 5-day storage (p = 0.0104) respectively as compared to 4 °C (65.2 ± 1.2% and 64.5 ± 0.8% respectively). Cells at RT also showed a trend towards greater survival-rates when cultured (74.3 ± 2.9% and 67.7 ± 9.8%) than cells stored at 4 °C (54.8 ± 9.04% and 52.4 ± 8.1%) after 3 and 5-days storage (p > 0.2). Non-encapsulated cells had negligible viability at RT and 4 °C. Encapsulated hLMSC (RT and 4 °C) maintained their characteristic phenotype (ABCG2, Pax6, CD90, p63-α, CD45, CD73, CD105, Vimentin and Collagen III). The findings of this study suggest that alginate encapsulation is an effective method of hLMSC preservation offering high cell viability over prolonged durations in transit at RT, therefore, potentially expanding the scope of cell-based therapy for corneal blindness. © 2019, The Author(s).","","Alginates; Cell Survival; Gene Expression; Genetic Markers; Humans; India; Limbus Corneae; Mesenchymal Stem Cells; Preservation, Biological; Specimen Handling; Temperature; alginic acid; cell survival; cornea limbus; cytology; devices; gene expression; genetic marker; human; India; mesenchymal stem cell; physiology; preservation; procedures; specimen handling; temperature","Champalimaud Translational Centre for Eye Research; Science and Engineering Research Board, SERB; Hyderabad Eye Research Foundation, HERF; Department of Science and Technology, Government of Kerala, (EMR/2017/005086); Department of Science and Technology, Government of Kerala","This work was supported by Science and Engineering Research Board, Department of Science and Technology, Government of India (EMR/2017/005086). Support in part was provided by Champalimaud Translational Centre for Eye Research, Hyderabad Eye Research Foundation, Hyderabad, India. Part of this study is accepted for submission at ARVO Annual Meeting, 2019.","Nature Publishing Group","Article","Scopus"
"Ku A.Y.; Kocs E.A.; Afzal S.; Ewan M.; Glenn J.R.; Toma F.; Vickers J.; Weeks B.; White A.A.","Ku, Anthony Y. (8344931100); Kocs, Elizabeth A. (56015531400); Afzal, Shaik (56425642600); Ewan, Mitch (36343195200); Glenn, Jennifer R. (56988684200); Toma, Francesca (57016448000); Vickers, James (57194727787); Weeks, Brian (58147472400); White, Ashley A. (59796885400)","8344931100; 56015531400; 56425642600; 36343195200; 56988684200; 57016448000; 57194727787; 58147472400; 59796885400","Opportunities for the materials research community to support the development of the H2 economy","2023","MRS Energy and Sustainability","2","10.1557/s43581-023-00061-3","https://www.scopus.com/pages/publications/85150339640?origin=resultslist","Foresight Transitions Ltd, Salisbury, United Kingdom; GTI Energy, Des Plaines, United States; Hawaii Natural Energy Institute, Honolulu, United States; Nel Hydrogen, Wallingford, United States; Chemical Sciences Division, Lawrence Berkeley National Laboratory, Berkeley, United States; Helmholtz-Zentrum Hereon, Kantstraße 55, Teltow, 14513, Germany; US Department of Energy, Hydrogen and Fuel Cell Technologies Office, Washington, United States; Advanced Light Source, Lawrence Berkeley National Laboratory, Berkeley, United States; Energy Sciences Area, Lawrence Berkeley National Laboratory, Berkeley, United States","Ku A.Y., Foresight Transitions Ltd, Salisbury, United Kingdom; Kocs E.A., GTI Energy, Des Plaines, United States; Afzal S., GTI Energy, Des Plaines, United States; Ewan M., Hawaii Natural Energy Institute, Honolulu, United States; Glenn J.R., Nel Hydrogen, Wallingford, United States; Toma F., Chemical Sciences Division, Lawrence Berkeley National Laboratory, Berkeley, United States, Helmholtz-Zentrum Hereon, Kantstraße 55, Teltow, 14513, Germany; Vickers J., US Department of Energy, Hydrogen and Fuel Cell Technologies Office, Washington, United States; Weeks B., GTI Energy, Des Plaines, United States; White A.A., Advanced Light Source, Lawrence Berkeley National Laboratory, Berkeley, United States, Energy Sciences Area, Lawrence Berkeley National Laboratory, Berkeley, United States","The goal of decarbonizing global energy systems by 2050 is a challenge of unprecedented scope and ambition. Hydrogen has been identified as an important enabler for this effort, but its precise role in the energy transition and future energy system remains unclear. The MRS Focus on Sustainability subcommittee sponsored a panel discussion on the roles of and materials needs associated with hydrogen in the energy transition. This commentary summarizes key elements from the panel discussion and addresses how the materials research community can engage more deeply with the H2 energy transition. The topics include inventing new materials with improved properties for advanced technologies, but also supporting the growth of a robust manufacturing base, improving materials corrosion mitigation, helping to de-risk supply chains, and training qualified workers across the industrial ecosystem to reinforce a culture of safety and support the evolution of commercial processes and business models. Graphical abstract: [Figure not available: see fulltext.] © 2023, The Author(s).","corporate/business; outreach; society; sustainability","","Medical Research Scotland, MRS; Jacobs School of Engineering, University of California, San Diego, JSOE; Materials Research Society, MRS; National Science Foundation, NSF, (1916860, DMR 1916860); National Science Foundation, NSF","Funding text 1: The authors acknowledge the Focus on Sustainability subcommittee of the Materials Research Society, and the MRS Energy and Sustainability journal for their sponsorship of the panel discussion. This material is based upon work supported by the National Science Foundation under Grant No. DMR 1916860. Funding support for the event from the University of California\u2014San Diego Jacobs School of Engineering is also gratefully acknowledged. The views and opinions of the authors expressed herein do not necessarily state or reflect those of the United States Government or any agency thereof. Neither the United States Government nor any agency thereof, nor any of their employees, makes any warranty, expressed or implied, or assumes any legal liability or responsibility for the accuracy, completeness, or usefulness of any information, apparatus, product, or process disclosed, or represents that its use would not infringe privately owned rights.; Funding text 2: The authors acknowledge the Focus on Sustainability subcommittee of the Materials Research Society, and the MRS Energy and Sustainability journal for their sponsorship of the panel discussion. This material is based upon work supported by the National Science Foundation under Grant No. DMR 1916860. Funding support for the event from the University of California\u2014San Diego Jacobs School of Engineering is also gratefully acknowledged. ","Springer Nature","Note","Scopus"
"Ruggles T.H.; Dowling J.A.; Lewis N.S.; Caldeira K.","Ruggles, Tyler H. (56681978600); Dowling, Jacqueline A. (57218692459); Lewis, Nathan S. (55279232600); Caldeira, Ken (7004807312)","56681978600; 57218692459; 55279232600; 7004807312","Opportunities for flexible electricity loads such as hydrogen production from curtailed generation","2021","Advances in Applied Energy","86","10.1016/j.adapen.2021.100051","https://www.scopus.com/pages/publications/85113332670?origin=resultslist","Carnegie Institution for Science, 260 Panama St., Stanford, 94305, California, United States; California Institute of Technology, 1200 East California Blvd., Pasadena, 91125, California, United States; Breakthrough Energy, 4110 Carillon Pt., Kirkland, 98033, Washington, United States","Ruggles T.H., Carnegie Institution for Science, 260 Panama St., Stanford, 94305, California, United States; Dowling J.A., California Institute of Technology, 1200 East California Blvd., Pasadena, 91125, California, United States; Lewis N.S., California Institute of Technology, 1200 East California Blvd., Pasadena, 91125, California, United States; Caldeira K., Carnegie Institution for Science, 260 Panama St., Stanford, 94305, California, United States, Breakthrough Energy, 4110 Carillon Pt., Kirkland, 98033, Washington, United States","Variable, low-cost, low-carbon electricity that would otherwise be curtailed may provide a substantial economic opportunity for entities that can flexibly adapt their electricity consumption. We used historical hourly weather data over the contiguous U.S. to model the characteristics of least-cost electricity systems dominated by variable renewable generation that powered firm and flexible electricity demands (loads). Scenarios evaluated included variable wind and solar power, battery storage, and dispatchable natural gas with carbon capture and storage, with electrolytic hydrogen representing a prototypical flexible load. When flexible loads were small, excess generation capacity was available during most hours, allowing flexible loads to operate at high capacity factors. Expanding the flexible loads allowed the least-cost systems to more fully utilize the generation capacity built to supply firm loads, and thus reduced the average cost of delivered electricity. The macro-scale energy model indicated that variable renewable electricity systems optimized to supply firm loads at current costs could supply ∼25% or more additional flexible load with minimal capacity expansion, while resulting in reduced average electricity costs (∼10% or less capacity expansion and ∼10% to 20% reduction in costs in our modeled scenarios). These results indicate that adding flexible loads to electricity systems will likely allow more full utilization of generation assets across a wide range of system architectures, thus providing new energy services with infrastructure that is already needed to supply firm electricity loads. © 2021 The Author(s)","Curtailment; Electricity costs; Flexible load; Hydrogen; System flexibility; Variable renewable energy","","Gates Ventures, Inc.; Low Carbon Energy Science and Policy; Fund for Innovative Climate and Energy Research, FICER","We would like to thank Lei Duan of the Carnegie Institution for Science, Department of Global Ecology for calculation of the solar and wind capacity factors used in this study. We would also like to thank Enrico Antonini of the Carnegie Institution for Science, Department of Global Ecology for performing the wind and solar resource aggregation comparison. We would also like to thank the reviewers for their thorough review and thoughtful comments that resulted in an improved manuscript. This work is funded by a gift to the Carnegie Institution for Science from Gates Ventures, Inc. This work is also supported by the Fund for Innovative Climate and Energy Research. J.A.D. acknowledges a fellowship from SoCalGas in support of Low Carbon Energy Science and Policy. ","Elsevier Ltd","Article","Scopus"
"Rynne O.; Dubarry M.; Molson C.; Lepage D.; Prébé A.; Aymé-Perrot D.; Rochefort D.; Dollé M.","Rynne, Olivier (57209202135); Dubarry, Matthieu (14122893100); Molson, Corentin (57214315476); Lepage, David (45060932700); Prébé, Arnaud (36905158200); Aymé-Perrot, David (23011497700); Rochefort, Dominic (7003520985); Dollé, Mickael (7004754151)","57209202135; 14122893100; 57214315476; 45060932700; 36905158200; 23011497700; 7003520985; 7004754151","Designs of experiments for beginners—A quick start guide for application to electrode formulation","2019","Batteries","43","10.3390/batteries5040072","https://www.scopus.com/pages/publications/85078232083?origin=resultslist","Department of Chemistry, Université de Montréal, Montreal, H3T1J4, QC, Canada; Hawaii Natural Energy Institute, University of Hawai’i at Manoa, Honolulu, 96822, HI, United States; Hutchinson, 3600 boulevard du Tricentenaire, Montréal, H1B 5M8, QC, Canada; Prospective Lab, Total SA, Paris La Défense, 92069, France","Rynne O., Department of Chemistry, Université de Montréal, Montreal, H3T1J4, QC, Canada; Dubarry M., Hawaii Natural Energy Institute, University of Hawai’i at Manoa, Honolulu, 96822, HI, United States; Molson C., Department of Chemistry, Université de Montréal, Montreal, H3T1J4, QC, Canada; Lepage D., Department of Chemistry, Université de Montréal, Montreal, H3T1J4, QC, Canada; Prébé A., Hutchinson, 3600 boulevard du Tricentenaire, Montréal, H1B 5M8, QC, Canada; Aymé-Perrot D., Prospective Lab, Total SA, Paris La Défense, 92069, France; Rochefort D., Department of Chemistry, Université de Montréal, Montreal, H3T1J4, QC, Canada; Dollé M., Department of Chemistry, Université de Montréal, Montreal, H3T1J4, QC, Canada","In this paper, we will describe in detail the setting up of a Design of Experiments (DoE) applied to the formulation of electrodes for Li-ion batteries. We will show that, with software guidance, Designs of Experiments are simple yet extremely useful statistical tools to set up and embrace. An Optimal Combined Design was used to identify influential factors and pinpoint the optimal formulation, according to the projected use. Our methodology follows an eight-step workflow adapted from the literature. Once the study objectives are clearly identified, it is necessary to consider the time, cost, and complexity of an experiment before choosing the responses that best describe the system, as well as the factors to vary. By strategically selecting the mixtures to be characterized, it is possible to minimize the number of experiments, and obtain a statistically relevant empirical equation which links responses and design factors. © 2019 by the authors. Licensee MDPI, Basel, Switzerland.","Design of experiment; Empirical model; Formulation; Lithium-ion; Optimal combined design; Optimization","Electrodes; Lithium-ion batteries; Statistical mechanics; Combined design; Empirical model; Formulation; Influential factors; Lithium ions; Optimal combined design; Optimisations; Quick starts; Simple++; Statistical tools; Design of experiments","Hutchinson Aeronautics and Industry, and Total; University of Hawaii Material Science Consortium for Research and Education; ; State of Hawaii; NSERC Collaborative Research and Development, (468656-14)","Funding: This work was supported by a grant from the National Sciences and Engineering Research Council of Canada (NSERC), Hutchinson Aeronautics and Industry, and Total (NSERC Collaborative Research and Development; #RDCPJ468656-14). M.D. is thankful for support from the State of Hawaii as well as the University of Hawaii Material Science Consortium for Research and Education (UHM MS-CORE).","MDPI","Article","Scopus"
"Cleveland F.M.","Cleveland, Frances M. (24921407300)","24921407300","IEC 62351-7: Communications and information management technologies -network and system management in power system operations","2008","Transmission and Distribution Exposition Conference: 2008 IEEE PES Powering Toward the Future, PIMS 2008","10","10.1109/TDC.2008.4517189","https://www.scopus.com/pages/publications/77950967741?origin=resultslist","IEEE PES Power System Communications Committee (PSCC); IEEE PSCC Wireless WG; IEEE PSCC Security Subcommittee; Xanthus Consulting International","Cleveland F.M., IEEE PES Power System Communications Committee (PSCC), IEEE PSCC Wireless WG, IEEE PSCC Security Subcommittee, Xanthus Consulting International","Power systems operations are increasingly reliant on information infrastructures, including communication networks, intelligent electronic devices (IEDs), and self-defining communication protocols. Therefore, management of the information infrastructure is crucial to providing the necessary high levels of security and reliability in power system operations. The IEC TC57 WG15 is developing abstract Network and System Management (NSM) data objects for the power system operational environment, which can be translated to IEC 61850, SNMP, Web Services, or other protocols. These NSM data objects reflect what information is needed to manage the information infrastructure as reliably as the power system infrastructure is managed. ©2008 IEEE.","Communications; IEC; Information management; Network management; Power system operations; Security; System management","Communication; Digital storage; Electric power systems; Internet protocols; Communication networks; Communication protocols; Data objects; IEC; IEC 61850; Information infrastructures; Information management technology; Intelligent electronic device; Operational environments; Power system operations; Power systems; Power systems operation; Security; System management; Information management","","","","Conference paper","Scopus"
"Yasir F.; Sepasi S.; Dubarry M.","Yasir, Fahim (58553038900); Sepasi, Saeed (24777311500); Dubarry, Matthieu (14122893100)","58553038900; 24777311500; 14122893100","Big Data Study of the Impact of Residential Usage and Inhomogeneities on the Diagnosability of PV-Connected Batteries","2025","Batteries","0","10.3390/batteries11040154","https://www.scopus.com/pages/publications/105003630964?origin=resultslist","Hawai‘i Natural Energy Institute, University of Hawai‘i at Mānoa, Honolulu, 96822, HI, United States","Yasir F., Hawai‘i Natural Energy Institute, University of Hawai‘i at Mānoa, Honolulu, 96822, HI, United States; Sepasi S., Hawai‘i Natural Energy Institute, University of Hawai‘i at Mānoa, Honolulu, 96822, HI, United States; Dubarry M., Hawai‘i Natural Energy Institute, University of Hawai‘i at Mānoa, Honolulu, 96822, HI, United States","Grid-connected battery energy storage systems are usually used 24/7, which could prevent the utilization of typical diagnosis and prognosis techniques that require controlled conditions. While some new approaches have been proposed at the laboratory level, the impact of real-world conditions could still be problematic. This work investigates both the impact of additional residential usage on the cells while charging and of inhomogeneities on the diagnosability of batteries charged from photovoltaic systems. Using Big-Data synthetic datasets covering more than ten thousand possible degradations, we will show that these impacts can be accommodated to retain good diagnosability under auspicious conditions to reach average RMSEs around 2.75%. © 2025 by the authors.","Big Data; CNN; PV-connected batteries; residential usage; synthetic data","Houses; Battery energy storage systems; Condition; Controlled conditions; Diagnosability; Diagnosis and prognosis; Grid-connected; Inhomogeneities; PV-connected battery; Residential usage; Synthetic data; Large datasets","Office of Naval Research, ONR, (N00014-21-1-2250); Office of Naval Research, ONR","This research was funded by ONR grand number # N00014-21-1-2250. The authors are thankful to ONR for funding the deployment and monitoring of the PV system used in this work with the help of HNEI\u2019s Severine Busquet, Jonathan Kobayashi, and Richard Rocheleau.","Multidisciplinary Digital Publishing Institute (MDPI)","Article","Scopus"
"Fürsch M.; Hagspiel S.; Jägemann C.; Nagl S.; Lindenberger D.; Tröster E.","Fürsch, Michaela (40461456400); Hagspiel, Simeon (37053964700); Jägemann, Cosima (55536578400); Nagl, Stephan (40461904500); Lindenberger, Dietmar (6602483779); Tröster, Eckehard (37014035700)","40461456400; 37053964700; 55536578400; 40461904500; 6602483779; 37014035700","The role of grid extensions in a cost-efficient transformation of the European electricity system until 2050","2013","Applied Energy","141","10.1016/j.apenergy.2012.11.050","https://www.scopus.com/pages/publications/84871566273?origin=resultslist","Institute of Energy Economics, University of Cologne, 50827 Cologne, Vogelsanger Strasse 321, Germany; Energynautics GmbH, 63225 Langen, Mühlstraße 21, Germany","Fürsch M., Institute of Energy Economics, University of Cologne, 50827 Cologne, Vogelsanger Strasse 321, Germany; Hagspiel S., Institute of Energy Economics, University of Cologne, 50827 Cologne, Vogelsanger Strasse 321, Germany; Jägemann C., Institute of Energy Economics, University of Cologne, 50827 Cologne, Vogelsanger Strasse 321, Germany; Nagl S., Institute of Energy Economics, University of Cologne, 50827 Cologne, Vogelsanger Strasse 321, Germany; Lindenberger D., Institute of Energy Economics, University of Cologne, 50827 Cologne, Vogelsanger Strasse 321, Germany; Tröster E., Energynautics GmbH, 63225 Langen, Mühlstraße 21, Germany","A strong and intermeshed electricity grid allows the cost-efficient achievement of renewable energy targets by enabling the use of favorable sites and by facilitating the balancing of stochastic infeed from renewables and electricity demand. However, construction of new lines is currently proceeding slowly in Europe. This paper quantifies the benefits of optimal transmission grid extensions for Europe up to 2050 by iterating an investment and dispatch optimization model with a load flow based grid model. We find that large grid extensions, allowing the full exploitation of the most favorable RES-E sites throughout Europe, are beneficial from a least-cost perspective. If the electricity network were to be cost-optimally extended, 228,000. km would be built before 2050 (+76% compared to today). Only for sites located furthest from large consumption areas in Central Europe would the value of grid extensions not always outweigh its costs. Furthermore, the capacity of transmission lines connecting favorable RES-E sites with demand centers is cost-optimally dimensioned to almost entirely export all RES-E generation that exceeds local electricity demand. Only in periods with the highest infeed of fluctuating renewables, electricity is stored. When optimal grid extensions are impeded, storage investments are chosen to a larger extent. © 2012 Elsevier Ltd.","GHG reduction; Power system optimization; Renewable energy; Transmission grid","Europe; Costs; Central Europe; Cost-efficient; Demand centers; Electricity demands; Electricity grids; Electricity networks; Electricity system; Grid extension; Grid model; Load flow; Optimal transmission; Optimization models; Power system optimization; Renewable energies; Renewables; Transmission grids; consumption behavior; cost-benefit analysis; emission inventory; future prospect; greenhouse gas; investment; numerical model; optimization; profitability; renewable resource; Electricity","Gesellschaft zur Förderung des Energiewirtschaftlichen Instituts an der Universität zu Köln gGmbH","This article is based on results from the study ‘Roadmap 2050 – a closer look. Cost-efficient RES-E penetrations and the role of grid extensions’ undertaken by the Institute of Energy Economics at the University of Cologne and Energynautics GmbH in 2011 ( www.ewi.uni-koeln.de ). Funding for the study was provided by the Gesellschaft zur Förderung des Energiewirtschaftlichen Instituts an der Universität zu Köln gGmbH, which is EWI’s funding organization, and is gratefully acknowledged by the authors. ","Elsevier Ltd","Article","Scopus"
"Panneton F.; L'Ecuyer P.; Matsumoto M.","Panneton, François (6504146243); L'Ecuyer, Pierre (7006485233); Matsumoto, Makoto (55450330500)","6504146243; 7006485233; 55450330500","Improved long-period generators based on linear recurrences modulo 2","2006","ACM Transactions on Mathematical Software","198","10.1145/1132973.1132974","https://www.scopus.com/pages/publications/33745244126?origin=resultslist","Université de Montréal, Canada; Hiroshima University, Japan; Département d'Informatique et de Recherche Opérationnelle, Université de Montréal, Montréal, H3C 3J7, Succ. Centre-Ville, Canada; Department of Mathematics, Graduate School of Science, Hiroshima University, Higashi, Hiroshima, 739-8526, 1-3-1, Kagamiyama, Japan","Panneton F., Université de Montréal, Canada, Département d'Informatique et de Recherche Opérationnelle, Université de Montréal, Montréal, H3C 3J7, Succ. Centre-Ville, Canada; L'Ecuyer P., Université de Montréal, Canada, Département d'Informatique et de Recherche Opérationnelle, Université de Montréal, Montréal, H3C 3J7, Succ. Centre-Ville, Canada; Matsumoto M., Hiroshima University, Japan, Department of Mathematics, Graduate School of Science, Hiroshima University, Higashi, Hiroshima, 739-8526, 1-3-1, Kagamiyama, Japan","Fast uniform random number generators with extremely long periods have been defined and implemented based on linear recurrences modulo 2. The twisted GFSR and the Mersenne twister are famous recent examples. Besides the period length, the statistical quality of these generators is usually assessed via their equidistribution properties. The huge-period generators proposed so far are not quite optimal in this respect. In this article, we propose new generators of that form with better equidistribution and ""bit-mixing"" properties for equivalent period length and speed. The state of our new generators evolves in a more chaotic way than for the Mersenne twister. We illustrate how this can reduce the impact of persistent dependencies among successive output values, which can be observed in certain parts of the period of gigantic generators such as the Mersenne twister. © 2006 ACM.","GFSR linear recurrence modulo 2; Linear feedback shift register; Mersenne twister; Random number generation","Equivalence classes; Optimization; Statistical methods; GFSR linear recurrence modulo 2; Linear feedback shift register; Mersenne twister; Random number generation","","","","Article","Scopus"
"Outlaw-Spruell K.; Crunk J.; Septina W.; Muzzillo C.P.; Zhu K.; Gaillard N.","Outlaw-Spruell, Kai (57996245800); Crunk, Joshua (57996245900); Septina, Wilman (24077417000); Muzzillo, Christopher P. (25645256300); Zhu, Kai (57200759254); Gaillard, Nicolas (23987766200)","57996245800; 57996245900; 24077417000; 25645256300; 57200759254; 23987766200","Semi-monolithic Integration of All-Chalcopyrite Multijunction Solar Conversion Devices via Thin-Film Bonding and Exfoliation","2022","ACS Applied Materials and Interfaces","3","10.1021/acsami.2c10578","https://www.scopus.com/pages/publications/85143508836?origin=resultslist","Hawaii Natural Energy Institute, University of Hawaii, Honolulu, 96822, HI, United States; Research Center for Electronics, National Research and Innovation Agency, Jl. Cisitu, Bandung, 40135, Indonesia; National Renewable Energy Laboratory, Golden, 80401, CO, United States","Outlaw-Spruell K., Hawaii Natural Energy Institute, University of Hawaii, Honolulu, 96822, HI, United States; Crunk J., Hawaii Natural Energy Institute, University of Hawaii, Honolulu, 96822, HI, United States; Septina W., Research Center for Electronics, National Research and Innovation Agency, Jl. Cisitu, Bandung, 40135, Indonesia; Muzzillo C.P., National Renewable Energy Laboratory, Golden, 80401, CO, United States; Zhu K., National Renewable Energy Laboratory, Golden, 80401, CO, United States; Gaillard N., Hawaii Natural Energy Institute, University of Hawaii, Honolulu, 96822, HI, United States","We report on a semi-monolithic integration method to circumvent processing incompatibility between materials of dissimilar classes and combine them into multijunction devices for photovoltaic and photoelectrochemical applications. Proof-of-concept all-chalcopyrite tandems were obtained by consecutive transfer of fully integrated unpatterned 1.85 eV CuGa3Se5and 1.13 eV CuInGaSe2PV stacks from their Mo/soda lime glass substrates onto a new single host substrate. This transfer approach consists of two key steps: (1) bonding of the solar stack (face down) onto a handle (e.g., SnO2:F, FTO) using a transparent conductive composite and (2) delamination of the solar stack at the chalcopyrite/Mo interface by employing a wedge-based exfoliation technique. Upon transfer onto FTO, a CuGa3Se5champion device demonstrated near-coincident photocurrent density-voltage characteristic with a baseline measurement. Then, the exfoliated CuGa3Se5single-junction stack transferred onto FTO served as the new host onto which a second fully processed CuInGaSe2stack was bonded (face down) onto and liberated from its Mo/SLG substrate, leading to a complete transfer of both sub-cells onto one FTO substrate. A champion semi-monolithic tandem device exhibited a power conversion efficiency of 5.04% with an open-circuit voltage, a short-circuit current density, and a fill factor of 1.24 V, 7.19 mA/cm2, and 56.7%, respectively. This first-time demonstration of a fully operational semi-monolithic device provides a new avenue to combine thermally, mechanically, and/or chemically incompatible thin-film material classes into tandem photovoltaic and photoelectrochemical devices while maintaining state-of-the-art sub-cell processing. © 2022 American Chemical Society. All rights reserved.","chalcopyrite; Cu(In,Ga)Se; CuGa<sub>3</sub>Se<sub>5</sub>; multijunction devices; photoelectrochemical water splitting; photovoltaics; transparent conductive composites","Conversion efficiency; Copper compounds; Electrochemistry; Glass substrates; Lime; Monolithic integrated circuits; Open circuit voltage; Selenium compounds; Chalcopyrite; Conductive composites; Cu(in,ga)se; Monolithic integration; Multi-junctions; Multijunction device; Photoelectrochemical water splitting; Photovoltaics; Transparent conductive; Transparent conductive composite; Thin films","National Renewable Energy Laboratory, NREL; Office of Energy Efficiency and Renewable Energy, Hydrogen and Fuel Cell Technology Office; U.S. Department of Energy, USDOE, (DE-EE0008085, DE-AC36-08GO28308); Office of Naval Research, ONR, (N00014-20-1-2270)","The authors thank Dr. Anupam K. Misra for his help gathering the Raman spectra. This work was funded by the U.S. Department of Energy under contract DE-EE0008085 and the Office of Naval Research under contract N00014-20-1-2270. This work was authored in part by the National Renewable Energy Laboratory, operated by Alliance for Sustainable Energy, LLC, for the U.S. Department of Energy (DOE) under contract no. DE-AC36-08GO28308. Funding provided by the U.S. Department of Energy, Office of Energy Efficiency and Renewable Energy, Hydrogen and Fuel Cell Technology Office. The views expressed in the article do not necessarily represent the views of the DOE or the U.S. Government. The U.S. Government retains, and the publisher, by accepting the article for publication, acknowledges, that the U.S. Government retains a nonexclusive, paid-up, irrevocable, worldwide license to publish or reproduce the published form of this work, or allow others to do so, for the U.S. Government purposes.","American Chemical Society","Article","Scopus"
"Beck D.; Greszta A.; Roberts A.; Dubarry M.","Beck, David (55151658000); Greszta, Agata (57208861340); Roberts, Alexander (35331008300); Dubarry, Matthieu (14122893100)","55151658000; 57208861340; 35331008300; 14122893100","Improved Mechanistic Degradation Modes Modeling of Lithium and Sodium Plating","2024","Batteries","5","10.3390/batteries10120408","https://www.scopus.com/pages/publications/85213496366?origin=resultslist","Hawaiʻi Natural Energy Institute, University of Hawaiʻi at Mānoa, Honolulu, 96822, HI, United States; Centre for E-Mobility and Clean Growth, Coventry University, Coventry, CV1 2JH, United Kingdom","Beck D., Hawaiʻi Natural Energy Institute, University of Hawaiʻi at Mānoa, Honolulu, 96822, HI, United States; Greszta A., Centre for E-Mobility and Clean Growth, Coventry University, Coventry, CV1 2JH, United Kingdom; Roberts A., Centre for E-Mobility and Clean Growth, Coventry University, Coventry, CV1 2JH, United Kingdom; Dubarry M., Hawaiʻi Natural Energy Institute, University of Hawaiʻi at Mānoa, Honolulu, 96822, HI, United States","Lithium and sodium plating are inevitable when using negative electrodes with an electrochemical potential close to one of the charge carriers. Typical testing and modeling assume that plating occurs at 0 V when measured against the charge carrier. While this might be true under thermodynamic equilibrium, this is not true outside of steady state. This has significant implications as, by taking this into account, the testing voltage window of negative electrodes could be extended to allow gathering data for more complete discharges at higher rates. Moreover, from a modeling standpoint, it could also allow us to more accurately predict plating initiation potentials dynamically. This work presents the preliminary results of the investigation of what parameters are influencing the plating potential and how to take them into account in testing and modeling. © 2024 by the authors.","degradation modes mechanistic modeling; lithium plating; sodium plating","State of charge; Degradation mode mechanistic modeling; Electrochemical potential; Lithium plating; Mechanistic models; Mechanistics; Negative electrode; Sodium plating; Steady state; Testing and modeling; Thermodynamic equilibria; Electrochemical electrodes","Office of Naval Research, ONR, (N00014-20-1-2270); Office of Naval Research, ONR; Faraday Institution, FI, (EP/S003053/1, FIRG058); Faraday Institution, FI","This research was funded by ONR grant number N00014-20-1-2270 and the Faraday Institution (EP/S003053/1) via the LiSTAR project (FIRG058).","Multidisciplinary Digital Publishing Institute (MDPI)","Article","Scopus"
"Johnson R.L.; Castillo K.; Castillo C.; Wang L.; Skreiberg I.; Turn S.Q.","Johnson, Robert L. (55574221469); Castillo, Kyle (58178903400); Castillo, Christian (58178869300); Wang, Liang (57222035022); Skreiberg, Øyvind (6603490749); Turn, Scott Q. (7003813244)","55574221469; 58178903400; 58178869300; 57222035022; 6603490749; 7003813244","Use of Plasticized Biochar Intermediate for Producing Biocarbons with Improved Mechanical Properties","2023","ACS Sustainable Chemistry and Engineering","11","10.1021/acssuschemeng.2c05229","https://www.scopus.com/pages/publications/85152211599?origin=resultslist","Hawaii Natural Energy Institute, University of Hawaii at Ma̅noa, 1680 East-West Road, Honolulu, 96822, HI, United States; SINTEF Energy Research, Sem Saelands vei 11, Trondheim, 7491, Norway","Johnson R.L., Hawaii Natural Energy Institute, University of Hawaii at Ma̅noa, 1680 East-West Road, Honolulu, 96822, HI, United States; Castillo K., Hawaii Natural Energy Institute, University of Hawaii at Ma̅noa, 1680 East-West Road, Honolulu, 96822, HI, United States; Castillo C., Hawaii Natural Energy Institute, University of Hawaii at Ma̅noa, 1680 East-West Road, Honolulu, 96822, HI, United States; Wang L., SINTEF Energy Research, Sem Saelands vei 11, Trondheim, 7491, Norway; Skreiberg I., SINTEF Energy Research, Sem Saelands vei 11, Trondheim, 7491, Norway; Turn S.Q., Hawaii Natural Energy Institute, University of Hawaii at Ma̅noa, 1680 East-West Road, Honolulu, 96822, HI, United States","Slow pyrolysis of woody materials under elevated pressure was previously shown to result in macroscopic morphology changes, appearing as a solid that had experienced a molten phase, described as “transient plastic phase biochar” (TPPB). Experiments have been conducted to study the influence of process variables on the formation of TPPB. Results suggest TPPB formation is mediated through hydrolysis that allow for a molten phase to occur. Elevated pressure plays a key role by keeping water in the condensed phase. Despite drastic changes in material morphology, notable differences between TPPB and standard biochar (not TPPB or “NTPPB”) were not detected using proximate analysis, solid state 13C NMR, and helium pycnometry, indicating the material chemistry was minimally affected. Clear differences between the mechanical properties of the TPPB and NTPPB powders and pellets were shown using tabletability experiments. The utility of TPPB was then demonstrated by comparison of tensile and compression strengths of materials calcined (N2) at (900 °C) to form transient plastic phase biocarbon (TPPC). The TPPB precursor resulted in a TPPC pellet with 10 times greater tensile (4.4 MPa) and compressive strength (17.6 MPa) and nearly two times greater density than carbon pellets produced from NTPPB. © 2023 American Chemical Society.","Biocoke; Carbonization; Decarbonization; Elasticity; Pellet strength; Plasticity; Pressurized pyrolysis; Transient plastic phase","Compressive strength; Morphology; Pelletizing; Pyrolysis; Tensile strength; Biocarbon; Biochar; Biocoke; Carbonisation; Decarbonisation; Elevated pressure; Pellet strength; Plastic phasis; Pressurized pyrolysis; Transient plastic phase; Carbonization","Alcoa Norway ANS; Department Elkem Technology; Eramet Norway AS; Hydro Aluminum AS; Norsk Biobrensel AS; Office of Naval Research, ONR, (N-00014-18-1-2127); Norges Forskningsråd","The authors acknowledge the financial support from the Research Council of Norway and the BioCarbUp project industry partners: Elkem AS - Department Elkem Technology, Eramet Norway AS, Norsk Biobrensel AS, Eyde Cluster, Hydro Aluminum AS, and Alcoa Norway ANS. Additional support for the project was provided by the Office of Naval Research under grant number N-00014-18-1-2127. Solid state NMR spectra was obtained from the Chemical Instrumentation facility at Iowa State University, with special consideration to Dr. Sarah Cady for acquiring this spectra.","American Chemical Society","Article","Scopus"
"Moons B.; Uytterhoeven R.; Dehaene W.; Verhelst M.","Moons, Bert (56382489700); Uytterhoeven, Roel (57193749645); Dehaene, Wim (6603141356); Verhelst, Marian (8704170600)","56382489700; 57193749645; 6603141356; 8704170600","DVAFS: Trading computational accuracy for energy through dynamic-voltage-accuracy-frequency-scaling","2017","Proceedings of the 2017 Design, Automation and Test in Europe, DATE 2017","50","10.23919/DATE.2017.7927038","https://www.scopus.com/pages/publications/85020187711?origin=resultslist","Department of Electrical Engineering, ESAT, MICAS, KU Leuven, Leuven, Belgium","Moons B., Department of Electrical Engineering, ESAT, MICAS, KU Leuven, Leuven, Belgium; Uytterhoeven R., Department of Electrical Engineering, ESAT, MICAS, KU Leuven, Leuven, Belgium; Dehaene W., Department of Electrical Engineering, ESAT, MICAS, KU Leuven, Leuven, Belgium; Verhelst M., Department of Electrical Engineering, ESAT, MICAS, KU Leuven, Leuven, Belgium","Several applications in machine learning and machine-to-human interactions tolerate small deviations in their computations. Digital systems can exploit this fault-tolerance to increase their energy-efficiency, which is crucial in embedded applications. Hence, this paper introduces a new means of Approximate Computing: Dynamic-Voltage-Accuracy-Frequency-Scaling (DVAFS), a circuit-level technique enabling a dynamic trade-off of energy versus computational accuracy that outperforms other Approximate Computing techniques. The usage and applicability of DVAFS is illustrated in the context of Deep Neural Networks, the current state-of-the-art in advanced recognition. These networks are typically executed on CPU's or GPU's due to their high computational complexity, making their deployment on battery-constrained platforms only possible through wireless connections with the cloud. This work shows how deep learning can be brought to IoT devices by running every layer of the network at its optimal computational accuracy. Finally, we demonstrate a DVAFS processor for Convolutional Neural Networks, achieving efficiencies of multiple TOPS/W. © 2017 IEEE.","Approximate computing; CNN; ConvNet; Convolutional neural network; Deep learning; Digital circuits; DVAFS; Dynamic-Voltage-Accuracy-Frequency-Scaling","Convolution; Deep neural networks; Fault tolerant computer systems; Approximate computing; Convnet; Convolutional neural network; Deep learning; Dynamic voltage; Dynamic-voltage-accuracy-frequency-scaling; Frequency-scaling; Convolutional neural networks","","","Institute of Electrical and Electronics Engineers Inc.","Conference paper","Scopus"
"Wittman R.; Dubarry M.; Ivanov S.; Juba B.W.; Romàn-Kustas J.; Fresquez A.; Langendorf J.; Grant R.; Taggart G.; Chalamala B.; Preger Y.","Wittman, Reed (56938459700); Dubarry, Matthieu (14122893100); Ivanov, Sergei (7403092068); Juba, Benjamin W. (57218954563); Romàn-Kustas, Jessica (57216130176); Fresquez, Armando (55217672300); Langendorf, Jill (56800866500); Grant, Richard (8084531900); Taggart, Gretchen (58810690500); Chalamala, Babu (7003275321); Preger, Yuliya (56724280500)","56938459700; 14122893100; 7403092068; 57218954563; 57216130176; 55217672300; 56800866500; 8084531900; 58810690500; 7003275321; 56724280500","Characterization of Cycle-Aged Commercial NMC and NCA Lithium-ion Cells: I. Temperature-Dependent Degradation","2023","Journal of the Electrochemical Society","26","10.1149/1945-7111/ad1450","https://www.scopus.com/pages/publications/85182280778?origin=resultslist","Energy Storage Technology and Systems, Sandia National Laboratories, Albuquerque, NM, United States; Hawaii Natural Energy Institute, University of Hawaii at Manoa, Honolulu, HI, United States; Center for Integrated Nanotechnologies, Los Alamos National Laboratory, Los Alamos, NM, United States; Materials Reliability, Sandia National Laboratories, Albuquerque, NM, United States; Power Sources R&D, Sandia National Laboratories, Albuquerque, NM, United States; Materials Characterization and Performance, Sandia National Laboratories, Albuquerque, NM, United States; Power Sources Design and Development, Sandia National Laboratories, Albuquerque, NM, United States","Wittman R., Energy Storage Technology and Systems, Sandia National Laboratories, Albuquerque, NM, United States; Dubarry M., Hawaii Natural Energy Institute, University of Hawaii at Manoa, Honolulu, HI, United States; Ivanov S., Center for Integrated Nanotechnologies, Los Alamos National Laboratory, Los Alamos, NM, United States; Juba B.W., Materials Reliability, Sandia National Laboratories, Albuquerque, NM, United States; Romàn-Kustas J., Materials Reliability, Sandia National Laboratories, Albuquerque, NM, United States; Fresquez A., Power Sources R&D, Sandia National Laboratories, Albuquerque, NM, United States; Langendorf J., Power Sources R&D, Sandia National Laboratories, Albuquerque, NM, United States; Grant R., Materials Characterization and Performance, Sandia National Laboratories, Albuquerque, NM, United States; Taggart G., Power Sources Design and Development, Sandia National Laboratories, Albuquerque, NM, United States; Chalamala B., Energy Storage Technology and Systems, Sandia National Laboratories, Albuquerque, NM, United States; Preger Y., Energy Storage Technology and Systems, Sandia National Laboratories, Albuquerque, NM, United States","Lithium-ion batteries are widely used in applications from consumer electronic devices to stationary energy storage. Appropriate management of batteries is challenging due to limited data on their performance and materials degradation. Previous studies have focused on characterization of single cells under specific operating conditions. In the present work, commercial 18650 lithium-ion cells with LiNixMnyCo1-x-yO2 (NMC) and LiNixCoyAl1-x-yO2 (NCA) positive electrodes were characterized by a wide range of electrochemical and materials techniques after cycling at 15, 25, or 35 °C to ∼80% capacity. The NCA cells exhibit weak temperature dependence in their cycle aging and materials degradation. The NMC cells exhibited increased capacity fade and materials degradation as ambient temperature decreased. All cells exhibited loss of lithium inventory as their primary degradation mode. However, the NCA cells only showed evidence of solid electrolyte interphase (SEI) growth whereas the NMC cells showed signs of Li plating at 15 °C, transitioning to SEI growth at 35 °C. The NMC cells displayed signs of loss of active material at the positive electrode at lower temperatures, suggesting that Li plating is correlated to additional processes that increase the rate of degradation. These results highlight the importance of avoiding broad generalizations about Li-ion battery temperature dependence. © 2023 The Author(s). Published on behalf of The Electrochemical Society by IOP Publishing Limited.","batteries - Li-ion; battery degradation; battery materials characterization; long-term cycling","Digital storage; Electrochemical electrodes; Ions; Solid electrolytes; Temperature distribution; Battery degradation; Battery material characterization; Battery materials; Lithium-ion cells; Long-term cycling; Materials characterization; Materials degradation; Positive electrodes; Solid electrolyte interphase; Temperature dependence; Lithium-ion batteries","U.S. Department of Energy, USDOE; Office of Science, SC; Los Alamos National Laboratory, LANL, (89233218CNA000001); Los Alamos National Laboratory, LANL","This work was performed, in part, at the Center for Integrated Nanotechnologies, an Office of Science User Facility operated for the U.S. Department of Energy (DOE) Office of Science. Los Alamos National Laboratory, an affirmative action equal opportunity employer, is managed by Triad National Security, LLC for the U.S. Department of Energy’s NNSA, under contract 89233218CNA000001.","Institute of Physics","Article","Scopus"
"Zhang Y.; Wilson D.C.; Paschalidis I.C.; Coskun A.K.","Zhang, Yijia (57203831317); Wilson, Daniel Curtis (56609552700); Paschalidis, Ioannis Ch. (6701781472); Coskun, Ayse K. (15060094700)","57203831317; 56609552700; 6701781472; 15060094700","HPC Data Center Participation in Demand Response: An Adaptive Policy with QoS Assurance","2022","IEEE Transactions on Sustainable Computing","39","10.1109/TSUSC.2021.3077254","https://www.scopus.com/pages/publications/85105882804?origin=resultslist","Department of Electrical and Computer Engineering, Boston University, Boston, 02215, MA, United States","Zhang Y., Department of Electrical and Computer Engineering, Boston University, Boston, 02215, MA, United States; Wilson D.C., Department of Electrical and Computer Engineering, Boston University, Boston, 02215, MA, United States; Paschalidis I.C., Department of Electrical and Computer Engineering, Boston University, Boston, 02215, MA, United States; Coskun A.K., Department of Electrical and Computer Engineering, Boston University, Boston, 02215, MA, United States","Demand response programs help stabilize the electricity grid by providing monetary stimulus to consumers if they regulate their power consumption following market requirements. Regulation service, a market that requires participants to regulate power by following a signal updated every few seconds, is particularly beneficial to HPC data centers since data centers are capable of increasing/decreasing power consumption owing to the flexibility in running workloads and the availability of power control mechanisms. While prior works have explored how data centers can provide regulation service reserves, Quality-of-Service (QoS) provisioning for the jobs running at the data centers has not been considered. In this work, we propose an Adaptive policy with QoS Assurance that enables data centers to participate in regulation service programs with assurance on job QoS. Our policy regulates data center power through job scheduling and server power capping. QoS assurance is achieved by applying a queueing-theoretic result to our job scheduling strategy. We evaluate our policy by experiments on a real cluster. Our results demonstrate that the proposed policy reduces electricity costs by 25-56 percent while providing QoS assurance. On the other hand, the baseline policies cannot meet QoS constraints in 9 of the 14 workload traces tested.  © 2016 IEEE.","Data center; demand response; HPC; QoS assurance; quality of service","Commerce; Costs; Electric power system stability; Electric power utilization; Green computing; Power control; Scheduling; Demand response; Demand response programs; Electricity costs; Electricity grids; Market requirements; QoS constraints; Quality of service provisioning; Regulation services; Quality of service","National Science Foundation, NSF, (1645681, 1664644, 1914792); National Science Foundation, NSF","","Institute of Electrical and Electronics Engineers Inc.","Article","Scopus"
"Raparthi N.; Debbarma S.; Phuleria H.C.","Raparthi, Nagendra (57223402460); Debbarma, Sohana (57223401942); Phuleria, Harish C. (9742746000)","57223402460; 57223401942; 9742746000","Development of real-world emission factors for on-road vehicles from motorway tunnel measurements","2021","Atmospheric Environment: X","52","10.1016/j.aeaoa.2021.100113","https://www.scopus.com/pages/publications/85105805942?origin=resultslist","Environmental Science and Engineering Department, Indian Institute of Technology Bombay, Mumbai, India; Interdisciplinary Programme in Climate Studies, Indian Institute of Technology Bombay, Mumbai, India","Raparthi N., Environmental Science and Engineering Department, Indian Institute of Technology Bombay, Mumbai, India; Debbarma S., Interdisciplinary Programme in Climate Studies, Indian Institute of Technology Bombay, Mumbai, India; Phuleria H.C., Environmental Science and Engineering Department, Indian Institute of Technology Bombay, Mumbai, India, Interdisciplinary Programme in Climate Studies, Indian Institute of Technology Bombay, Mumbai, India","In India, there is uncertainty in vehicular emission estimation due to the lack of reliable emission factors (EFs) that represent the real-world driving conditions. In this study, real-world EFs of particulate (PM2.5, PM10, PM2.5-10, PNCs, and BC) and gaseous (CO, CO2, VOCs, and NO2) pollutants from on-road vehicles were developed from the roadway tunnel measurements. Air pollutants measurement campaign was carried out at the Eastern Freeway tunnel (South-bound) in Greater Mumbai in April 2019. Particulate and gaseous samplers were deployed at the entry and exit of the tunnel to measure the targeted air pollutants covering both peak and off-peak traffic hours. The average traffic in the tunnel was ~2450 h−1, dominated by Light-Duty Vehicles (LDVs) (~98%) with an average (±SD) vehicular speed of 59 (±5) km h−1. Almost ~93% of vehicles plying inside the tunnel were with ≤10 years of age and 87% of the fleet predominantly complied with Bharat Stage-IV (BSIV) emission standards. The measured average (±SD) fleet EFs for PM2.5, PM10, PM2.5-10, BC, NO2 and VOCs were 44.2 (±26.9), 118.1 (±28.5), 69.7 (±20.1), 147.0 (±31.5) and 92.9 (±20.7) mg veh−1 km−1, respectively. For CO and CO2, it was 1.6 (±0.3) and 132.4 (±25.0) g veh−1 km−1, and 2.1 (±0.5) ( × 1013 particles veh−1 km−1) for particle number concentrations. The coarse particle EF was 1.6 folds higher than the fine particle EF, signifying the importance of non-exhaust vehicular emission sources. Compared to laboratory-based EFs, the measured real-world EFs were 1.8, 4.8, and 2.2 folds higher for PM2.5, CO, and NO2, respectively. This is likely due to the presence of aged and poorly maintained vehicles in the real-world which were not taken into consideration by the lab-based studies. Capsule: We developed hourly EFs of particulate and gaseous pollutants for on-road real-world vehicular fleet (having predominantly LDVs) from air pollution measurements and traffic characterization inside a motorway tunnel in Mumbai, India. Exhaust as well as non-exhaust EFs are developed and compared with the laboratory-based re-constructed EFs (which were 2–5 fold lower than real-world EFs). © 2021 The Author(s)","Exhaust; Gaseous pollutants; Non-exhaust; On-road vehicles; Particulate matter; Real-world EFs","India; Maharashtra; Mumbai; Air quality; Carbon dioxide; Fleet operations; Fog; Light weight vehicles; Nitrogen oxides; Particles (particulate matter); Roads and streets; Air pollution measurements; Gaseous pollutants; Light duty vehicles; Measurement campaign; Particle number concentration; Real-world drivings; Real-world emission; Traffic characterization; anthropogenic source; atmospheric pollution; concentration (composition); measurement method; motorway; nitrate; particulate matter; sampling; traffic emission; tunnel; volatile organic compound; air conditioning; air pollutant; Article; comparative study; controlled study; gas; highway; particle size; particulate matter; priority journal; quality control; surface property; traffic; wind speed; Road vehicles","Eastern Freeway Tunnel; Municipal Corporation of Greater; Nagaraju Manikyala and Ashi Khare; Traffic Police commissioner of Mumbai; Science and Technology Department of Ningxia, (DST/CCP/CoE/140/2018); Department of Science and Technology, Ministry of Science and Technology, India, डीएसटी","Funding text 1: This study was partially funded by the Department of Science and Technology , India (Grant no. DST/CCP/CoE/140/2018 ). The authors would like to thank the Municipal Corporation of Greater Mumbai (MCGM) and the Traffic Police commissioner of Mumbai for giving us the necessary permissions to conduct the measurements inside the Eastern Freeway Tunnel, Mumbai. We would also like to thank Nagaraju Manikyala and Ashi Khare for their support in the successful execution of these measurements. ; Funding text 2: This study was partially funded by the Department of Science and Technology, India (Grant no. DST/CCP/CoE/140/2018). The authors would like to thank the Municipal Corporation of Greater Mumbai (MCGM) and the Traffic Police commissioner of Mumbai for giving us the necessary permissions to conduct the measurements inside the Eastern Freeway Tunnel, Mumbai. We would also like to thank Nagaraju Manikyala and Ashi Khare for their support in the successful execution of these measurements.","Elsevier Ltd","Article","Scopus"
"Budakoti S.; Chauhan T.; Murtugudde R.; Karmakar S.; Ghosh S.","Budakoti, Sachin (57204893752); Chauhan, Tejasvi (57218598132); Murtugudde, Raghu (8884425800); Karmakar, Subhankar (13805286500); Ghosh, Subimal (10341128500)","57204893752; 57218598132; 8884425800; 13805286500; 10341128500","Feedback From Vegetation to Interannual Variations of Indian Summer Monsoon Rainfall","2021","Water Resources Research","33","10.1029/2020WR028750","https://www.scopus.com/pages/publications/85106912876?origin=resultslist","Interdisciplinary Program in Climate Studies, Indian Institute of Technology Bombay, Mumbai, India; Department of Civil Engineering, Indian Institute of Technology Bombay, Mumbai, India; Earth System Science Interdisciplinary Center (ESSIC)/DOAS, University of Maryland, College Park, MD, United States; Environmental Science and Engineering Department, Indian Institute of Technology Bombay, Mumbai, India","Budakoti S., Interdisciplinary Program in Climate Studies, Indian Institute of Technology Bombay, Mumbai, India; Chauhan T., Department of Civil Engineering, Indian Institute of Technology Bombay, Mumbai, India; Murtugudde R., Department of Civil Engineering, Indian Institute of Technology Bombay, Mumbai, India, Earth System Science Interdisciplinary Center (ESSIC)/DOAS, University of Maryland, College Park, MD, United States; Karmakar S., Interdisciplinary Program in Climate Studies, Indian Institute of Technology Bombay, Mumbai, India, Environmental Science and Engineering Department, Indian Institute of Technology Bombay, Mumbai, India; Ghosh S., Interdisciplinary Program in Climate Studies, Indian Institute of Technology Bombay, Mumbai, India, Department of Civil Engineering, Indian Institute of Technology Bombay, Mumbai, India","Interannual variations of Indian summer monsoon rainfall (ISMR) are modulated by external forcings such as El Niño Southern Oscillation, Indian Ocean Dipole, and the Atlantic Niño. Vegetation over land responds to variations in ISMR, but the feedback from vegetation to ISMR variability has not been fully explored yet. To address this gap, we perform two simulations with the regional Weather Research and Forecasting model coupled to the Community Land Surface Model (WRF-CLM) for the period of 2004–2018. We use the same boundary forcing from ERA-interim reanalysis for the two experiments, but with two different vegetation prescriptions, (1) observed, interannually varying Leaf Area Index (LAI), obtained from satellite images/data (VAR-LAI); and (2) climatological Leaf Area Index from the same product, to suppress interannual LAI variations (CLIM-LAI). We find that the correlation coefficient of simulated total seasonal rainfall with the observed data is higher for VAR-LAI simulation as compared to CLIM-LAI. To elicit causality among eco-hydro-climatological variables, we develop a network based on information theory, i.e., a process network. We find that LAI plays a major role in influencing precipitation in the network through evapotranspiration. The number of links originating from LAI and evapotranspiration increases during drought years, making the eco-hydro-climatological network denser. Our findings indicate that the ISMR predictions and projections need to represent the time-varying LAI to fully capture the varying feedbacks from evolving vegetation to the atmosphere especially during drought years. © 2021. American Geophysical Union. All Rights Reserved.","entropy; land-atmosphere feedback; land-atmosphere modeling; process network; WRF-CLM","Atlantic Ocean; India; Indian Ocean; Atmospheric pressure; Atmospheric thermodynamics; Drought; Evapotranspiration; Information theory; Rain; Value engineering; Weather forecasting; Correlation coefficient; Indian Ocean dipole; Indian summer monsoon rainfall; Interannual variation; Land surface modeling; Process networks; Seasonal rainfall; Southern oscillation; air-sea interaction; annual variation; El Nino-Southern Oscillation; evapotranspiration; leaf area index; monsoon; rainfall; satellite data; summer; terrestrial vegetation type; vegetation type; Vegetation","Department of Science and Technology Swarnajayanti, (ASA‐01/2018‐19, DST/CCP/CoE/140/2018, SB/SJF/2019‐20/11)","The authors sincerely thank the Editor, the Associate Editor, and the three anonymous reviewers for reviewing the manuscript and providing very useful comments. The work is financially supported by the Department of Science and Technology Swarnajayanti Fellowship Scheme, through Project No. DST/SJF/E&ASA‐01/2018‐19; SB/SJF/2019‐20/11, and Strategic Programs, Large Initiatives and Coordinated Action Enabler (SPLICE) and Climate Change Program through Project No. DST/CCP/CoE/140/2018. R. Murtugudde is grateful for the Visiting Faculty position at the Indian Institute of Technology, Bombay. ","Blackwell Publishing Ltd","Article","Scopus"
"Raparthi N.; Phuleria H.C.","Raparthi, Nagendra (57223402460); Phuleria, Harish C. (9742746000)","57223402460; 9742746000","Real-world vehicular emissions in the Indian megacity: Carbonaceous, metal and morphological characterization, and the emission factors","2021","Urban Climate","29","10.1016/j.uclim.2021.100955","https://www.scopus.com/pages/publications/85114140891?origin=resultslist","Environmental Science and Engineering Department, Indian Institute of Technology Bombay, Mumbai, India; IDP in Climate Studies, Indian Institute of Technology Bombay, Mumbai, India","Raparthi N., Environmental Science and Engineering Department, Indian Institute of Technology Bombay, Mumbai, India; Phuleria H.C., Environmental Science and Engineering Department, Indian Institute of Technology Bombay, Mumbai, India, IDP in Climate Studies, Indian Institute of Technology Bombay, Mumbai, India","This study develops real-world vehicular fleet emissions factors (EFs) through twin-site measurements for the first time in India. Real-time PM2.5, black carbon (BC), CO, and CO2, and gravimetric PM2.5 and PM10 were simultaneously measured at the kerbside and a background location in Mumbai. Particulate matter was further characterized for metals, carbonaceous constituents and morphology. The measured fleet average (±SD) EFs of PM2.5, PM2.5–10, and PM10 were 435 (±312), 774 (±259), and 1028 (±403), while for BC and CO it was 184 (±48) and 15,000 (±2000) mg (kg of fuel)−1, respectively. The EFOC and EFEC were 182 (±116) and 137 (±54) mg (kg of fuel)−1, while the EFmetals in PM2.5 and PM10, were 57 and 96 mg (kg of fuel)−1, respectively. The EFcoarse PM was ~1.8 times higher than EFPM2.5, suggesting the dominance of non-exhaust vehicular sources. The estimated uncertainties for the measured vehicular EF of CO, PM, and its chemical constituents ranged 44–128%. Traffic composition, temperature and humidity significantly affect the measured EFs which likely contributed to the uncertainty. These EFs would be useful for building a more accurate vehicular emission inventory and thus helping in urban air quality management, and also as inputs to climate models and policymaking. © 2021 Elsevier B.V.","Carbonaceous; Emission factor; Exhaust; Metals; Non-exhaust; Uncertainty","","Department of Science and Technology, Ministry of Science and Technology, India, डीएसटी, (DST/CCP/CoE/140/2018); Indian Institute of Technology Bombay, IITB, (RI/0318-10001353-001); Industrial Research and Consultancy Centre, IRCC","Funding text 1: This study is partially supported by the Research Internship grant, IRCC, IIT Bombay (Grant no. RI/0318-10001353-001) as well as by the Department of Science and Technology (DST), Govt. of India (Grant no. DST/CCP/CoE/140/2018). The authors would like to thank Nagaraju Manikyala for his help in the successful execution of these measurements, and Dr. Suman Yadav and Ashi Khare for their help in elemental analysis. We are grateful to Prof. Chandra Venkataraman, IIT Bombay for giving access to EC/OC instrument, and Anurag Gupta and Taveen Singh Kapoor from IIT Bombay for helping with the EC/OC analysis. We also extend our acknowledgment to the staff at SAIF, IIT Bombay for the ICP-AES and SEM-EDS analysis.; Funding text 2: This study is partially supported by the Research Internship grant, IRCC, IIT Bombay (Grant no. RI/0318-10001353-001 ) as well as by the Department of Science and Technology (DST), Govt. of India (Grant no. DST/CCP/CoE/140/2018 ). The authors would like to thank Nagaraju Manikyala for his help in the successful execution of these measurements, and Dr. Suman Yadav and Ashi Khare for their help in elemental analysis. We are grateful to Prof. Chandra Venkataraman, IIT Bombay for giving access to EC/OC instrument, and Anurag Gupta and Taveen Singh Kapoor from IIT Bombay for helping with the EC/OC analysis. We also extend our acknowledgment to the staff at SAIF, IIT Bombay for the ICP-AES and SEM-EDS analysis. ","Elsevier B.V.","Article","Scopus"
"Aminov R.Z.; Kozhevnikov A.I.","Aminov, R.Z. (7006689108); Kozhevnikov, A.I. (55917409000)","7006689108; 55917409000","Optimization of the operating conditions of gas-turbine power stations considering the effect of equipment deterioration","2017","Thermal Engineering ","10","10.1134/S0040601517100019","https://www.scopus.com/pages/publications/85029688963?origin=resultslist","Saratov Science Center, Russian Academy of Sciences, Saratov, 410054, Russian Federation; Turbulence and Vortex Dynamics Group, Department of Applied Physics, Eindhoven University of Technology, Eindhoven, Netherlands","Aminov R.Z., Saratov Science Center, Russian Academy of Sciences, Saratov, 410054, Russian Federation; Kozhevnikov A.I., Turbulence and Vortex Dynamics Group, Department of Applied Physics, Eindhoven University of Technology, Eindhoven, Netherlands","In recent years in most power systems all over the world, a trend towards the growing nonuniformity of energy consumption and generation schedules has been observed. The increase in the portion of renewable energy sources is one of the important challenges for many countries. The ill-predictable character of such energy sources necessitates a search for practical solutions. Presently, the most efficient method for compensating for nonuniform generation of the electric power by the renewable energy sources—predominantly by the wind and solar energy—is generation of power at conventional fossil-fuel-fired power stations. In Russia, this problem is caused by the increasing portion in the generating capacity structure of the nuclear power stations, which are most efficient when operating under basic conditions. Introduction of hydropower and pumped storage hydroelectric power plants and other energy-storage technologies does not cover the demand for load-following power capacities. Owing to a simple design, low construction costs, and a sufficiently high economic efficiency, gas turbine plants (GTPs) prove to be the most suitable for covering the nonuniform electric-demand schedules. However, when the gas turbines are operated under varying duty conditions, the lifetime of the primary thermostressed components is considerably reduced and, consequently, the repair costs increase. A method is proposed for determination of the total operating costs considering the deterioration of the gas turbine equipment under varying duty and start–stop conditions. A methodology for optimization of the loading modes for the gas turbine equipment is developed. The consideration of the lifetime component allows varying the optimal operating conditions and, in some cases, rejecting short-time stops of the gas turbine plants. The calculations performed in a wide range of varying fuel prices and capital investments per gas turbine equipment unit show that the economic effectiveness can be increased by 5–15% by varying the operating conditions and switching to the optimal operating modes. Consequently, irrespective of the fuel price, the application of the proposed method results in selection of the most beneficial operating conditions. Consideration of the lifetime expenditure included in the optimization criterion enables enhancement of the operating efficiency. © 2017, Pleiades Publishing, Inc.","gas turbine; lifetime; optimization of the operating conditions; start–stop conditions","Combustion; Costs; Deterioration; Electric substations; Energy utilization; Equipment; Fossil fuel power plants; Fossil fuels; Fuels; Gas plants; Gas turbines; Gases; Hydroelectric power; Hydroelectric power plants; Investments; Natural resources; Nuclear fuels; Operating costs; Renewable energy resources; Solar energy; Solar power generation; Economic effectiveness; Energy storage technologies; Gas-turbine equipments; lifetime; Operating condition; Optimal operating conditions; Optimization criteria; Renewable energy source; Turbine components","","","Maik Nauka-Interperiodica Publishing","Article","Scopus"
"Powell K.M.; Edgar T.F.","Powell, Kody M. (51461952600); Edgar, Thomas F. (35569277000)","51461952600; 35569277000","Modeling and control of a solar thermal power plant with thermal energy storage","2012","Chemical Engineering Science","238","10.1016/j.ces.2011.12.009","https://www.scopus.com/pages/publications/84855774071?origin=resultslist","Department of Chemical Engineering, The University of Texas at Austin, Austin, TX 78712-0231, 1 University Station C0400, United States","Powell K.M., Department of Chemical Engineering, The University of Texas at Austin, Austin, TX 78712-0231, 1 University Station C0400, United States; Edgar T.F., Department of Chemical Engineering, The University of Texas at Austin, Austin, TX 78712-0231, 1 University Station C0400, United States","Dynamic simulation results for a thermal energy storage (TES) unit used in a parabolic trough concentrated solar power (CSP) system are presented. A two-tank-direct method is used for the thermal energy storage. While previous works have been focused largely on controlling the outlet temperature of the solar collector as a single unit, this work emphasizes the storage component, its interaction with the other components of the system, and how it can be leveraged to control power output in addition to collector outlet temperature. The use of storage gives the system the ability to provide power at a constant rate despite significant disturbances in the amount of solar radiation available. It can also shift times of power generation to better match times of consumer demand. By contrast, a CSP system without storage undergoes large fluctuations in power output, particularly during intermittent cloud cover. Adding a storage system increases the solar share of the power plant by as much as 47% for a base load thermal power output of 1. MW. This reduces the supplementary fuel requirement by as much as 43%. © 2011 Elsevier Ltd.","Control; Dynamic simulation; Energy; Energy storage; Mathematical modeling; Solar thermal","Computer simulation; Control; Energy storage; Solar energy; Sun; Thermoelectric power; Base-loads; Cloud cover; Concentrated solar power; Constant rate; Consumer demands; Energy; Fuel requirements; Mathematical modeling; Modeling and control; Outlet temperature; Parabolic trough; Power out put; Solar thermal; Solar thermal power plants; Storage component; Storage systems; Thermal power; Heat storage","","","","Article","Scopus"
"Mmeka P.O.; Dubarry M.; Bessler W.G.","Mmeka, Patricia O. (60071966700); Dubarry, Matthieu (14122893100); Bessler, Wolfgang G. (57215636217)","60071966700; 14122893100; 57215636217","Physics-Informed Aging-Sensitive Equivalent Circuit Model for Predicting the Knee in Lithium-Ion Batteries","2025","Journal of the Electrochemical Society","4","10.1149/1945-7111/adf9cb","https://www.scopus.com/pages/publications/105014319915?origin=resultslist","Institute of Sustainable Energy Systems (INES), Offenburg University of Applied Sciences, Offenburg, 77652, Germany; Hawaii Natural Energy Institute, SOEST, University of Hawaii at Manoa, Honolulu, 96822, HI, United States","Mmeka P.O., Institute of Sustainable Energy Systems (INES), Offenburg University of Applied Sciences, Offenburg, 77652, Germany; Dubarry M., Hawaii Natural Energy Institute, SOEST, University of Hawaii at Manoa, Honolulu, 96822, HI, United States; Bessler W.G., Institute of Sustainable Energy Systems (INES), Offenburg University of Applied Sciences, Offenburg, 77652, Germany","Predicting the lifetime of lithium-ion batteries is a complex task due to the nonlinear and strongly coupled interactions of various aging mechanisms, resulting in nonlinear aging dynamics, referred to as “knee” phenomenon. While physicochemical models capture these dynamics, they are often computationally intensive and involve complex parameter derivation. In this study, a physics-informed equivalent circuit model is proposed. The model integrates key aging modes (loss of active material at positive and negative electrodes and loss of lithium inventory) and describes their kinetics using physics-informed rate laws. Rate expressions for each aging mode include a calendric component (dependent on half-cell potential) and a cycle component (dependent on current and relative volume changes in active materials). The model was calibrated using measured degradation modes of a 3.35 Ah nickel cobalt aluminium oxide and graphite lithium-ion cell, which was aged calendarically and cyclically using a dynamic stress test. The equivalent circuit model demonstrates good agreement with experimental aging data (capacity loss, internal resistance increase) and successfully predicts the knee in the capacity loss curve, where the knee formation could be primarily attributed to the onset of lithium plating. This occurs when increased resistance at the negative electrode causes its potential to drop below plating potential.. © 2025 The Author(s). Published on behalf of The Electrochemical Society by IOP Publishing Limited.","degradation modes; equivalent circuit model; lithium plating; loss of active material; loss of lithium inventory; solid electrolyte interphase","Accelerated aging; Aging of materials; Aluminum oxide; Circuit simulation; Cobalt compounds; Dynamics; Electrodes; Ions; Lithium compounds; Nickel oxide; Plating; Solid electrolytes; Timing circuits; Active material; Degradation mode; Equivalent circuit model; Ion batteries; Lithium ions; Lithium plating; Loss of active material; Loss of lithium inventory; Negative electrode; Solid electrolyte interphase; Equivalent circuits; Lithium-ion batteries","Deutsche Forschungsgemeinschaft, DFG, (281041241/GRK 2218)","This research was supported by the Deutsche Forschungsgemeinschaft (DFG, German Research Foundation) within the framework of the research training group SiMET\u2014Simulation of Mechanical, Electrical, and Thermal Processess in Lithium-ion Batteries (281041241/GRK 2218).","Institute of Physics","Article","Scopus"
"Ghafir I.; Prenosil V.; Svoboda J.; Hammoudeh M.","Ghafir, Ibrahim (56784374200); Prenosil, Vaclav (55212521600); Svoboda, Jakub (56783720500); Hammoudeh, Mohammad (58980788800)","56784374200; 55212521600; 56783720500; 58980788800","A survey on network security monitoring systems","2016","Proceedings - 2016 4th International Conference on Future Internet of Things and Cloud Workshops, W-FiCloud 2016","82","10.1109/W-FiCloud.2016.30","https://www.scopus.com/pages/publications/85009788266?origin=resultslist","FI Masaryk University, School of Computing, Manchester Metropolitan University, Czech Republic; Faculty of Informatics, Masaryk University, Brno, Czech Republic; School of Computing, Manchester Metropolitan University, Manchester, United Kingdom","Ghafir I., FI Masaryk University, School of Computing, Manchester Metropolitan University, Czech Republic; Prenosil V., Faculty of Informatics, Masaryk University, Brno, Czech Republic; Svoboda J., Faculty of Informatics, Masaryk University, Brno, Czech Republic; Hammoudeh M., School of Computing, Manchester Metropolitan University, Manchester, United Kingdom","Network monitoring is a difficult and demanding task that is a vital part of a network administrator's job. Network administrators are constantly striving to maintain smooth operation of their networks. If a network were to be down even for a small period of time, productivity within a company would decline, and in the case of public service departments the ability to provide essential services would be compromised. There are several approaches to network security monitoring. This paper provides the readers with a critical review of the prominent implementations of the current network monitoring approaches. © 2016 IEEE.","Deep packet inspection; Flow observation; Network security monitoring; Packet capture","Internet of things; Deep packet inspection; Essential services; Flow observation; Network administrator; Network Monitoring; Packet capture; Public services; Security monitoring; Network security","","","Institute of Electrical and Electronics Engineers Inc.","Conference paper","Scopus"
"Johnson R.L.; Castillo K.; Castillo C.; Bach Q.-V.; Hihara C.; Wang L.; Skreiberg I.; Turn S.Q.","Johnson, Robert L. (55574221469); Castillo, Kyle (58178903400); Castillo, Christian (58178869300); Bach, Quang-Vu (23033338600); Hihara, Cassidy (58667582800); Wang, Liang (57222035022); Skreiberg, Øyvind (6603490749); Turn, Scott Q. (7003813244)","55574221469; 58178903400; 58178869300; 23033338600; 58667582800; 57222035022; 6603490749; 7003813244","Biocarbon Production via Plasticized Biochar: Roles of Feedstock, Water Content, Catalysts, and Reaction Time","2023","Energy and Fuels","7","10.1021/acs.energyfuels.3c01660","https://www.scopus.com/pages/publications/85175063137?origin=resultslist","Hawaii Natural Energy Institute, University of Hawaii at Ma̅noa, 1680 East-West Road, Honolulu, 96822, HI, United States; SINTEF Energy Research, Sem Sælands vei 11, Trondheim, 7034, Norway","Johnson R.L., Hawaii Natural Energy Institute, University of Hawaii at Ma̅noa, 1680 East-West Road, Honolulu, 96822, HI, United States; Castillo K., Hawaii Natural Energy Institute, University of Hawaii at Ma̅noa, 1680 East-West Road, Honolulu, 96822, HI, United States; Castillo C., Hawaii Natural Energy Institute, University of Hawaii at Ma̅noa, 1680 East-West Road, Honolulu, 96822, HI, United States; Bach Q.-V., Hawaii Natural Energy Institute, University of Hawaii at Ma̅noa, 1680 East-West Road, Honolulu, 96822, HI, United States; Hihara C., Hawaii Natural Energy Institute, University of Hawaii at Ma̅noa, 1680 East-West Road, Honolulu, 96822, HI, United States; Wang L., SINTEF Energy Research, Sem Sælands vei 11, Trondheim, 7034, Norway; Skreiberg I., SINTEF Energy Research, Sem Sælands vei 11, Trondheim, 7034, Norway; Turn S.Q., Hawaii Natural Energy Institute, University of Hawaii at Ma̅noa, 1680 East-West Road, Honolulu, 96822, HI, United States","Studies into transient plastic phase biochar (TPPB) were conducted to compare how feedstock, moisture, acetic acid addition, and reaction time impacted the formation of TPPB and mechanical properties. Our results show that pyrolysis conditions sufficient for TPPB formation from birch wood do not lead to TPPB formation from spruce, cellulose (paper plates), or rice straw. However, TPPB formation was possible with spruce and rice straw with the addition of water to the initial material. Plasticized biochar and non-plasticized biochar (NTPPB) produced from spruce and rice straw were compared in terms of the charcoal yield, proximate analysis (fixed carbon content), and mechanical properties of pelletized particles. Despite observing only minimal differences in the charcoal yields and fixed carbon contents between TPPB and NTPPB, the tensile strengths of biochar and biocarbon pellets [calcined at 900 °C (N2)] were substantially improved with TPPB. Biocarbon pellets produced from spruce TPPB and rice straw TPPB were 5× and 1.5× stronger than the NTPPB counterparts. Adding 75 wt % H2O to birch (nominal 8% moisture content) resulted in biocarbon with nearly 10 times higher tensile strength, despite both biocarbon materials being produced from a birch TPPB precursor. Birch biochars produced with shorter reaction times produced biocarbon pellets with nearly 3× higher tensile strength. Lastly, measured tensile (39 MPa) and compressive (188 MPa) strength values obtained from finely ground birch TPPB samples constitute one of the strongest biocarbon materials reported to date and would have sufficient mechanical strength to serve as a direct substitute for petroleum carbon anodes without any binder. These results demonstrate that plasticized biochar can be produced from a variety of different feedstocks and increasing their water content along with reducing the reaction time improves the mechanical properties of the biocarbon formed from the plasticized biochar intermediate. © 2023 American Chemical Society.","","Betula; Charcoal; Formation; Moisture; Pelleting; Picea; Rice Straw; Tensile Strength; Charcoal; Moisture; Pelletizing; Reaction intermediates; Tensile strength; Biocarbon; Biochar; Carbon content; Charcoal yields; Fixed carbons; High-tensile strength; Plastic phasis; Rice straws; Water reaction; ]+ catalyst; Feedstocks","Alcoa Norway ANS; Department Elkem Technology; Eramet Norway AS; Hydro Aluminum AS; Norsk Biobrensel AS; Office of Naval Research, ONR, (N00014-19-1-2159); Norges Forskningsråd","The authors acknowledge the financial support from the Research Council of Norway and the BioCarbUp project industry partners: Elkem AS–Department Elkem Technology, Eramet Norway AS, Norsk Biobrensel AS, Eyde Cluster, Hydro Aluminum AS, and Alcoa Norway ANS. Additional support for the project was provided by the Office of Naval Research under Grant N00014-19-1-2159.","American Chemical Society","Article","Scopus"
"Castillo K.A.A.; Johnson R.L.; Castillo C.J.A.; Wang L.; Skreiberg Ø.; Turn S.Q.","Castillo, Kyle Anthony A. (58178903400); Johnson, Robert L. (55574221469); Castillo, Christian Jayme A. (58178869300); Wang, Liang (57222035022); Skreiberg, Øyvind (6603490749); Turn, Scott Q. (7003813244)","58178903400; 55574221469; 58178869300; 57222035022; 6603490749; 7003813244","Experimental Optimization of Pellet Tensile Strength from Spruce Biochar Produced at Elevated Pressure","2025","Energy and Fuels","1","10.1021/acs.energyfuels.4c05424","https://www.scopus.com/pages/publications/85214650784?origin=resultslist","Hawai‘i Natural Energy Institute, University of Hawai‘i at Ma̅noa, 1680 East-West Rd., POST 109, Honolulu, 96822, HI, United States; SINTEF Energy Research, Sem Saelands vei 11, Trondheim, 7034, Norway","Castillo K.A.A., Hawai‘i Natural Energy Institute, University of Hawai‘i at Ma̅noa, 1680 East-West Rd., POST 109, Honolulu, 96822, HI, United States; Johnson R.L., Hawai‘i Natural Energy Institute, University of Hawai‘i at Ma̅noa, 1680 East-West Rd., POST 109, Honolulu, 96822, HI, United States; Castillo C.J.A., Hawai‘i Natural Energy Institute, University of Hawai‘i at Ma̅noa, 1680 East-West Rd., POST 109, Honolulu, 96822, HI, United States; Wang L., SINTEF Energy Research, Sem Saelands vei 11, Trondheim, 7034, Norway; Skreiberg Ø., SINTEF Energy Research, Sem Saelands vei 11, Trondheim, 7034, Norway; Turn S.Q., Hawai‘i Natural Energy Institute, University of Hawai‘i at Ma̅noa, 1680 East-West Rd., POST 109, Honolulu, 96822, HI, United States","Constant pressure (12.07 MPa) pyrolysis of woody spruce biomass was tested using a 2K factorial design to evaluate the effects of independent variables, including reactor temperature, reaction time, biomass feedstock, biomass moisture content, and acetic acid content, on transient plastic phase (TPP) formation, fixed carbon yields, and ultimate tensile strengths of biochars. Two-factor interactions were also observed. Temperature had the greatest effect on fixed carbon yields and ultimate tensile strengths. Minimal differences in fixed carbon yields and ultimate tensile strengths occurred between TPP and non-TPP (NTPP) biochars produced under similar reaction conditions. Reaction conditions that led to improved ultimate tensile strength sacrificed fixed carbon yield. The spruce biochar sample with the highest measured pellet tensile strength, 4.36 ± 0.50 MPa, was formed at a temperature of 230 °C and a nominal moisture content of 113.85%. © 2025 American Chemical Society.","","Carbon sequestration; Biochar; Carbon yield; Constant pressures; Elevated pressure; Experimental optimization; Factorial design; Fixed carbons; Plastic phasis; Reaction conditions; Ultimate tensile strength; Tensile strength","Alcoa Norway ANS; Norsk Biobrensel AS; Hydro Aluminum AS; Norges Forskningsråd; Eramet Norway AS; SINTEF Industri; Department Elkem Technology; Office of Naval Research, ONR, (N-00014-20-1-2270)","Financial support was received from the Research Council of Norway, SINTEF Energy Research, and the BioCarbUp project industry partners: Elkem AS - Department Elkem Technology, Eramet Norway AS, Norsk Biobrensel AS, Eyde Cluster, Hydro Aluminum AS, and Alcoa Norway ANS. Additional financial support was provided by the Office of Naval Research under grant number N-00014-20-1-2270.","American Chemical Society","Article","Scopus"
"Beck D.; Dechent P.; Junker M.; Sauer D.U.; Dubarry M.","Beck, David (55151658000); Dechent, Philipp (55242350200); Junker, Mark (57221100857); Sauer, Dirk Uwe (7005040792); Dubarry, Matthieu (14122893100)","55151658000; 55242350200; 57221100857; 7005040792; 14122893100","Inhomogeneities and Cell-to-Cell Variations in Lithium-Ion Batteries, a Review","2021","Energies","115","10.3390/en14113276","https://www.scopus.com/pages/publications/85107995938?origin=resultslist","Hawaii Natural Energy Institute, University of Hawaii at Manoa, 1680 East West Road, POST109, Honolulu, 96815, HI, United States; Institute for Power Electronics and Electrical Drives (ISEA), RWTH Aachen University, Aachen, 52066, Germany; Juelich Aachen Research Alliance, JARA-Energy, Aachen, 52062, Germany; Forschungszentrum Juelich GmbH, IEK-12, Helmholtz-Institut Münster, Co ISEA of RWTH Aachen University, Aachen, 52066, Germany","Beck D., Hawaii Natural Energy Institute, University of Hawaii at Manoa, 1680 East West Road, POST109, Honolulu, 96815, HI, United States; Dechent P., Institute for Power Electronics and Electrical Drives (ISEA), RWTH Aachen University, Aachen, 52066, Germany, Juelich Aachen Research Alliance, JARA-Energy, Aachen, 52062, Germany; Junker M., Institute for Power Electronics and Electrical Drives (ISEA), RWTH Aachen University, Aachen, 52066, Germany, Juelich Aachen Research Alliance, JARA-Energy, Aachen, 52062, Germany; Sauer D.U., Institute for Power Electronics and Electrical Drives (ISEA), RWTH Aachen University, Aachen, 52066, Germany, Juelich Aachen Research Alliance, JARA-Energy, Aachen, 52062, Germany, Forschungszentrum Juelich GmbH, IEK-12, Helmholtz-Institut Münster, Co ISEA of RWTH Aachen University, Aachen, 52066, Germany; Dubarry M., Hawaii Natural Energy Institute, University of Hawaii at Manoa, 1680 East West Road, POST109, Honolulu, 96815, HI, United States","Battery degradation is a fundamental concern in battery research, with the biggest challenge being to maintain performance and safety upon usage. From the microstructure of the materials to the design of the cell connectors in modules and their assembly in packs, it is impossible to achieve perfect reproducibility. Small manufacturing or environmental variations will compound big repercussions on pack performance and reliability. This review covers the origins of cell-to-cell variations and inhomogeneities on a multiscale level, their impact on electrochemical performance, as well as their characterization and tracking methods, ranging from the use of large-scale equipment to in-operando studies. © 2021 by the authors. Licensee MDPI, Basel, Switzerland.","Aging; Capacity distribution; Cell assembly; Cell-to-cell variation; Electrical testing; Electrode production; Inhomogeneities; Lithium-ion; Material characterization; Post-mortem","Computer science; Energy management; Battery degradation; Cell-to-cell variation; Electrochemical performance; Environmental variations; In-operando studies; Large scale equipments; Performance and reliabilities; Reproducibilities; Lithium-ion batteries","APRISES; ONR Asia Pacific Research Initiative for Sustainable En‐ ergy Systems; Office of Naval Research, ONR, (N00014‐18‐1‐2127, N00014‐19‐1‐2159); Office of Naval Research, ONR; Bundesministerium für Bildung und Forschung, BMBF, (03XP0302C); Bundesministerium für Bildung und Forschung, BMBF; Bundesministerium für Wirtschaft und Energie, BMWi, (03EIV011F); Bundesministerium für Wirtschaft und Energie, BMWi","Funding text 1: Funding: D.B. and M.D. were funded by ONR Asia Pacific Research Initiative for Sustainable En‐ ergy Systems (APRISES), Award Number N00014‐18‐1‐2127 and N00014‐19‐1‐2159. M.D. is also supported by the State of Hawaii. P.D, M.J and D.S. were funded by Bundesministerium für Bildung und Forschung (BMBF 03XP0302C) and by Bundesministerium für Wirtschaft und Energie (BMWi 03EIV011F).; Funding text 2: D.B. and M.D. were funded by ONR Asia Pacific Research Initiative for Sustainable Energy Systems (APRISES), Award Number N00014-18-1-2127 and N00014-19-1-2159. M.D. is also supported by the State of Hawaii. P.D, M.J and D.S. were funded by Bundesministerium f?r Bildung und Forschung (BMBF 03XP0302C) and by Bundesministerium f?r Wirtschaft und Energie (BMWi 03EIV011F).","MDPI AG","Article","Scopus"
"Gismero A.; Dubarry M.; Guo J.; Stroe D.-I.; Schaltz E.","Gismero, Alejandro (57211033265); Dubarry, Matthieu (14122893100); Guo, Jia (57730007000); Stroe, Daniel-Ioan (36683200900); Schaltz, Erik (25927513700)","57211033265; 14122893100; 57730007000; 36683200900; 25927513700","The Influence of Testing Conditions on State of Health Estimations of Electric Vehicle Lithium-Ion Batteries Using an Incremental Capacity Analysis","2023","Batteries","4","10.3390/batteries9120568","https://www.scopus.com/pages/publications/85180658354?origin=resultslist","Department of Energy, Aalborg University, Aalborg, Pontoppidanstraede, 111, 9220, Denmark; Hawaii Natural Energy Institute, University of Hawaii at Manoa, 1680 East–West Road, POST 109, Honolulu, 96822, HI, United States","Gismero A., Department of Energy, Aalborg University, Aalborg, Pontoppidanstraede, 111, 9220, Denmark; Dubarry M., Hawaii Natural Energy Institute, University of Hawaii at Manoa, 1680 East–West Road, POST 109, Honolulu, 96822, HI, United States; Guo J., Department of Energy, Aalborg University, Aalborg, Pontoppidanstraede, 111, 9220, Denmark; Stroe D.-I., Department of Energy, Aalborg University, Aalborg, Pontoppidanstraede, 111, 9220, Denmark; Schaltz E., Department of Energy, Aalborg University, Aalborg, Pontoppidanstraede, 111, 9220, Denmark","The increasing growth of the second-hand electric vehicle market demands reliable methods for evaluating the state of health of deployed electric vehicle batteries. Among these methods, incremental capacity analysis is a commonly used technique for state of health evaluation via the quantification of degradation modes. While the optimal conditions for its application typically involve low currents and a controlled temperature, this cannot be easily applied to deployed batteries. It is therefore essential to understand the impact of varying charging rates and temperatures on the accuracy of the analysis. In this study, the characteristics and behavior of incremental capacity features for seven electric vehicle batteries tested under different calendar aging conditions were investigated. The results show that accurate state of health estimations under different test conditions could be obtained using specific electrochemical features. © 2023 by the authors.","battery state estimation; electric vehicle (EV); incremental capacity analysis (ICA); lithium-ion batteries; state of health (SOH)","Battery management systems; Electric vehicles; Battery state estimation; Capacity analysis; Electric vehicle; Electric vehicle batteries; Incremental capacity analyse; Market demand; On state; State of health; Testing conditions; Lithium-ion batteries","Energiteknologisk udviklings- og demonstrationsprogram, EUDP","This work was part of the Workshop Automated BAttery Tester (WABAT) project, project no. 64019-0056. The authors gratefully acknowledge EUDP Denmark for providing the financial support necessary for carrying out this work.","Multidisciplinary Digital Publishing Institute (MDPI)","Article","Scopus"
"Babinszki B.; Czirok I.S.; Johnson R.; Sebestyén Z.; Jakab E.; Wang L.; Turn S.; Skreiberg Ø.; Czégény Z.","Babinszki, Bence (57190124963); Czirok, István Sándor (57971522900); Johnson, Robert (55574221469); Sebestyén, Zoltán (55779798600); Jakab, Emma (7003509278); Wang, Liang (57222035022); Turn, Scott (7003813244); Skreiberg, Øyvind (6603490749); Czégény, Zsuzsanna (6507478835)","57190124963; 57971522900; 55574221469; 55779798600; 7003509278; 57222035022; 7003813244; 6603490749; 6507478835","Volatile matter characterization of birch biochar produced under pressurized conditions","2024","Journal of Thermal Analysis and Calorimetry","5","10.1007/s10973-024-13381-4","https://www.scopus.com/pages/publications/85197655018?origin=resultslist","Institute of Materials and Environmental Chemistry, HUN-REN Research Centre for Natural Sciences, Magyar Tudósok Körútja 2, Budapest, 1117, Hungary; Hevesy György PhD School of Chemistry, ELTE Eötvös Loránd University, Pázmány Péter Sétány 1/A, Budapest, 1117, Hungary; Hawaii Natural Energy Institute, School of Ocean and Earth Science and Technology, University of Hawaii at Manoa, Honolulu, HI, United States; SINTEF Energy Research, Sem Sælands vei 11, Trondheim, 7034, Norway","Babinszki B., Institute of Materials and Environmental Chemistry, HUN-REN Research Centre for Natural Sciences, Magyar Tudósok Körútja 2, Budapest, 1117, Hungary; Czirok I.S., Institute of Materials and Environmental Chemistry, HUN-REN Research Centre for Natural Sciences, Magyar Tudósok Körútja 2, Budapest, 1117, Hungary, Hevesy György PhD School of Chemistry, ELTE Eötvös Loránd University, Pázmány Péter Sétány 1/A, Budapest, 1117, Hungary; Johnson R., Hawaii Natural Energy Institute, School of Ocean and Earth Science and Technology, University of Hawaii at Manoa, Honolulu, HI, United States; Sebestyén Z., Institute of Materials and Environmental Chemistry, HUN-REN Research Centre for Natural Sciences, Magyar Tudósok Körútja 2, Budapest, 1117, Hungary; Jakab E., Institute of Materials and Environmental Chemistry, HUN-REN Research Centre for Natural Sciences, Magyar Tudósok Körútja 2, Budapest, 1117, Hungary; Wang L., SINTEF Energy Research, Sem Sælands vei 11, Trondheim, 7034, Norway; Turn S., Hawaii Natural Energy Institute, School of Ocean and Earth Science and Technology, University of Hawaii at Manoa, Honolulu, HI, United States; Skreiberg Ø., SINTEF Energy Research, Sem Sælands vei 11, Trondheim, 7034, Norway; Czégény Z., Institute of Materials and Environmental Chemistry, HUN-REN Research Centre for Natural Sciences, Magyar Tudósok Körútja 2, Budapest, 1117, Hungary","The volatile matter (VM) content and composition of birch biochars produced at 320 °C under elevated pressure (0.1–11 MPa) and constant pressure or constant volume reactor conditions were characterized by thermogravimetry/mass spectrometry (TG/MS) and pyrolysis–gas chromatography/mass spectrometry (Py–GC/MS). Some of the thermal properties of the biochars and the composition of the VMs varied as a function of the maximal pressure applied during carbonization. The samples prepared at higher pressures released more volatiles up to 320 °C, while the maximal rate of thermal decomposition at around 440 °C showed decreasing tendency with the carbonization pressure. In terms of VM composition, the most apparent effect was the significant increase of the amounts of apoallobetulins from biochars prepared at elevated pressures, which were formed by dehydration, ring closure and rearrangement from the betulin content of birch. The change in the ratio of the evolved guaiacol and 4-methylguaiacol as well as that of syringol and 4-methylsyringol as a function of the maximal pressure of carbonization indicated a modification of the lignin decomposition mechanism. © The Author(s) 2024.","Betulin; Biochar; Birch wood; Pressurized carbonization; Volatile matter composition","Betulin; Carbonization; Gas Chromatography; Gravimetry; Pyrolysis; Spectrometers; Spectroscopy; Thermal Analysis; Gas chromatography; Pyrolysis; Spectrometry; Thermogravimetric analysis; Betulin; Biochar; Birch wood; Carbonisation; Constant pressures; Elevated pressure; Pressurized carbonization; Pressurized conditions; Volatile matter composition; Volatile matters; Carbonization","Norges Forskningsråd, (294679/E20); Norges Forskningsråd","This work was supported by the Research Council of Norway and a number of industrial partners through the project BioCarbUp (Grant No. 294679/E20). Z. Sebesty\u00E9n thanks the support for Bolyai J\u00E1nos research fellowship. ","Springer Science and Business Media B.V.","Article","Scopus"
"Dubarry M.; Beck D.","Dubarry, Matthieu (14122893100); Beck, David (55151658000)","14122893100; 55151658000","Communication—Forecast of the Impact of Degradation Modes on a Commercial Hard Carbon/Na3V2(PO4)2F3-based Na-ion Battery","2024","Journal of the Electrochemical Society","7","10.1149/1945-7111/ad728e","https://www.scopus.com/pages/publications/85202921373?origin=resultslist","University of Hawaiʻi at Mānoa, Hawaiʻi Natural Energy Institute, United States","Dubarry M., University of Hawaiʻi at Mānoa, Hawaiʻi Natural Energy Institute, United States; Beck D., University of Hawaiʻi at Mānoa, Hawaiʻi Natural Energy Institute, United States","Highlights Commercial HC/NVPF cell incremental capacity and differential voltage signatures, Emulation of a commercial HC/NVPF Na-ion cell from harvested half-cell data, Forecast of the degradation modes evolution, © 2024 The Author(s). Published on behalf of The Electrochemical Society by IOP Publishing Limited.","degradation modes; incremental capacity; Na-ion; NVPF","Degradation; Cell data; Data forecast; Degradation mode; Differential voltage; Half cells; Hard carbon; Incremental capacity; Na+ ions; Na-ion batteries; NVPF; Sodium-ion batteries","","","Institute of Physics","Article","Scopus"
"Malakar K.; Mishra T.; Hari V.; Karmakar S.","Malakar, Krishna (57188552928); Mishra, Trupti (56890790900); Hari, Vittal (57220064377); Karmakar, Subhankar (13805286500)","57188552928; 56890790900; 57220064377; 13805286500","Risk mapping of Indian coastal districts using IPCC-AR5 framework and multi-attribute decision-making approach","2021","Journal of Environmental Management","42","10.1016/j.jenvman.2021.112948","https://www.scopus.com/pages/publications/85108009528?origin=resultslist","Interdisciplinary Program (IDP) in Climate Studies, Indian Institute of Technology Bombay, Mumbai, 400076, Maharashtra, India; Shailesh J. Mehta School of Management, Indian Institute of Technology Bombay, Mumbai, 400076, Maharashtra, India; UFZ-Helmholtz Centre for Environmental Research, Leipzig, 04318, Germany; Environmental Science and Engineering Department, Indian Institute of Technology Bombay, Mumbai, 400076, Maharashtra, India","Malakar K., Interdisciplinary Program (IDP) in Climate Studies, Indian Institute of Technology Bombay, Mumbai, 400076, Maharashtra, India; Mishra T., Interdisciplinary Program (IDP) in Climate Studies, Indian Institute of Technology Bombay, Mumbai, 400076, Maharashtra, India, Shailesh J. Mehta School of Management, Indian Institute of Technology Bombay, Mumbai, 400076, Maharashtra, India; Hari V., UFZ-Helmholtz Centre for Environmental Research, Leipzig, 04318, Germany; Karmakar S., Interdisciplinary Program (IDP) in Climate Studies, Indian Institute of Technology Bombay, Mumbai, 400076, Maharashtra, India, Environmental Science and Engineering Department, Indian Institute of Technology Bombay, Mumbai, 400076, Maharashtra, India","Strategic location of coastal areas across the world causes them to be prone to disaster risks. In the global south, the Indian coast is one of the most susceptible to oceanic extreme events, such as cyclones, storm surge and high tides. This study provides an understanding of the risk experienced (currently as well as back in 2001) by the districts along the Indian coastline by developing a quantitative risk index. In the process, it attempts to make a novel contribution to the risk literature by following the definition of risk as a function of hazard, exposure and vulnerability as stated in the most recent (Fifth) assessment report of the Intergovernmental Panel on Climate Change (IPCC). Indicators of bio-physical hazards (such as cyclones, storm surge, tides and precipitation), and socio-economic contributors of vulnerability (such as infrastructure, technology, finance and social nets) and exposure (space), are combined to develop an overall risk index at a fine administrative scale of district-level over the entire coastline. Further, the study employs a multi-attribute decision-making (MADM) method, Technique for Order Preference by Similarity to Ideal Solution (TOPSIS), to combine the contributing indicators and generate indices on hazard, exposure and vulnerability. The product of these three components is thereafter defined as risk. The results suggest that most districts of the eastern coast have higher risk indices compared to those in the west, and the risk has increased since 2001. The higher risk can be attributed to the higher hazard indices in the eastern districts which are aggravated by their higher vulnerability index values. This study is the first effort made to map risk for the entire coastline of India — which in turn has resulted in a new cartographic product at a district-scale. Such assessments and maps have implications for environmental and risk-managers as they can help identify the regions needing adaptive interventions. © 2021 Elsevier Ltd","Cyclone; Exposure; Hazard; Index; Risk; Vulnerability","Climate Change; Cyclonic Storms; Disasters; India; Research Design; Climate change; Decision making; Floods; Hazards; Landforms; Risk assessment; Tides; Coastal area; Exposure; Index; Intergovernmental panel on climate changes; Multi attribute decision making; Risk indices; Risk mappings; Storm surge/tide; Strategic locations; Vulnerability; article; climate change; decision making; finance; human; hurricane; India; manager; precipitation; risk assessment; seashore; storm surge; technique for order preference by similarity to ideal solution; disaster; hurricane; methodology; Storms","Rishita Sinha; SPLICE; Department of Science and Technology, Ministry of Science and Technology, India, डीएसटी, (DST/CCP/CoE/140/2018); Department of Science and Technology, Ministry of Science and Technology, India, डीएसटी; Department of Science and Technology, Government of Kerala","Funding text 1: This work was conducted when KM was working as a Research Associate at the Indian Institute of Technology Bombay. The authors acknowledge the funding provided by the Department of Science and Technology , Government of India (SPLICE – Climate Change Programme, Project reference numbers DST/CCP/CoE/140/2018 ) to conduct the study. The authors are grateful to Prof. Manasa Ranjan Behera (Department of Civil Engineering) from the Indian Institute of Technology Bombay for his suggestions on the selection of hazard variables in the paper. The authors would also like to thank Rishita Sinha, Dr. Maneesha Sebastian and Dr. Aditya Gusain for their gracious help in conducting the study. ; Funding text 2: This work was conducted when KM was working as a Research Associate at the Indian Institute of Technology Bombay. The authors acknowledge the funding provided by the Department of Science and Technology, Government of India (SPLICE ? Climate Change Programme, Project reference numbers DST/CCP/CoE/140/2018) to conduct the study. The authors are grateful to Prof. Manasa Ranjan Behera (Department of Civil Engineering) from the Indian Institute of Technology Bombay for his suggestions on the selection of hazard variables in the paper. The authors would also like to thank Rishita Sinha, Dr. Maneesha Sebastian and Dr. Aditya Gusain for their gracious help in conducting the study.","Academic Press","Article","Scopus"
"Munster M.; Sneum D.M.; Bramstoft R.; Elmegaard B.; Buhler F.; Losa I.; Iliceto A.; Oudalov A.; Elsaesser D.; Giannellos S.; Strbac G.","Munster, Marie (25225805900); Sneum, Daniel Moller (57200686921); Bramstoft, Rasmus (57200496150); Elmegaard, Brian (6508320784); Buhler, Fabian (56236910100); Losa, Ilaria (53463880300); Iliceto, Antonio (55550915700); Oudalov, Alexandre (16205492500); Elsaesser, Damian (57220187229); Giannellos, Spyros (57220188176); Strbac, Goran (56643291900)","25225805900; 57200686921; 57200496150; 6508320784; 56236910100; 53463880300; 55550915700; 16205492500; 57220187229; 57220188176; 56643291900","Sector Coupling: Concepts, Potentials and Barriers","2020","12th AEIT International Annual Conference, AEIT 2020","9","10.23919/AEIT50178.2020.9241201","https://www.scopus.com/pages/publications/85097184621?origin=resultslist","Technical University of Denmark, Dtu Management, Copenhagen, Denmark; Tecnologie Trasmissione Distribuzione Rse, Milano, Italy; WG1 Co-chair Etip Snet, Rome, Italy; Power Grids Division Abb, Zurich, Switzerland; Imperial College, Dept. of Electrical and Electronic Engineering, London, United Kingdom; Energy Systems Imperial College, London, United Kingdom","Munster M., Technical University of Denmark, Dtu Management, Copenhagen, Denmark; Sneum D.M., Technical University of Denmark, Dtu Management, Copenhagen, Denmark; Bramstoft R., Technical University of Denmark, Dtu Management, Copenhagen, Denmark; Elmegaard B., Technical University of Denmark, Dtu Management, Copenhagen, Denmark; Buhler F., Technical University of Denmark, Dtu Management, Copenhagen, Denmark; Losa I., Tecnologie Trasmissione Distribuzione Rse, Milano, Italy; Iliceto A., WG1 Co-chair Etip Snet, Rome, Italy; Oudalov A., Power Grids Division Abb, Zurich, Switzerland; Elsaesser D., Power Grids Division Abb, Zurich, Switzerland; Giannellos S., Imperial College, Dept. of Electrical and Electronic Engineering, London, United Kingdom; Strbac G., Energy Systems Imperial College, London, United Kingdom","The present paper summarizes the analysis of the Task Force of WG1 experts of the ETIP SNET platform that prepared a position paper aimed at describing the pathway to enable an integration of different energy carriers in order to support the achievement of the goals of the energy transition in 2050. © 2020 AEIT.","sector coupling; sector integration; smart grids","Energy carriers; Energy transitions; Position papers; Task force","European Project INTENSYS4EU, (731220); Horizon2020","ACKNOWLEDGMENT This publication was cofounded by the European Project INTENSYS4EU funded under grant agreement N° 731220 of the Horizon2020 programme.","Institute of Electrical and Electronics Engineers Inc.","Conference paper","Scopus"
"Beck D.; Dubarry M.","Beck, David (55151658000); Dubarry, Matthieu (14122893100)","55151658000; 14122893100","Electrode Blending Simulations Using the Mechanistic Degradation Modes Modeling Approach","2024","Batteries","9","10.3390/batteries10050159","https://www.scopus.com/pages/publications/85192109199?origin=resultslist","Hawaii Natural Energy Institute, University of Hawaii at Manoa, 1680 East–West Road, POST 109, Honolulu, 96822, HI, United States","Beck D., Hawaii Natural Energy Institute, University of Hawaii at Manoa, 1680 East–West Road, POST 109, Honolulu, 96822, HI, United States; Dubarry M., Hawaii Natural Energy Institute, University of Hawaii at Manoa, 1680 East–West Road, POST 109, Honolulu, 96822, HI, United States","Blended electrodes are becoming increasingly more popular in lithium-ion batteries, yet most modeling approaches are still lacking the ability to separate the blend components. This is problematic because the different components are unlikely to degrade at the same pace. This work investigated a new approach towards the simulation of blended electrodes by replicating the complex current distributions within the electrodes using a paralleling model rather than the traditional constant-current method. In addition, a blending model was used to generate three publicly available datasets with more than 260,000 unique degradations for three exemplary blended cells. These datasets allowed us to showcase the necessity of considering all active components of the blend separately for diagnosis and prognosis. © 2024 by the authors.","blending; diagnosis; Li-ion battery; mechanistic modeling","Blending; Lithium-ion batteries; Active components; Blend components; Blended cells; Blending models; Constant-current; Currents distributions; Mechanistic models; Mechanistics; Modeling approach; New approaches; Electrodes","Element Energy; Office of Naval Research, ONR, (#N00014-20-1-2270); Office of Naval Research, ONR","This research was funded by ONR, grant number #N00014-20-1-2270, and by Element Energy.","Multidisciplinary Digital Publishing Institute (MDPI)","Article","Scopus"
"Fu J.; Summers S.; Morgan T.J.; Turn S.Q.; Kusch W.","Fu, Jinxia (56226839800); Summers, Sabrina (57221844185); Morgan, Trevor J. (7202131019); Turn, Scott Q. (7003813244); Kusch, William (57221850960)","56226839800; 57221844185; 7202131019; 7003813244; 57221850960","Fuel Properties of Pongamia (Milletia pinnata) Seeds and Pods Grown in Hawaii","2021","ACS Omega","19","10.1021/acsomega.1c00635","https://www.scopus.com/pages/publications/85104910881?origin=resultslist","Hawaii Natural Energy Institute, University of Hawaii, Honolulu, 96822, HI, United States; Ter Viva Inc., Oakland, 94612, CA, United States","Fu J., Hawaii Natural Energy Institute, University of Hawaii, Honolulu, 96822, HI, United States; Summers S., Hawaii Natural Energy Institute, University of Hawaii, Honolulu, 96822, HI, United States; Morgan T.J., Hawaii Natural Energy Institute, University of Hawaii, Honolulu, 96822, HI, United States; Turn S.Q., Hawaii Natural Energy Institute, University of Hawaii, Honolulu, 96822, HI, United States; Kusch W., Ter Viva Inc., Oakland, 94612, CA, United States","Pongamia, a leguminous, oilseed-bearing tree, is a potential resource for renewable fuels in general and sustainable aviation fuel in particular. The present work characterizes physicochemical properties of reproductive materials (seeds and pods) from pongamia trees grown in different environments at five locations on the island of Oahu, Hawaii, USA. Proximate and ultimate analyses, heating value, and elemental composition of the seeds, pods, and de-oiled seed cake were determined. The oil content of the seeds and the properties of the oil were determined using American Society for Testing and Materials and American Oil Chemist's Society methods. The seed oil content ranged from 19 to 33 wt % across the trees and locations. Oleic (C18:1) was the fatty acid present in the greatest abundance (47 to 60 wt %), and unsaturated fatty acids accounted for 77 to 83 wt % of the oil. Pongamia oil was found to have similar characteristics as other plant seed oils (canola and jatropha) and would be expected to be well suited for hydroprocessed production of sustainable aviation fuel. Nitrogen-containing species is retained in the solid phase during oil extraction, and the de-oiled seed cake exhibited enrichment in the N content, ∼5 to 6%, in comparison with the parent seed. The pods would need further treatment before being used as fuel for combustion or gasification owing to the high potassium and chlorine contents.  © ","","","Hawaii Natural Energy Institute’s Energy Systems Development Special Fund, (N-00014-16-1-2116); James Hileman and Nathan Brown; U.S. Federal Aviation Administration Office of Environment and Energy; Office of Naval Research, ONR; Federal Aviation Administration, FAA, (13-C-AJFE-UH)","This research was funded in part by the U.S. Federal Aviation Administration Office of Environment and Energy through ASCENT, the FAA Center of Excellence for Alternative Jet Fuels and the Environment, the Project 001 through FAA award number 13-C-AJFE-UH under the supervision of James Hileman and Nathan Brown. Any opinions, findings, conclusions, or recommendations expressed in this material are those of the authors and do not necessarily reflect the views of the FAA. Funding was also provided by Hawaii’s Environmental Response, Energy, and Food Security Tax (HRS Sec. 243-3.5 “Barrel Tax”) through the Hawaii Natural Energy Institute’s Energy Systems Development Special Fund and Grant N-00014-16-1-2116 from the Office of Naval Research.","American Chemical Society","Article","Scopus"
"Elliott M.; Swan L.G.; Dubarry M.; Baure G.","Elliott, Mark (57218994932); Swan, Lukas G. (25959742800); Dubarry, Matthieu (14122893100); Baure, George (6506683844)","57218994932; 25959742800; 14122893100; 6506683844","Degradation of electric vehicle lithium-ion batteries in electricity grid services","2020","Journal of Energy Storage","65","10.1016/j.est.2020.101873","https://www.scopus.com/pages/publications/85090974867?origin=resultslist","Renewable Energy Storage Laboratory, Department of Mechanical Engineering, Dalhousie University, PO Box 15000, Halifax, B3H 4R2, Canada; Hawaii Natural Energy Institute, University of Hawaii at Manoa, 1680 East West Road, POST109, Honolulu, 96815, HI, United States","Elliott M., Renewable Energy Storage Laboratory, Department of Mechanical Engineering, Dalhousie University, PO Box 15000, Halifax, B3H 4R2, Canada; Swan L.G., Renewable Energy Storage Laboratory, Department of Mechanical Engineering, Dalhousie University, PO Box 15000, Halifax, B3H 4R2, Canada; Dubarry M., Hawaii Natural Energy Institute, University of Hawaii at Manoa, 1680 East West Road, POST109, Honolulu, 96815, HI, United States; Baure G., Hawaii Natural Energy Institute, University of Hawaii at Manoa, 1680 East West Road, POST109, Honolulu, 96815, HI, United States","Repurposing retired electric vehicle lithium ion batteries into stationary electricity grid storage will increase their utilization and correspondingly reduce their environmental footprint prior to recycling. In this work, we investigated the performance characteristics of leading commercial cell types repurposed into electricity grid services. Two different positive active materials were compared: (1) a lithium nickel manganese cobalt oxide blended with lithium manganese oxide (LiNiMnCoO2+ LiMn2O4, termed ``NMC+LMO'') and (2) lithium iron phosphate (LiFePO4, termed ``LFP''). The bulk electricity service of energy arbitrage and the ancillary power electricity service of frequency regulation were tested. Performance was evaluated for energy capacity degradation and round-trip energy efficiency throughout cycle life. Half cell testing and electrochemical voltage spectroscopies were used to investigate the origin of degradation. The results gave useful insight into which chemistries are most appropriate for repurposing into which electricity grid service application. It was found that energy arbitrage service degrades energy capacity approximately twice as fast as frequency regulation service. NMC+LMO degrades approximately twice as fast as LFP. The main energy capacity degradation mechanism comes from loss of lithium inventory. We note that inter-cell capacity degradation differences appear to be a function of overall degradation level. Consequently, the battery management system for repurposed applications must have greater ability to manage inter-cell differences than factory electric vehicle systems. NMC+LMO was more energy efficient than LFP (96% vs 94%) and no degradation of energy efficiency was noted over the first 1200 complete cycle equivalents. This indicates that the thermal management systems applied for electric vehicle purposes is sufficient for repurposed applications. The choice of chemistry type thus depends on the service conducted as some services do not demand long life and some are insensitive to the cost of energy inefficiencies. © 2020 Elsevier Ltd","Battery degradation; Electric vehicle; Energy arbitrage; Frequency regulation; Lithium-ion; Second life","Automotive batteries; Battery management systems; Cobalt compounds; Degradation; Electric power transmission networks; Electric vehicles; Electronic Waste; Energy efficiency; Grid computing; Iron compounds; Lithium compounds; Manganese oxide; Nickel oxide; Vehicle-to-grid; Electrochemical voltage spectroscopy; Environmental footprints; Frequency regulation services; Lithium iron phosphates; Lithium manganese oxide; Performance characteristics; Positive active materials; Thermal management systems; Lithium-ion batteries","Ryerson University; Nova Scotia Research Innovation Trust, NSRIT; Province of Nova Scotia; Natural Sciences and Engineering Research Council of Canada, NSERC, (468468-14); Natural Sciences and Engineering Research Council of Canada, NSERC; Canada Foundation for Innovation, CFI, (32025); Canada Foundation for Innovation, CFI","This work was made possible with funding from the National Science and Engineering Research Council of Canada (NSERC, #NETGP 468468-14) through support of the Strategic Network of Energy Storage Technology (NESTnet) based at Ryerson University. Additional support was provided by the Province of Nova Scotia through Graduate Scholarships. Research equipment support was provided by the Canadian Foundation for Innovation (CFI #32025), the Nova Scotia Research Innovation Trust (NSRIT, #32025)","Elsevier Ltd","Article","Scopus"
"Fernando A.; Kuipers M.; Angenendt G.; Kairies K.-P.; Dubarry M.","Fernando, Alexa (58812425300); Kuipers, Matthias (57195338845); Angenendt, Georg (57195604332); Kairies, Kai-Philipp (56324075000); Dubarry, Matthieu (14122893100)","58812425300; 57195338845; 57195604332; 56324075000; 14122893100","Benchmark dataset for the study of the relaxation of commercial NMC-811 and LFP cells","2024","Cell Reports Physical Science","20","10.1016/j.xcrp.2023.101754","https://www.scopus.com/pages/publications/85182387768?origin=resultslist","Hawaii Natural Energy Institute, University of Hawaii at Manoa, Honolulu, 96822, HI, United States; Accure Battery Intelligence GmbH, Aachen, Germany","Fernando A., Hawaii Natural Energy Institute, University of Hawaii at Manoa, Honolulu, 96822, HI, United States; Kuipers M., Accure Battery Intelligence GmbH, Aachen, Germany; Angenendt G., Accure Battery Intelligence GmbH, Aachen, Germany; Kairies K.-P., Accure Battery Intelligence GmbH, Aachen, Germany; Dubarry M., Hawaii Natural Energy Institute, University of Hawaii at Manoa, Honolulu, 96822, HI, United States","Voltage relaxation can be a powerful indicator of lithium-ion battery characteristics, but variations in relaxation times complicate the widespread use of relaxation as an analytical tool. This study investigates the voltage relaxation behavior of commercial lithium-ion batteries, focusing on the impact of depth of discharge, rate, and temperature to gain a better understanding of relaxation and to improve state-of-charge estimation. Most of the data, available in a public dataset, are gathered using a unique protocol derived from intermittent titration techniques with an emphasis on ensuring that every rest is independent of the previous one. The findings demonstrate that relaxation behavior and open-circuit voltage settling times are influenced by depth of discharge, rate, current flow direction, and cell chemistry. In addition, the obtained dataset is used to test the validity of relaxation models to showcase the benefits of having a benchmark relaxation dataset available for validation of future open-circuit voltage forecasting studies. © 2023 The Authors","depth of discharge; LFP; lithium-ion batteries; NMC811; open-circuit voltage; temperature; voltage relaxation","","Office of Naval Research, ONR, (N00014-19-1-2159); Office of Naval Research, ONR","this research was funded by ACCURE Battery Intelligence and by the Office of Naval Research (ONR), grant number N00014-19-1-2159 . The funders had no role in the design of the study; in the collection, analyses, or interpretation of the data; in the writing of the manuscript; or in the decision to publish the results. ","Cell Press","Article","Scopus"
"Gaillard N.","Gaillard, Nicolas (23987766200)","23987766200","A perspective on ordered vacancy compound and parent chalcopyrite thin film absorbers for photoelectrochemical water splitting","2021","Applied Physics Letters","6","10.1063/5.0061774","https://www.scopus.com/pages/publications/85114199676?origin=resultslist","Hawaii Natural Energy Institute, University of Hawaii, Honolulu, 96822, HI, United States","Gaillard N., Hawaii Natural Energy Institute, University of Hawaii, Honolulu, 96822, HI, United States","Chalcopyrites could fill the gap between the low-cost, poor-efficiency single junction metal oxide photoelectrochemical (PEC) water splitting cells and the high efficiency, yet costly III-V tandems. In this Perspective, we first review the key barriers that must be addressed by the community to enable economical chalcopyrite-based PEC water splitting. Then, we highlight how theoretical modeling can be used to identify promising ordered vacancy compound absorbers with improved energetics compared to their chalcopyrite parents. Finally, we describe how advanced spectroscopic analysis performed on chalcopyrite photocathodes after PEC testing uncovered a new passivation layer candidate for prolonged durability.  © 2021 Author(s).","","Copper compounds; Durability; Efficiency; Field emission cathodes; Metals; Passivation; Spectroscopic analysis; Chalcopyrite thin films; Ordered vacancy compound; Passivation layer; Photoelectrochemical water splitting; Photoelectrochemicals; Poor efficiencies; Single junction; Theoretical modeling; Photoelectrochemical cells","U.S. Department of Energy’s Hydrogen and Fuel Cell Technologies Office, (DE-EE0008085)","The author expresses gratitude to Dr. Wilman Septina, Joshua Crunk, and Kai Outlaw-Spruell at the University of Hawaii as well as Dr. Clemens Heske, Dr. Thomas Jaramillo, Dr. Kai Zhu, Dr. Christopher Muzzillo, Dr. Heli Wang, Dr. Andriy Zakutayev, Dr. Tadashi Ogitsu, Dr. Joel Varley, and Dr. Jason Cooper for their outstanding contributions to the discovery of new chalcopyrite absorbers and interfaces. This research was supported by the U.S. Department of Energy’s Hydrogen and Fuel Cell Technologies Office through Contract No. DE-EE0008085.","American Institute of Physics Inc.","Review","Scopus"
"Attia P.M.; Bills A.; Brosa Planella F.; Dechent P.; Dos Reis G.; Dubarry M.; Gasper P.; Gilchrist R.; Greenbank S.; Howey D.; Liu O.; Khoo E.; Preger Y.; Soni A.; Sripad S.; Stefanopoulou A.G.; Sulzer V.","Attia, Peter M. (57203917575); Bills, Alexander (57214931859); Brosa Planella, Ferran (57203187220); Dechent, Philipp (55242350200); Dos Reis, Gonçalo (35191519500); Dubarry, Matthieu (14122893100); Gasper, Paul (57195493578); Gilchrist, Richard (57223905574); Greenbank, Samuel (57222059115); Howey, David (34267561800); Liu, Ouyang (57221258855); Khoo, Edwin (57196665822); Preger, Yuliya (56724280500); Soni, Abhishek (57427353200); Sripad, Shashank (56512081600); Stefanopoulou, Anna G. (7003366932); Sulzer, Valentin (57191092447)","57203917575; 57214931859; 57203187220; 55242350200; 35191519500; 14122893100; 57195493578; 57223905574; 57222059115; 34267561800; 57221258855; 57196665822; 56724280500; 57427353200; 56512081600; 7003366932; 57191092447","Review - ""knees"" in Lithium-Ion Battery Aging Trajectories","2022","Journal of the Electrochemical Society","436","10.1149/1945-7111/ac6d13","https://www.scopus.com/pages/publications/85132241314?origin=resultslist","Department of Materials Science and Engineering, Stanford University, Stanford, CA, United States; Department of Mechanical Engineering, Carnegie Mellon University, Pittsburgh, PA, United States; WMG, University of Warwick, Coventry, United Kingdom; Faraday Institution, Harwell, United Kingdom; Institute for Power Electronics and Electrical Drives (ISEA), RWTH Aachen University, Aachen, Germany; School of Mathematics, University of Edinburgh, Edinburgh, United Kingdom; Centro de Matemática e Aplicações (CMA), FCT, UNL, Caparica, Portugal; Hawaii Natural Energy Institute, University of Hawaii at Manoa, Honolulu, HI, United States; National Renewable Energy Laboratory, Golden, CO, United States; Department of Engineering Science, University of Oxford, Oxford, United Kingdom; Institute for Infocomm Research, Agency for Science, Technology, and Research (A*STAR), Connexis, Singapore; Sandia National Laboratories, Albuquerque, NM, United States; Department of Mechanical Engineering, University of Cincinnati, Cincinnati, OH, United States; Department of Mechanical Engineering, University of Michigan, Ann Arbor, MI, United States","Attia P.M., Department of Materials Science and Engineering, Stanford University, Stanford, CA, United States; Bills A., Department of Mechanical Engineering, Carnegie Mellon University, Pittsburgh, PA, United States; Brosa Planella F., WMG, University of Warwick, Coventry, United Kingdom, Faraday Institution, Harwell, United Kingdom; Dechent P., Institute for Power Electronics and Electrical Drives (ISEA), RWTH Aachen University, Aachen, Germany; Dos Reis G., School of Mathematics, University of Edinburgh, Edinburgh, United Kingdom, Centro de Matemática e Aplicações (CMA), FCT, UNL, Caparica, Portugal; Dubarry M., Hawaii Natural Energy Institute, University of Hawaii at Manoa, Honolulu, HI, United States; Gasper P., National Renewable Energy Laboratory, Golden, CO, United States; Gilchrist R., School of Mathematics, University of Edinburgh, Edinburgh, United Kingdom; Greenbank S., Department of Engineering Science, University of Oxford, Oxford, United Kingdom; Howey D., Faraday Institution, Harwell, United Kingdom, Department of Engineering Science, University of Oxford, Oxford, United Kingdom; Liu O., Institute for Infocomm Research, Agency for Science, Technology, and Research (A*STAR), Connexis, Singapore; Khoo E., Institute for Infocomm Research, Agency for Science, Technology, and Research (A*STAR), Connexis, Singapore; Preger Y., Sandia National Laboratories, Albuquerque, NM, United States; Soni A., Department of Mechanical Engineering, University of Cincinnati, Cincinnati, OH, United States; Sripad S., Department of Mechanical Engineering, Carnegie Mellon University, Pittsburgh, PA, United States; Stefanopoulou A.G., Department of Mechanical Engineering, University of Michigan, Ann Arbor, MI, United States; Sulzer V., Department of Mechanical Engineering, University of Michigan, Ann Arbor, MI, United States","Lithium-ion batteries can last many years but sometimes exhibit rapid, nonlinear degradation that severely limits battery lifetime. In this work, we review prior work on ""knees""in lithium-ion battery aging trajectories. We first review definitions for knees and three classes of ""internal state trajectories""(termed snowball, hidden, and threshold trajectories) that can cause a knee. We then discuss six knee ""pathways"", including lithium plating, electrode saturation, resistance growth, electrolyte and additive depletion, percolation-limited connectivity, and mechanical deformation - some of which have internal state trajectories with signals that are electrochemically undetectable. We also identify key design and usage sensitivities for knees. Finally, we discuss challenges and opportunities for knee modeling and prediction. Our findings illustrate the complexity and subtlety of lithium-ion battery degradation and can aid both academic and industrial efforts to improve battery lifetime.  © 2022 The Author(s). Published on behalf of The Electrochemical Society by IOP Publishing Limited.","Battery degradation; Battery lifetime; Battery lifetime prediction; Battery modeling; Knee point; Lithium-ion batteries","Battery management systems; Electrolytes; Ions; Solvents; Trajectories; Additive depletion; Battery aging; Battery degradation; Battery lifetime; Battery lifetime prediction; Battery modeling; Electrolyte depletion; Internal state; Knee points; Mechanical deformation; Lithium-ion batteries","National Renewable Energy Laboratory, NREL; ; Centro de Matemática e Aplicações CMA; Sandia National Laboratories, SNL; University of Nebraska-Lincoln, UNL; Carnegie Mellon University, CMU; Fuel Cell Technologies Program, FCT; Bundesministerium für Bildung und Forschung, BMBF, (03XP0302C); Bundesministerium für Bildung und Forschung, BMBF; Agency for Science, Technology and Research, A*STAR, (C210112037); Agency for Science, Technology and Research, A*STAR; U.S. Department of Energy, USDOE, (DE-AC36-08GO28308); U.S. Department of Energy, USDOE; Fundação para a Ciência e a Tecnologia, FCT, (UIDB/00297/2020); Fundação para a Ciência e a Tecnologia, FCT; Faraday Institution, (FIRG003, EP/S003053/1, FIRG025); Faraday Institution; National Nuclear Security Administration, NNSA, (DE-NA-0003525); National Nuclear Security Administration, NNSA","We thank Dr. Stephen Harris for providing the data used in Fig. a and Dr. John Cannarella for providing the data used in Fig. b. F.B.P. was supported by the Faraday Institution [EP/S003053/1 grant numbers FIRG003 and FIRG025] P.D was supported by Bundesministerium f\u00FCr Bildung und Forschung (BMBF 03XP0302C). G.d.R. acknowledges support from the Funda\u00E7\u00E3o para a Ci\u00EAncia e a Tecnologia (Portuguese Foundation for Science and Technology) through the project UIDB/00297/2020 (Centro de Matem\u00E1tica e Aplica\u00E7\u00F5es CMA/FCT/UNL). P.G. is supported by National Renewable Energy Laboratory which is operated by Alliance for Sustainable Energy, LLC, for the U.S. Department of Energy (DOE) under Contract No. DE-AC36-08GO28308. E.K. acknowledges funding by Agency for Science, Technology and Research (A*STAR) under the Career Development Fund (C210112037). Y.P. was supported by the US Department of Energy Office of Electricity, Energy Storage Program under the direction of Dr. Imre Gyuk. Sandia National Laboratories is a multi-mission laboratory managed and operated by National Technology and Engineering Solutions of Sandia, LLC., a wholly owned subsidiary of Honeywell International, Inc., for the U.S. Department of Energy's National Nuclear Security Administration under contract DE-NA-0003525. This paper describes objective technical results and analysis. Any subjective views or opinions that might be expressed in the paper do not necessarily represent the views of the U.S. Department of Energy or the United States Government. S.S. thanks support from the Carnegie Mellon University Presidential Fellowship. ","Institute of Physics","Article","Scopus"
"Septina W.; Muzzillo C.P.; Perkins C.L.; Giovanelli A.C.; West T.; Ohtaki K.K.; Ishii H.A.; Bradley J.P.; Zhu K.; Gaillard N.","Septina, Wilman (24077417000); Muzzillo, Christopher P. (25645256300); Perkins, Craig L. (7101705217); Giovanelli, Anne Curtis (57223135416); West, Thomas (57223135624); Ohtaki, Kenta K. (59824837200); Ishii, Hope A. (11941077300); Bradley, John P. (7402239317); Zhu, Kai (57200759254); Gaillard, Nicolas (23987766200)","24077417000; 25645256300; 7101705217; 57223135416; 57223135624; 59824837200; 11941077300; 7402239317; 57200759254; 23987766200","In situAl2O3incorporation enhances the efficiency of CuIn(S,Se)2solar cells prepared from molecular-ink solutions","2021","Journal of Materials Chemistry A","13","10.1039/d1ta00768h","https://www.scopus.com/pages/publications/85105019642?origin=resultslist","Hawaii Natural Energy Institute, University of Hawaii, 1680 East-West Rd Post 109, Honolulu, 96822, HI, United States; National Renewable Energy Laboratory, 15013 Denver W Pkwy, Golden, 80401, CO, United States; Hawaii Institute of Geophysics & Planetology, University of Hawaii, Honolulu, 96822, Hawaii, United States","Septina W., Hawaii Natural Energy Institute, University of Hawaii, 1680 East-West Rd Post 109, Honolulu, 96822, HI, United States; Muzzillo C.P., National Renewable Energy Laboratory, 15013 Denver W Pkwy, Golden, 80401, CO, United States; Perkins C.L., National Renewable Energy Laboratory, 15013 Denver W Pkwy, Golden, 80401, CO, United States; Giovanelli A.C., Hawaii Natural Energy Institute, University of Hawaii, 1680 East-West Rd Post 109, Honolulu, 96822, HI, United States; West T., Hawaii Natural Energy Institute, University of Hawaii, 1680 East-West Rd Post 109, Honolulu, 96822, HI, United States; Ohtaki K.K., Hawaii Institute of Geophysics & Planetology, University of Hawaii, Honolulu, 96822, Hawaii, United States; Ishii H.A., Hawaii Institute of Geophysics & Planetology, University of Hawaii, Honolulu, 96822, Hawaii, United States; Bradley J.P., Hawaii Institute of Geophysics & Planetology, University of Hawaii, Honolulu, 96822, Hawaii, United States; Zhu K., National Renewable Energy Laboratory, 15013 Denver W Pkwy, Golden, 80401, CO, United States; Gaillard N., Hawaii Natural Energy Institute, University of Hawaii, 1680 East-West Rd Post 109, Honolulu, 96822, HI, United States","We report an efficiency enhancement of solution-processed CuIn(S,Se)2(CISSe) thin film solar cellsvia in situincorporation of Al2O3. These films were produced using inks containing CuCl, InCl3, AlNO3(Al/Al + In: 0.1) and thiourea dissolved in methanol. After spin coating of these solutions in air, samples were subjected to a selenization process. Auger electron spectroscopy depth-profiling analysis showed that Al is evenly distributed throughout the bulk of the film. Transmission electron microscopy revealed that AlNO3precursor reacted with oxygen to form nanosized amorphous Al2O3grains located within the bulk and grain boundaries of CISSe, as well as at both the top and bottom interfaces. Power conversion efficiency (PCE) as high as 11.6% (JSC: 35.8 mA cm−2,VOC: 518 mV, FF: 62.2%, no anti-reflection coating) was achieved with Al-CISSe solar cell devices integrated with CdS (chemical bath deposition, thickness: 80 nm) and ZnO/ITO bilayers (sputtered, thickness: 300 nm). The average PCE (10.1%, 〈JSC〉: 34.5 mA cm−2, 〈VOC〉: 491 mV, 〈FF〉: 59.8%) was nearly 4% (absolute) higher than that measured on CISSe baseline cells fabricated from solutions without Al (〈PCE〉 = 6.4%, 〈JSC〉: 32.8 mA cm−2, 〈VOC〉: 410 mV, 〈FF〉: 47.3%). Thisin situAl2O3incorporation is speculated to play a role in the enhancement of theVOCand FF of the devices through passivation of defects in CISSe reducing interface and bulk recombination, as evidenced by a reduced defect density and an increased activation energy of the dominant recombination mechanism from capacitance and temperature-dependentVOCmeasurements, respectively. © The Royal Society of Chemistry 2021.","","Activation energy; Alumina; Aluminum coatings; Aluminum metallography; Aluminum oxide; Antireflection coatings; Auger electron spectroscopy; Cadmium sulfide; Cadmium sulfide solar cells; Conversion efficiency; Copper compounds; Depth profiling; Grain boundaries; High resolution transmission electron microscopy; II-VI semiconductors; Oxide minerals; Reflective coatings; Thin film solar cells; Thin films; Zinc oxide; Bulk recombination; Chemical-bath deposition; Depth-profiling analysis; Efficiency enhancement; Power conversion efficiencies; Recombination mechanisms; Selenization process; Solar cell devices; Selenium compounds","National Renewable Energy Laboratory, NREL; U.S. Government; Office of Naval Research Asia Pacific Research Initiative for Sustainable Energy Systems; Office of Energy Efficiency and Renewable Energy, Hydrogen and Fuel Cell Technology Office; Office of Naval Research Asia Pacic Research Initiative for Sustainable Energy Systems; U.S. Department of Energy, USDOE, (DE-EE0008085, DE-AC36-08GO28308); APRISES, (N00014-19-1-2159)","Funding text 1: This work was funded by the U.S. Department of Energy under contract DE-EE0008085 and the Office of Naval Research Asia Paci\uE103c Research Initiative for Sustainable Energy Systems (APRISES) under contract N00014-19-1-2159. The authors acknowledge the assistance of Dr Godwin Severa for the TG-DSC measurement. The authors would also like to thank Dr Prze-myslaw Dera for his assistance in the XRD measurement. This work was authored in part by the National Renewable Energy Laboratory, operated by Alliance for Sustainable Energy, LLC, for the U.S. Department of Energy (DOE) under Contract No. DE-AC36-08GO28308. Funding provided by the U.S. Department of Energy, Office of Energy Efficiency and Renewable Energy, Hydrogen and Fuel Cell Technology Office. The views expressed in the article do not necessarily represent the views of the DOE or the U.S. Government. The U.S. Government retains and the publisher, by accepting the article for publication, acknowledges that the U.S. Government retains a nonexclusive, paid-up, irrevocable, worldwide license to publish or reproduce the published form of this work, or allow others to do so, for U.S. Government purposes.; Funding text 2: This work was funded by the U.S. Department of Energy under contract DE-EE0008085 and the Office of Naval Research Asia Pacific Research Initiative for Sustainable Energy Systems (APRISES) under contract N00014-19-1-2159. The authors acknowledge the assistance of Dr Godwin Severa for the TG-DSC measurement. The authors would also like to thank Dr Przemyslaw Dera for his assistance in the XRD measurement. This work was authored in part by the National Renewable Energy Laboratory, operated by Alliance for Sustainable Energy, LLC, for the U.S. Department of Energy (DOE) under Contract No. DE-AC36-08GO28308. Funding provided by the U.S. Department of Energy, Office of Energy Efficiency and Renewable Energy, Hydrogen and Fuel Cell Technology Office. The views expressed in the article do not necessarily represent the views of the DOE or the U.S. Government. The U.S. Government retains and the publisher, by accepting the article for publication, acknowledges that the U.S. Government retains a nonexclusive, paid-up, irrevocable, worldwide license to publish or reproduce the published form of this work, or allow others to do so, for U.S. Government purposes.","Royal Society of Chemistry","Article","Scopus"
"Nair A.S.; Indu J.","Nair, Akhilesh S. (57192269882); Indu, J. (55921734500)","57192269882; 55921734500","Assessment of Groundwater Sustainability and Identifying Factors Inducing Groundwater Depletion in India","2021","Geophysical Research Letters","39","10.1029/2020GL087255","https://www.scopus.com/pages/publications/85101136829?origin=resultslist","Department of Civil Engineering, Indian Institute of Technology Bombay, Mumbai, MH, India; Interdisciplinary Centre for Climate Studies, Indian Institute of Technology Bombay, Mumbai, MH, India","Nair A.S., Department of Civil Engineering, Indian Institute of Technology Bombay, Mumbai, MH, India; Indu J., Department of Civil Engineering, Indian Institute of Technology Bombay, Mumbai, MH, India, Interdisciplinary Centre for Climate Studies, Indian Institute of Technology Bombay, Mumbai, MH, India","The alarming decline in groundwater (GW) storage threatens the sustainable development of the water-energy-food linkages of a country. India has experienced severe dry spells during the years 2002, 2004, 2009, and 2012. However, the relative contribution of factors affecting GW depletion (such as variability in precipitation rate and groundwater extraction) still remains unknown. Here, we first evaluate the current GW condition by implementing reliability, resilience, and vulnerability analysis on the 5,988 monitoring well observations spanning over a period of two decades. Our study further improves the existing studies by isolating the quantity of GW depletion due to precipitation and nonprecipitation (GW extraction) factors using a multivariate regression model. Our study indicates that the nonprecipitation factor is most responsible for GW depletion in North India at a rate of 3.5 cm per year. © 2020. American Geophysical Union. All Rights Reserved.","GRACE mascon; groundwater; reliability; resilience; sustainability; vulnerability","Extraction; Food storage; Regression analysis; Reliability analysis; Sustainable development; Dry spells; GRACE masca; Groundwater depletion; Groundwater extraction; Groundwater storage; Precipitation rates; Relative contribution; Resilience; Vulnerability; Water energy; Groundwater","Indian Institute of Technology Delhi, IIITD; Istituto Italiano di Tecnologia, IIT; Center for Space Research; Department of Science and Technology, Ministry of Science and Technology, India, डीएसटी, (ECR/2016/001559, DS/CCP/CoE/140/2018)","The authors would like to acknowledge the support from the Indian Institute of Technology (IIT) Bombay for this work. The work was supported by the Department of Science and Technology under the early career project ECR/2016/001559. The authors wish to thank the support of DST Centre of Excellence in climate studies, IIT Bombay under project DS/CCP/CoE/140/2018 (G). The authors acknowledge the Center for Space Research (CSR) at the University of Texas, Austin for making available the GRACE MASCON product ( http://www2.csr.utexas.edu/grace/RL05_mascons.html ). The authors also acknowledge the central groundwater board (CGWB) of India for sharing the data from in situ monitoring wells ( http://cgwb.gov.in/GW-data-access.html ). ","John Wiley and Sons Inc","Article","Scopus"
"Khan I.S.; Muzzillo C.P.; Perkins C.L.; Norman A.G.; Young J.L.; Gaillard N.; Zakutayev A.","Khan, Imran S. (57221001467); Muzzillo, Christopher P. (25645256300); Perkins, Craig L. (7101705217); Norman, Andrew G. (56411568800); Young, James L. (57040236900); Gaillard, Nicolas (23987766200); Zakutayev, Andriy (25723988200)","57221001467; 25645256300; 7101705217; 56411568800; 57040236900; 23987766200; 25723988200","MgxZn1−xO contact to CuGa3Se5 absorber for photovoltaic and photoelectrochemical devices","2021","JPhys Energy","11","10.1088/2515-7655/abd3b3","https://www.scopus.com/pages/publications/85103753541?origin=resultslist","National Renewable Energy Laboratory, Golden, CO, United States; Hawaii Natural Energy Institute, University of Hawaii, Honolulu, HI, United States","Khan I.S., National Renewable Energy Laboratory, Golden, CO, United States; Muzzillo C.P., National Renewable Energy Laboratory, Golden, CO, United States; Perkins C.L., National Renewable Energy Laboratory, Golden, CO, United States; Norman A.G., National Renewable Energy Laboratory, Golden, CO, United States; Young J.L., National Renewable Energy Laboratory, Golden, CO, United States; Gaillard N., Hawaii Natural Energy Institute, University of Hawaii, Honolulu, HI, United States; Zakutayev A., National Renewable Energy Laboratory, Golden, CO, United States","CuGa3Se5 is a promising candidate material with wide band gap for top cells in tandem photovoltaic and photoelectrochemical (PEC) devices. However, traditional CdS contact layers used with other chalcopyrite absorbers are not suitable for CuGa3Se5 due to the higher position of its conduction band (CB) minimum. MgxZn1−xO (MZO) is a transparent oxide with adjustable band gap and CB position as a function of magnesium composition, but its direct application is hindered by CuGa3Se5 surface oxidation. Here, MZO is investigated as a contact (n-type ‘buffer’ or ‘window’) material to CuGa3Se5 absorbers pretreated in Cd2+ solution, and an onset potential close to 1 V vs reversible hydrogen electrode in 10 mM hexaammineruthenium (III) chloride electrolyte is demonstrated. The Cd2+ surface treatment changes the chemical composition and electronic structure of the CuGa3Se5 surface, as demonstrated by photoelectron spectroscopy measurements. The performance of CuGa3Se5 absorber with Cd2+ treated surface in the solid-state test structure depends on the Zn/Mg ratio in the MZO layer. The measured open circuit voltage of 925 mV is promising for tandem PEC water splitting with CuGa3Se5/MZO top cells. © 2021 The Author(s). Published by IOP Publishing Ltd.","CuGa3Se5; MgZnO; Photoelectrochemical device; Photovoltaic device","Cadmium metallography; Cadmium sulfide; Chlorine compounds; Electrolytes; Electronic structure; Energy gap; Gallium compounds; II-VI semiconductors; Magnesium compounds; Open circuit voltage; Photoelectrochemical cells; Photoelectron spectroscopy; Selenium compounds; Surface treatment; Zinc compounds; Candidate materials; Chemical compositions; Chloride electrolytes; Photo-electrochemical device; Photoelectrochemicals; Reversible hydrogen electrodes; Surface oxidations; Transparent oxides; Copper compounds","EMN; HFTO; HydroGEN Energy Materials Network; U.S. Department of Energy, USDOE, (DE-AC36-08GO28308); U.S. Department of Energy, USDOE; Office of Energy Efficiency and Renewable Energy, EERE; National Renewable Energy Laboratory, NREL; University of Hawai'i, UH, (DE-EE0006670); University of Hawai'i, UH; Hydrogen and Fuel Cell Technologies Office, HFTO","This work was authored in part by the National Renewable Energy Laboratory (NREL), operated by Alliance for Sustainable Energy LLC, for the U.S. Department of Energy (DOE) under contract no. DE-AC36-08GO28308. Funding provided by the Office of Energy Efficiency and Renewable Energy (EERE), under ‘Hydrogen and Fuel Cell Technologies Office (HFTO)’, as a part of HydroGEN Energy Materials Network (EMN) consortium project administrated by the University of Hawaii under contract no. DE-EE0006670. The authors would like to acknowledge John Perkins and Bobby To of NREL for the RBS analysis and SEM images respectively. The views expressed in the article do not necessarily represent the views of the DOE or the U.S. Government.","IOP Publishing Ltd","Article","Scopus"
"Pan C.A.; Dinter F.","Pan, Christoph Adrian (57193555404); Dinter, Frank (6506346943)","57193555404; 6506346943","Combination of PV and central receiver CSP plants for base load power generation in South Africa","2017","Solar Energy","86","10.1016/j.solener.2017.02.052","https://www.scopus.com/pages/publications/85014815901?origin=resultslist","Solar Thermal Energy Research Group (STERG), University of Stellenbosch, Private Bag X1, Matieland, 7602, South Africa","Pan C.A., Solar Thermal Energy Research Group (STERG), University of Stellenbosch, Private Bag X1, Matieland, 7602, South Africa; Dinter F., Solar Thermal Energy Research Group (STERG), University of Stellenbosch, Private Bag X1, Matieland, 7602, South Africa","This paper introduces a novel concept of a PV enhanced central receiver concentrating solar power (CSP) plant for South Africa that can dispatch solar energy from daytime to the night in order to provide solar base load capacity to the grid. Various simulations of standalone PV and CSP plants were carried out and compared to simulation results of the new CSP/PV hybrid concept. A higher annual energy yield and capacity factors of up to 90% can be expected while, at the same time, system size, thus, costs can be reduced. The levelised costs of electricity (LCOE) vary in the range of 0.133–0.157 $/kW h for base load-capable configurations which can substitute generation capacity from old coal-fired power plants. This replacement approach is backed by the high solar irradiation levels found in South Africa, making CSP/PV power plants a sustainable solution to reduce emissions and increase the share of renewables in South Africa. © 2017 Elsevier Ltd","Central receiver; PV enhanced CSP; Solar base load capacity; Thermal energy storage","South Africa; Coal; Electric energy storage; Heat storage; Solar energy; Thermal energy; Base load power generation; Base-loads; Central receivers; Coal-fired power plant; Concentrating solar power; Generation capacity; PV enhanced CSP; Sustainable solution; coal-fired power plant; cost analysis; electricity supply; irradiation; photovoltaic system; power generation; renewable resource; thermal power; Fossil fuel power plants","","","Elsevier Ltd","Article","Scopus"
"Basmadjian R.","Basmadjian, Robert (17433324400)","17433324400","Flexibility-based energy and demand management in data centers: A case study for cloud computing","2019","Energies","46","10.3390/en12173301","https://www.scopus.com/pages/publications/85071542517?origin=resultslist","Chair of Sensor Technology, University of Passau, Innstrasse 43, Passau, 94032, Germany","Basmadjian R., Chair of Sensor Technology, University of Passau, Innstrasse 43, Passau, 94032, Germany","The power demand (kW) and energy consumption (kWh) of data centers were augmented drastically due to the increased communication and computation needs of IT services. Leveraging demand and energy management within data centers is a necessity. Thanks to the automated ICT infrastructure empowered by the IoT technology, such types of management are becoming more feasible than ever. In this paper, we look at management from two different perspectives: (1) minimization of the overall energy consumption and (2) reduction of peak power demand during demand-response periods. Both perspectives have a positive impact on total cost of ownership for data centers. We exhaustively reviewed the potential mechanisms in data centers that provided flexibilities together with flexible contracts such as green service level and supply-demand agreements. We extended state-of-the-art by introducing the methodological building blocks and foundations of management systems for the above mentioned two perspectives. We validated our results by conducting experiments on a lab-grade scale cloud computing data center at the premises of HPE in Milano. The obtained results support the theoretical model, by highlighting the excellent potential of flexible service level agreements in Green IT: 33% of overall energy savings and 50% of power demand reduction during demand-response periods in the case of data center federation. c 2019 by the authors.","Data center; Demand-side management; Energy management systems; Smart grid","Cloud computing; Demand side management; Electric power utilization; Energy conservation; Energy management; Energy management systems; Energy utilization; Information management; Smart power grids; Data centers; Flexible contracts; ICT infrastructures; Management systems; Potential mechanism; Smart grid; Theoretical modeling; Total cost of ownership; Green computing","EU FP7 Fit4green, (All4green, Fit4green)","This work was realized within the context of EU FP7 Fit4green and All4green projects. The author of this paper would like to show his gratitude to Mr. Krikor Demirjian for his proofreading improvements and suggestions.","MDPI AG","Article","Scopus"
"Gorman W.; Kemp J.M.; Rand J.; Seel J.; Wiser R.; Manderlink N.; Kahrl F.; Porter K.; Cotton W.","Gorman, Will (56227045100); Kemp, Julie Mulvaney (58197564500); Rand, Joseph (57194382528); Seel, Joachim (55996428600); Wiser, Ryan (6603952636); Manderlink, Nick (59502299300); Kahrl, Fredrich (8706701200); Porter, Kevin (57206143222); Cotton, Will (59501901200)","56227045100; 58197564500; 57194382528; 55996428600; 6603952636; 59502299300; 8706701200; 57206143222; 59501901200","Grid connection barriers to renewable energy deployment in the United States","2025","Joule","60","10.1016/j.joule.2024.11.008","https://www.scopus.com/pages/publications/85214202511?origin=resultslist","Lawrence Berkeley National Laboratory, 1 Cyclotron Road, MS 90-4000, Berkeley, 94720, CA, United States; 3rdRail Inc., 1225 Allston Way, Berkeley, 94702, CA, United States; Exeter Associates, 10480 Little Patuxent Parkway, Suite 300, Columbia, 21044, MD, United States","Gorman W., Lawrence Berkeley National Laboratory, 1 Cyclotron Road, MS 90-4000, Berkeley, 94720, CA, United States; Kemp J.M., Lawrence Berkeley National Laboratory, 1 Cyclotron Road, MS 90-4000, Berkeley, 94720, CA, United States; Rand J., Lawrence Berkeley National Laboratory, 1 Cyclotron Road, MS 90-4000, Berkeley, 94720, CA, United States; Seel J., Lawrence Berkeley National Laboratory, 1 Cyclotron Road, MS 90-4000, Berkeley, 94720, CA, United States; Wiser R., Lawrence Berkeley National Laboratory, 1 Cyclotron Road, MS 90-4000, Berkeley, 94720, CA, United States; Manderlink N., Lawrence Berkeley National Laboratory, 1 Cyclotron Road, MS 90-4000, Berkeley, 94720, CA, United States; Kahrl F., Lawrence Berkeley National Laboratory, 1 Cyclotron Road, MS 90-4000, Berkeley, 94720, CA, United States, 3rdRail Inc., 1225 Allston Way, Berkeley, 94702, CA, United States; Porter K., Exeter Associates, 10480 Little Patuxent Parkway, Suite 300, Columbia, 21044, MD, United States; Cotton W., Exeter Associates, 10480 Little Patuxent Parkway, Suite 300, Columbia, 21044, MD, United States","Bulk-power grid connection is an emerging bottleneck to the entry of wind, solar, and storage but has been understudied due to a lack of data. We create and analyze two novel interconnection datasets with more than 38,000 project-level observations that provide new information documenting interconnection challenges in the United States. Active grid connection requests are more than double the total installed capacity of the US power plant fleet (2,600 vs. 1,280 GW). The time required to secure a connection has increased by 70% over the last decade, and withdrawal rates remain high at 80%, suggesting a constrained transmission system that jeopardizes energy transition targets. Wide distributions of interconnection costs indicate the inherent uncertainty of the interconnection process. Interconnection requests that identify large transmission upgrades tend to withdraw from the process. These findings suggest the need for interconnection reforms, tighter links between long-term transmission planning and project-level interconnection processes, and more interconnection outcome transparency. © 2024 The Author(s)","decarbonization; electric transmission; energy markets; energy transition; generator interconnection; generator new entry; interconnection process; solar; storage; wind","United States; Electric power system interconnection; Windmill; Decarbonisation; Energy markets; Energy transitions; Generator interconnection; Generator new entry; Grid connections; Interconnection process; Project levels; Renewable energy deployments; Solar; alternative energy; cost; distribution system; electricity supply; energy storage; Power markets","Solar Energy Technologies Office, SETO; U.S. Department of Energy, USDOE; Katherine Fisher at Exeter Associates; Wind Energy Technologies Office, WETO, (DE-AC02-05CH11231, 38425); Wind Energy Technologies Office, WETO","Funding text 1: This work was funded by the US Department of Energy\u2019s Solar Energy Technologies Office, Wind Energy Technologies Office, and Strategic Analysis , in part via the Interconnection Innovation eXchange (i2X) program, under contract no. DE-AC02-05CH11231 (award number 38425 ). In particular, we thank Michele Boyd, Jian Fu, Ammar Qusaibaty, Cynthia Bothwell, Dexter Hendricks, Patrick Gilman, Gage Reber, and Paul Spitsen. The collection of the interconnection cost data was incredibly labor-intensive. This work could not have been possible without the analytical support of Ari Weissfeld, Nicholas DiSanti, Olivia Kuykendall, and Katherine Fisher at Exeter Associates. ; Funding text 2: This work was funded by the US Department of Energy's Solar Energy Technologies Office, Wind Energy Technologies Office, and Strategic Analysis, in part via the Interconnection Innovation eXchange (i2X) program, under contract no. DE-AC02-05CH11231 (award number 38425). In particular, we thank Michele Boyd, Jian Fu, Ammar Qusaibaty, Cynthia Bothwell, Dexter Hendricks, Patrick Gilman, Gage Reber, and Paul Spitsen. The collection of the interconnection cost data was incredibly labor-intensive. This work could not have been possible without the analytical support of Ari Weissfeld, Nicholas DiSanti, Olivia Kuykendall, and Katherine Fisher at Exeter Associates.","Cell Press","Article","Scopus"
"Mehta L.; Srivastava S.; Movik S.; Adam H.N.; D'Souza R.; Parthasarathy D.; Naess L.O.; Ohte N.","Mehta, Lyla (16200006900); Srivastava, Shilpi (57210408168); Movik, Synne (15728208000); Adam, Hans Nicolai (56282550200); D'Souza, Rohan (39963185300); Parthasarathy, Devanathan (26428371800); Naess, Lars Otto (8584981600); Ohte, Nobuhito (7006506327)","16200006900; 57210408168; 15728208000; 56282550200; 39963185300; 26428371800; 8584981600; 7006506327","Transformation as praxis: responding to climate change uncertainties in marginal environments in South Asia","2021","Current Opinion in Environmental Sustainability","67","10.1016/j.cosust.2021.04.002","https://www.scopus.com/pages/publications/85106933942?origin=resultslist","The Institute of Development Studies, Library Road, Brighton, BN1 9RE, United Kingdom; Norwegian University of Life Sciences, Universitetstunet 3, Ås, NO-1432, Norway; Norwegian Institute for Water Research, NIVA, Gaustadalléen 21, Oslo, 0349, Norway; Kyoto University, Yoshida Honmachi, Sakyo-ku, Kyoto, 606-8501, Japan; Indian Institute of Technology, Powai, Mumbai, 400076, India","Mehta L., The Institute of Development Studies, Library Road, Brighton, BN1 9RE, United Kingdom, Norwegian University of Life Sciences, Universitetstunet 3, Ås, NO-1432, Norway; Srivastava S., The Institute of Development Studies, Library Road, Brighton, BN1 9RE, United Kingdom; Movik S., Norwegian University of Life Sciences, Universitetstunet 3, Ås, NO-1432, Norway; Adam H.N., Norwegian Institute for Water Research, NIVA, Gaustadalléen 21, Oslo, 0349, Norway; D'Souza R., Kyoto University, Yoshida Honmachi, Sakyo-ku, Kyoto, 606-8501, Japan; Parthasarathy D., Indian Institute of Technology, Powai, Mumbai, 400076, India; Naess L.O., The Institute of Development Studies, Library Road, Brighton, BN1 9RE, United Kingdom; Ohte N., Kyoto University, Yoshida Honmachi, Sakyo-ku, Kyoto, 606-8501, Japan","This paper provides some of the conceptual and methodological underpinnings being developed in the ongoing TAPESTRY project which is part of the Transformations to Sustainability (T2S) Programme. We debate how the notion of transformation may be conceptualized from ‘below’ in marginal environments that are especially marked by high levels of climate-related uncertainties. We propose the notion of transformation as praxis — where the focus is on bottom-up change, identities, wellbeing and the recovery of agency by marginalized people and explore how ‘patches’ and the ‘marginal’ offer critical conceptual templates to examine whether and how systemic transformative changes are being assembled and effected on the ground by hybrid and transformative alliances. The article concludes by discussing potential challenges of such engagements, alongside pursuing a normative and political approach to T2S. © 2021 The Authors","","South Asia; bottom-up approach; climate change; conceptual framework; marginalization; sustainability; transformation; uncertainty analysis","European Commission, EC; RCN; Institute for the Study of Social Change, University of Tasmania, ISC; Japan Science and Technology Agency, JST; Horizon 2020; Horizon 2020 Framework Programme, H2020, (730211); UK Research and Innovation, UKRI, (EP/W522788/1); Economic and Social Research Council, ESRC, (ES/R010404/1); Japan Society for the Promotion of Science, JSPS, (18H03599)","This work was supported by the TAPESTRY project. The project TAPESTRY is financially supported by the Belmont Forum and NORFACE Joint Research Programme on Transformations to Sustainability, which is co-funded by ESRC, ISC,JST, RCN and the European Commission through Horizon 2020 under grant agreement No 730211. Open access publication was supported by the UKRI Open Access Block Award 2021 (EP/W522788/1). The authors are grateful to the Transformations to Sustainability programme for the generous support. We thank the editors of the special issue for their patience and support and Ruby Utting for copyediting the paper.","Elsevier B.V.","Review","Scopus"
"Wang W.; Abdolrashidi A.; Yu N.; Wong D.","Wang, Wei (57192620878); Abdolrashidi, Amirali (56495505500); Yu, Nanpeng (24074948100); Wong, Daniel (57188691921)","57192620878; 56495505500; 24074948100; 57188691921","Frequency regulation service provision in data center with computational flexibility","2019","Applied Energy","41","10.1016/j.apenergy.2019.05.107","https://www.scopus.com/pages/publications/85066021605?origin=resultslist","Electrical and Computer Engineering, University of California, Riverside, Riverside, 92521, CA, United States","Wang W., Electrical and Computer Engineering, University of California, Riverside, Riverside, 92521, CA, United States; Abdolrashidi A., Electrical and Computer Engineering, University of California, Riverside, Riverside, 92521, CA, United States; Yu N., Electrical and Computer Engineering, University of California, Riverside, Riverside, 92521, CA, United States; Wong D., Electrical and Computer Engineering, University of California, Riverside, Riverside, 92521, CA, United States","The rapid adoption of cloud storage and computing services led to unprecedented growth of data centers in the world. As bulk energy consumers, large-scale data centers in the U.S. rack up billions in electricity costs annually. Fortunately, the operational flexibility of data centers can be leveraged to provide valuable frequency regulation services in smart grids to mitigate the indeterminacy of the renewable generation resources. Specifically, this paper aims to leverage computational flexibility provided by servers, such as dynamic voltage frequency scaling and dummy loads. This paper develops a comprehensive framework for data center's frequency regulation service provision in both hour-ahead market and real-time operations. A risk constrained hour-ahead bidding strategy along with a real-time data center power consumption control algorithm are developed to minimize electricity bills and the total response time of the requests. The introduction of dummy load, realistic bi-linear server power consumption model, and probabilistic forecast of electricity and frequency regulation service prices enable the data center to accurately follow frequency regulation signals, while reducing the financial risks associated with electricity market participation. The simulation results show that the proposed frequency regulation provision framework results not only in significant cost reduction for data centers, but also limits degradation in quality of service. Meanwhile, the stability and reliability of a power grid will be improved by the frequency regulation service provision. © 2019 Elsevier Ltd","Data center; Deep sleep state; Electricity market; Frequency regulation","Cost reduction; Digital storage; Dynamic frequency scaling; Electric industry; Electric power transmission networks; Electric power utilization; Green computing; Power markets; Quality of service; Voltage scaling; Data centers; Dynamic voltage frequency scaling; Electricity market participations; Frequency regulation services; Frequency regulations; Power consumption controls; Sleep state; Stability and reliabilities; Storage as a service (STaaS)","U.S. Department of Energy, USDOE, (#DE-OE0000840, -OE0000840); California Energy Commission, CEC, (EPC-16-030)","Funding text 1: This work was supported by the Department of Energy under award ( #DE-OE0000840 ) and the California Energy Commission under award ( EPC-16-030 ).  ; Funding text 2: This work was supported by the Department of Energy under award (#DE-OE0000840) and the California Energy Commission under award (EPC-16-030).","Elsevier Ltd","Article","Scopus"
"Dubarry M.; Pearson A.; Pringle K.; Shekibi Y.; Pas S.","Dubarry, Matthieu (14122893100); Pearson, Andrew (60011657600); Pringle, Keiran (60012080200); Shekibi, Youssof (20434666900); Pas, Steven (6603395345)","14122893100; 60011657600; 60012080200; 20434666900; 6603395345","Impact of Temperature and Depth of Discharge on Commercial Nickel Manganese Oxide and Lithium Iron Phosphate Batteries After Three Years of Aging","2025","Batteries","3","10.3390/batteries11070239","https://www.scopus.com/pages/publications/105011543106?origin=resultslist","Hawaiʻi Natural Energy Institute, University of Hawaiʻi at Mānoa, Honolulu, 96822, HI, United States; Platform Division, Defence Science and Technology Group, Melbourne, 3207, VIC, Australia","Dubarry M., Hawaiʻi Natural Energy Institute, University of Hawaiʻi at Mānoa, Honolulu, 96822, HI, United States; Pearson A., Platform Division, Defence Science and Technology Group, Melbourne, 3207, VIC, Australia; Pringle K., Platform Division, Defence Science and Technology Group, Melbourne, 3207, VIC, Australia; Shekibi Y., Platform Division, Defence Science and Technology Group, Melbourne, 3207, VIC, Australia; Pas S., Platform Division, Defence Science and Technology Group, Melbourne, 3207, VIC, Australia","Accurate cell selection is primordial to ensure battery safety and longevity. Unfortunately, because of path dependence, finding out which cells are best adapted to a specific application is not straightforward and might require significant testing. This work provides the analysis of three years of aging, both cycling and calendar, for two batches of commercial cells of different chemistries. Using design of experiments and analysis of variance, this work showed that the impact of temperature and depth of discharge, both at the beginning and end of discharge, are chemistry dependent. Moreover, an analysis of the cells’ degradation modes also showcased different pathways depending on the positive electrode chemistry and the type of aging. © 2025 by the authors.","DOD; ICA; LFP; NMC; temperature","Accelerated aging; Aging of materials; Degradation; Design of experiments; Electric discharges; Iron compounds; Lithium compounds; Lithium-ion batteries; Manganese oxide; Nickel; Nickel oxide; Accurate cells; Cell selection; Depth of discharges; DOD; Impact of temperatures; LFP; Lithium iron phosphates; Nickel manganese oxide; NMC; Oxide iron; Temperature","Defence Science and Technology Group, DST","This research was funded by the DST Group.","Multidisciplinary Digital Publishing Institute (MDPI)","Article","Scopus"
"Liu K.; Qu Y.; Kim H.-M.; Song H.","Liu, Kangcheng (57214756731); Qu, Yanbin (7201791346); Kim, Hak-Man (8889977800); Song, Huihui (55530794500)","57214756731; 7201791346; 8889977800; 55530794500","Avoiding Frequency Second Dip in Power Unreserved Control during Wind Power Rotational Speed Recovery","2018","IEEE Transactions on Power Systems","130","10.1109/TPWRS.2017.2761897","https://www.scopus.com/pages/publications/85031800465?origin=resultslist","School of Information and Electrical Engineering, Harbin Institute of Technology at Weihai, Weihai, 264209, China; Department of Electrical Engineering, Incheon National University, Incheon, 406772, South Korea","Liu K., School of Information and Electrical Engineering, Harbin Institute of Technology at Weihai, Weihai, 264209, China; Qu Y., School of Information and Electrical Engineering, Harbin Institute of Technology at Weihai, Weihai, 264209, China; Kim H.-M., Department of Electrical Engineering, Incheon National University, Incheon, 406772, South Korea; Song H., School of Information and Electrical Engineering, Harbin Institute of Technology at Weihai, Weihai, 264209, China","With the incremental quantities of variable speed wind turbines (VSWT) integrated into microgrid, the frequency fluctuation and the generation efficiency decrease are caused. To solve the problem, power unreserved control has been well studied, which emulates inertia and stimulates the VSWTs to transiently release the kinetic energy stored in the rotating masses, thus providing response to the frequency excursions promptly and timely. Meanwhile, inertia control and temporary over-production (TOP) control, as two main strategies of power unreserved control, have been put forward to improve the effectiveness of frequency regulation. Nevertheless, a frequency second dip will occur during the rotational speed restoration process in both methods. Therefore, a modified control method is proposed in this paper to strike an appropriate balance between frequency second dip prevention and rotational speed recovery. Our strategy is elaborated through theoretical demonstration and it can adapt to different wind power penetration. Through explicit simulation analysis, the performance of the proposed control strategy is compared with conventional implementations of the inertia control and the TOP control. The results indicate that the modified strategy can effectively offset the frequency second dip while guaranteeing a satisfactory rotational speed restoration to maintain the frequency within an appropriate range in an islanded microgrid. © 1969-2012 IEEE.","Frequency control; islanded microgrid; power unreserved control; second dip; wind power","Electric frequency control; Electric power generation; Kinetic energy; Kinetics; Production; Production control; Restoration; Speed; Torque; Velocity control; Wind power; Wind turbines; Frequency fluctuation; Islanded microgrid; Micro grid; Restoration process; second dip; Simulation analysis; Variable speed wind turbines; Wind power penetration; Power control","NSFC-NRF, (61511140293)","Manuscript received May 2, 2017; revised August 19, 2017 and September 26, 2017; accepted September 30, 2017. Date of publication October 11, 2017; date of current version April 17, 2018. This work was supported in part by the NSFC-NRF cooperative program between China and Korea (No.61511140293),","Institute of Electrical and Electronics Engineers Inc.","Article","Scopus"
"Martinez-Rojas M.; Sumper A.; Gomis-Bellmunt O.; Sudrià-Andreu A.","Martinez-Rojas, Marcela (24767906900); Sumper, Andreas (24767852600); Gomis-Bellmunt, Oriol (15836509300); Sudrià-Andreu, Antoni (15837684300)","24767906900; 24767852600; 15836509300; 15837684300","Reactive power dispatch in wind farms using particle swarm optimization technique and feasible solutions search","2011","Applied Energy","104","10.1016/j.apenergy.2011.06.010","https://www.scopus.com/pages/publications/80052193580?origin=resultslist","Centre d'Innovacio Tecnològica en Convertidors Estàtics i Accionaments (CITCEA-UPC), Departament d'Enginyeria Elèctrica, Universitat Politècnica de Catalunya, EU d'Enginyeria Tècnica Industrial de Barcelona, 08036 Barcelona, C. Comte d'Urgell, 187, Pl. 2, Spain; Centre d'Innovacio Tecnològica en Convertidors Estàtics i Accionaments (CITCEA-UPC), Departament d'Enginyeria Elèctrica, Universitat Politècnica de Catalunya, ETS d'Enginyeria Industrial de Barcelona, 08028 Barcelona, Av. Diagonal, 647, Pl. 2, Spain; IREC, Catalonia Institute for Energy Research, Planta Baixa, 08019 Barcelona, C. Josep Pla, 2, edifici B2, Spain","Martinez-Rojas M., Centre d'Innovacio Tecnològica en Convertidors Estàtics i Accionaments (CITCEA-UPC), Departament d'Enginyeria Elèctrica, Universitat Politècnica de Catalunya, EU d'Enginyeria Tècnica Industrial de Barcelona, 08036 Barcelona, C. Comte d'Urgell, 187, Pl. 2, Spain; Sumper A., Centre d'Innovacio Tecnològica en Convertidors Estàtics i Accionaments (CITCEA-UPC), Departament d'Enginyeria Elèctrica, Universitat Politècnica de Catalunya, EU d'Enginyeria Tècnica Industrial de Barcelona, 08036 Barcelona, C. Comte d'Urgell, 187, Pl. 2, Spain, Centre d'Innovacio Tecnològica en Convertidors Estàtics i Accionaments (CITCEA-UPC), Departament d'Enginyeria Elèctrica, Universitat Politècnica de Catalunya, ETS d'Enginyeria Industrial de Barcelona, 08028 Barcelona, Av. Diagonal, 647, Pl. 2, Spain, IREC, Catalonia Institute for Energy Research, Planta Baixa, 08019 Barcelona, C. Josep Pla, 2, edifici B2, Spain; Gomis-Bellmunt O., Centre d'Innovacio Tecnològica en Convertidors Estàtics i Accionaments (CITCEA-UPC), Departament d'Enginyeria Elèctrica, Universitat Politècnica de Catalunya, EU d'Enginyeria Tècnica Industrial de Barcelona, 08036 Barcelona, C. Comte d'Urgell, 187, Pl. 2, Spain, Centre d'Innovacio Tecnològica en Convertidors Estàtics i Accionaments (CITCEA-UPC), Departament d'Enginyeria Elèctrica, Universitat Politècnica de Catalunya, ETS d'Enginyeria Industrial de Barcelona, 08028 Barcelona, Av. Diagonal, 647, Pl. 2, Spain, IREC, Catalonia Institute for Energy Research, Planta Baixa, 08019 Barcelona, C. Josep Pla, 2, edifici B2, Spain; Sudrià-Andreu A., Centre d'Innovacio Tecnològica en Convertidors Estàtics i Accionaments (CITCEA-UPC), Departament d'Enginyeria Elèctrica, Universitat Politècnica de Catalunya, EU d'Enginyeria Tècnica Industrial de Barcelona, 08036 Barcelona, C. Comte d'Urgell, 187, Pl. 2, Spain, Centre d'Innovacio Tecnològica en Convertidors Estàtics i Accionaments (CITCEA-UPC), Departament d'Enginyeria Elèctrica, Universitat Politècnica de Catalunya, ETS d'Enginyeria Industrial de Barcelona, 08028 Barcelona, Av. Diagonal, 647, Pl. 2, Spain, IREC, Catalonia Institute for Energy Research, Planta Baixa, 08019 Barcelona, C. Josep Pla, 2, edifici B2, Spain","In this paper, an optimization method for the reactive power dispatch in wind farms (WF) is presented. Particle swarm optimization (PSO), combined with a feasible solution search (FSSPSO) is applied in order to optimize the reactive power dispatch, taking into consideration the reactive power requirement at point of common coupling (PCC), while active power losses are minimized in a WF. The reactive power requirement at PCC is included as a restriction problem and is dealt with feasible solution search. Finally an individual set point, particular for each wind turbine (WT), is found. The algorithm is tested in a WF with 12 WTs, taking into consideration different control options and different active power output levels. © 2011 Elsevier Ltd.","Particle swarm optimization; Reactive power compensation; Wind farm","Electric fault currents; Electric utilities; Farms; Reactive power; Wind power; Active power loss; Active power output; Feasible solution; Optimization method; Particle swarm optimization technique; Point of common coupling; Reactive power compensation; Reactive power dispatch; Reactive power requirement; Setpoints; Wind farm; algorithm; feasibility study; optimization; wind power; wind turbine; wind velocity; Particle swarm optimization (PSO)","","","Elsevier Ltd","Article","Scopus"
"Bhattacharya A.; Bhardwaj V.; Mani B.K.; Dutt J.K.; Chatterjee R.","Bhattacharya, Anupam (57200521433); Bhardwaj, Vishal (22233547600); Mani, Brajesh K (22934924200); Dutt, Jayanta K (7003992738); Chatterjee, Ratnamala (35607588300)","57200521433; 22233547600; 22934924200; 7003992738; 35607588300","Strain-tunable triple point Fermions in diamagnetic rare-earth half-Heusler alloys","2021","Scientific Reports","14","10.1038/s41598-021-90850-y","https://www.scopus.com/pages/publications/85107591093?origin=resultslist","Department of Mechanical Engineering, Indian Institute of Technology Delhi, New Delhi, India; Department of Physics, Indian Institute of Technology Delhi, New Delhi, India","Bhattacharya A., Department of Mechanical Engineering, Indian Institute of Technology Delhi, New Delhi, India; Bhardwaj V., Department of Physics, Indian Institute of Technology Delhi, New Delhi, India; Mani B.K., Department of Physics, Indian Institute of Technology Delhi, New Delhi, India; Dutt J.K., Department of Mechanical Engineering, Indian Institute of Technology Delhi, New Delhi, India; Chatterjee R., Department of Physics, Indian Institute of Technology Delhi, New Delhi, India","Topologically non-trivial electronic structure is a feature of many rare-earth half-Heusler alloys, which host atoms with high spin-orbit coupling bringing in the non-triviality. In this article, using the first-principles simulations, rare-earth half-Heusler YPdBi, ScPdBi, LaPdBi, LuPdBi, YPtBi and LuPtBi alloys are studied under strain to reveal multiple band inversions associated with topological phase transitions. From our simulations we find that, as a result of first band-inversion, the Brillouin zone of the diamagnetic half-Heusler alloys hosts eight triple points whereas, the second band inversion causes the emergence of sixteen more triple points. These band-inversions are observed to be independent of the spin-orbit coupling and are the reason behind increasing occupation of bismuth 7s orbitals as volume of the unit cell increases. The surface electronic transport in different triple point semi-metallic phases is found to evolve under strain, as the number of Fermi arcs change due to multiple band inversions. Once the second band inversion occurs, further application of tensile strain does not increase the number of triple points and Fermi arcs. However, increasing tensile strain (or decreasing compressive strain) pushes the triple point crossing to higher momenta, making them more effective as source of highly mobile electrons. These observations make a pathway to tune the bulk as well as surface transport through these semi-metals by application of tensile or compressive strain depending on the unstrained relative band-inversion strength of the material. © 2021, The Author(s).","","","Ministry of Human Resource Development, MHRD, (RP03738G); Ministry of Human Resource Development, MHRD","A. Bhattacharya and V. Bhardwaj acknowledge MHRD India for financial support. The results presented in the paper are based on the computations using the High Performance Computing cluster, Padum, at IIT Delhi. Authors R. Chatterjee, A. Bhattacharya and V. Bhardwaj acknowledge the financial support received from the SPARC project #754 (RP03738G), funded by MHRD, India.","Nature Research","Article","Scopus"
"Baure G.; Dubarry M.","Baure, George (6506683844); Dubarry, Matthieu (14122893100)","6506683844; 14122893100","Durability and reliability of EV batteries under electric utility grid operations: Impact of frequency regulation usage on cell degradation","2020","Energies","23","10.3390/en13102494","https://www.scopus.com/pages/publications/85088921133?origin=resultslist","Hawai'i Natural Energy Institute, SOEST, University of Hawai'i at Manoa, 1680 East-West Road, POST 109, Honolulu, 96822, HI, United States","Baure G., Hawai'i Natural Energy Institute, SOEST, University of Hawai'i at Manoa, 1680 East-West Road, POST 109, Honolulu, 96822, HI, United States; Dubarry M., Hawai'i Natural Energy Institute, SOEST, University of Hawai'i at Manoa, 1680 East-West Road, POST 109, Honolulu, 96822, HI, United States","The usage of electric vehicle batteries to assist the main electric grid for the storage of energy provided by intermittent sources should become an essential tool to increase the penetration of green energies. However, this service induces additional usage on the cells and, therefore, could degrade them further. Since degradation is path-dependent, it is of paramount importance to test the impact of all the different grid applications on the batteries. In this work, we tested the additional usage induced by using electric vehicle batteries for frequency regulation at moderate rates during rest or charge and found no detrimental effect after around 2000 cycles on the cells. © 2020 by the authors. Licensee MDPI, Basel, Switzerland.","DQ/dV; DV/dQ; Electric vehicle; Frequency regulation; G2V; Lithium-ion; V2G","Automotive batteries; Electric utilities; Electric vehicles; Energy storage; Cell degradations; Electric grids; Electric utility grid; Electric vehicle batteries; EV battery; Frequency regulations; Green energy; Grid applications; Electric power transmission networks","Hawai'i Sustainable Energy Research Facility; Hawaiian Electric Company; State of Hawai'i; Office of Naval Research, ONR, (N00014-16-1-2116, N00014-17-1-2206)","Funding text 1: This work was funded by the ONR Asia Pacific Research Initiative for Sustainable Energy Systems, awards No. N00014-16-1-2116 and N00014-17-1-2206. M.D. also has support from the State of Hawai'i. The authors are grateful to the Hawaiian Electric Company for their past support to the operations of the Hawai'i Sustainable Energy Research Facility; Funding text 2: Funding: This work was funded by the ONR Asia Pacific Research Initiative for Sustainable Energy Systems, awards No. N00014-16-1-2116 and N00014-17-1-2206. M.D. also has support from the State of Hawai’i. The authors are grateful to the Hawaiian Electric Company for their past support to the operations of the Hawai’i Sustainable Energy Research Facility.","MDPI AG","Article","Scopus"
"Fu J.; Weber S.; Turn S.Q.","Fu, Jinxia (56226839800); Weber, Seren (58401906900); Turn, Scott Q. (7003813244)","56226839800; 58401906900; 7003813244","Comprehensive Characterization of Kukui Nuts as Feedstock for Energy Production in Hawaii","2023","ACS Omega","4","10.1021/acsomega.3c00860","https://www.scopus.com/pages/publications/85163491409?origin=resultslist","Hawaii Natural Energy Institute, University of Hawaii, Honolulu, 96822, HI, United States","Fu J., Hawaii Natural Energy Institute, University of Hawaii, Honolulu, 96822, HI, United States; Weber S., Hawaii Natural Energy Institute, University of Hawaii, Honolulu, 96822, HI, United States; Turn S.Q., Hawaii Natural Energy Institute, University of Hawaii, Honolulu, 96822, HI, United States","Fuel properties of oil-bearing kukui (Aleurites moluccana) nuts, a commonly found crop in Hawaii and tropical Pacific regions, were comprehensively studied to evaluate their potential for bioenergy production. Proximate and ultimate analyses, heating value, and elemental composition of the seed, shell, and de-oiled seed cake were determined across five sampling locations in Hawaii. The aged and freshly harvested kukui seeds were found to have similar oil contents, ranging from 61 to 64%wt. Aged seeds, however, have 2 orders of magnitude greater free fatty acids than those freshly harvested (50% vs 0.4%). The nitrogen content of the de-oiled kukui seed cake was found to be comparable to that of the soybean cake. Aging of kukui seeds can decrease the flashpoint temperature and increase the liquid-solid phase transition temperatures of kukui oil obtained. Mg and Ca are the major ash-forming elements present in the kukui shells, >80%wt of all metal elements detected, which may reduce deposition problems for thermochemical conversion in comparison with hazelnut, walnut, and almond shells. The study also revealed that kukui oil has similar characteristics to canola, indicating that it is well-suited for biofuel production. © 2023 The Authors. Published by American Chemical Society.","","","Hawaii Natural Energy Institute’s Energy Systems Development Special Fund; James Hileman and Nathan Brown; U.S. Federal Aviation Administration Office of Environment and Energy; Office of Naval Research, ONR, (N00014-18-1-2127); Federal Aviation Administration, FAA","This research was funded in part by the U.S. Federal Aviation Administration Office of Environment and Energy through ASCENT, the FAA Center of Excellence for Alternative Jet Fuels and the Environment, and Project 001 through FAA Award Number 13-C-AJFE-UH under the supervision of James Hileman and Nathan Brown. Funding was also provided by Hawaii’s Environmental Response, Energy, and Food Security Tax (HRS Section 243-3.5 “Barrel Tax”) through the Hawaii Natural Energy Institute’s Energy Systems Development Special Fund and the Office of Naval Research, Asia Pacific Research Initiative for Sustainable Energy Systems Program (Award No. N00014-18-1-2127). Any opinions, findings, conclusions, or recommendations expressed in this material are those of the authors and do not necessarily reflect the views of the FAA.","American Chemical Society","Article","Scopus"
"Marinescu B.; Gomis-Bellmunt O.; Dörfler F.; Schulte H.; Sigrist L.","Marinescu, Bogdan (6603026346); Gomis-Bellmunt, Oriol (15836509300); Dörfler, Florian (24922709400); Schulte, Horst (15925752000); Sigrist, Lukas (24759643300)","6603026346; 15836509300; 24922709400; 15925752000; 24759643300","Dynamic Virtual Power Plant: A New Concept for Grid Integration of Renewable Energy Sources","2022","IEEE Access","111","10.1109/ACCESS.2022.3205731","https://www.scopus.com/pages/publications/85139392353?origin=resultslist","Ecole Centrale Nantes-LS2N, Nantes, 44321, France; Universitat Politecnica de Catalunya (UPC), Centre d'Innovacio Tecnologica en Convertidors Estatics i Accionaments (CITCEA), Departament d'Enginyeria Electrica, Barcelona, 08028, Spain; ETH Zürich, Zürich, 8092, Switzerland; HTW Berlin, Berlin, 10318, Germany; Universidad Pontificia Comillas, IIT, ICAI, Madrid, 28015, Spain","Marinescu B., Ecole Centrale Nantes-LS2N, Nantes, 44321, France; Gomis-Bellmunt O., Universitat Politecnica de Catalunya (UPC), Centre d'Innovacio Tecnologica en Convertidors Estatics i Accionaments (CITCEA), Departament d'Enginyeria Electrica, Barcelona, 08028, Spain; Dörfler F., ETH Zürich, Zürich, 8092, Switzerland; Schulte H., HTW Berlin, Berlin, 10318, Germany; Sigrist L., Universidad Pontificia Comillas, IIT, ICAI, Madrid, 28015, Spain","The concept of Virtual Power Plant (VPP) has arisen over a decade ago from the relatively low competitiveness of the back then emerging non-dispatchable RES. A set of smaller generators imitates the behavior of large synchronous generators. So far, static aspects such as generation or slow dynamics have been of interest, as it is the case for the zonal secondary frequency control scheme in Spain, which can be viewed as a VPP. However, considering dynamic aspects is of high importance, especially to further increase the current penetration level of Renewable Energy Sources (RES). Indeed, one should deal with the full participation of RES in grid ancillary services. This means not only to get some positive impact on grid voltage and frequency dynamics but to bring concepts which allow integrating RES to existing secondary regulation schemes on the same level as classic synchronous generators. For that, we propose here a new concept called Dynamic VPP (DVPP) which fully integrates the dynamic aspects at all levels: locally (for each RES generator), globally (for grid ancillary services and interaction with other close-by elements of the grid) and economically (for internal optimal dispatch and participation in electricity markets). A DVPP is a set of dispatchable and non-dispatchable RES along with a set of common control and operation procedures. The latter procedures include the choice of dispatchable and non-dispatchable RES constituting the DVPP, the control of DVPP generators for local objectives and participation of the DVPP as a single unit in ancillary services (especially in case of loss of natural resources-e.g., wind, sun-on a part of the DVPP), the limitation of the risk of adversely interaction with close-by elements and the feasibility in both current power systems scenarios and future ones with large share of RES. This new DVPP framework and approaches developed for its implementation allows ensuring optimal operation of a mixed portfolio of dispatchable and non-dispatchable RES generators for planning, participation to the markets and real-time control. For the control, all time-scale dynamics are considered to improve RES management (internal re-dispatch inside the DVPP to take advantage of dispatchable/non-dispatchable nature of each RES and to optimally manage the lack of natural resources in some regions of the DVPP) and their participation to grid ancillary services. Concrete structures of DVPP as well as ways to address the other control and economical aspects will be shown. This new DVPP concept is now under development in the H2020 POSYTYF project (https://posytyf-h2020.eu/). © 2013 IEEE.","Grid ancillary services; grid integration; renewables; virtual power plant","Commerce; Electric load dispatching; Electric power system control; Electric power transmission networks; Natural resources; Renewable energy resources; Risk perception; Synchronous generators; Thermodynamic stability; Ancillary service; Frequency control; Generator; Grid ancillary service; Grid integration; Power distributions; Power grids; Power system dynamics; Power systems stability; Renewable energy source; Renewables; Virtual power plants; Virtual Power Plants","Horizon 2020 Framework Programme, H2020, (883985); Horizon 2020 Framework Programme, H2020","","Institute of Electrical and Electronics Engineers Inc.","Article","Scopus"
"Aminifar F.; Fotuhi-Firuzabad M.; Shahidehpour M.","Aminifar, Farrokh (23007475800); Fotuhi-Firuzabad, Mahmud (25957961700); Shahidehpour, Mohammad (6603715241)","23007475800; 25957961700; 6603715241","Unit commitment with probabilistic spinning reserve and interruptible load considerations","2009","IEEE Transactions on Power Systems","147","10.1109/TPWRS.2008.2008675","https://www.scopus.com/pages/publications/60149109045?origin=resultslist","Department of Electrical Engineering, Sharif University of Technology, Tehran, Iran; Electrical and Computer Engineering Department, Illinois Institute of Technology, Chicago, IL 60616, United States","Aminifar F., Department of Electrical Engineering, Sharif University of Technology, Tehran, Iran; Fotuhi-Firuzabad M., Department of Electrical Engineering, Sharif University of Technology, Tehran, Iran; Shahidehpour M., Electrical and Computer Engineering Department, Illinois Institute of Technology, Chicago, IL 60616, United States","This paper demonstrates how a probabilistic criterion could be explicitly integrated in the unit commitment (UC) formulation. Both spinning reserve and interruptible load are taken into account as the operating reserve facilities. Incorporating the interruption notice time of interruptible load involves some complexities in the evaluation procedure and problem formulation which is considered in this paper. The expected energy not supplied (EENS) is considered as a probabilistic criterion and a new method is proposed to calculate this index in the presence of interruptible load. The reliability-constrained unit commitment (RCUC) problem is formulated based on the mixed-integer programming (MIP) method that can be solved using large-scale commercial solvers. The effectiveness of the proposed formulation is examined using the IEEE-RTS. Numerical results are presented and the implementation issues are discussed. A number of analyses are examined to evaluate the impact of some important factors on the problem solution. © 2009 IEEE.","Interruptible load; Mixed-integer programming (MIP); Reliability-constrained unit commitment (RCUC); Spinning reserve","Dynamic programming; Electric load management; Plasma waves; Programming theory; Reliability; Commercial solvers; Expected energy not supplied; Interruptible load; Mixed-integer programming (MIP); Numerical results; Operating reserves; Probabilistic criterion; Problem formulations; Reliability-constrained unit commitment (RCUC); Spinning reserve; Integer programming","","","","Article","Scopus"
"Clausen A.; Koenig G.; Klingert S.; Ghatikar G.; Schwartz P.M.; Bates N.","Clausen, Anders (56239528100); Koenig, Gregory (9733533000); Klingert, Sonja (57209073674); Ghatikar, Girish (24366527100); Schwartz, Peter M. (57211589328); Bates, Natalie (55861564700)","56239528100; 9733533000; 57209073674; 24366527100; 57211589328; 55861564700","An analysis of contracts and relationships between supercomputing centers and electricity service providers","2019","ACM International Conference Proceeding Series","6","10.1145/3339186.3339209","https://www.scopus.com/pages/publications/85119581515?origin=resultslist","Energy Efficiency High-Performance, Working Group - Grid Integration","Clausen A., Energy Efficiency High-Performance, Working Group - Grid Integration; Koenig G., Energy Efficiency High-Performance, Working Group - Grid Integration; Klingert S., Energy Efficiency High-Performance, Working Group - Grid Integration; Ghatikar G., Energy Efficiency High-Performance, Working Group - Grid Integration; Schwartz P.M., Energy Efficiency High-Performance, Working Group - Grid Integration; Bates N., Energy Efficiency High-Performance, Working Group - Grid Integration","Increases in peak electricity demands and the growing use of renewable energy - - with associated intermittency and variable output - - present new challenges to electricity service providers (ESPs). ESPs employ demand charges, variable tariffs and demand response (DR) programs to influence the consumption behavior of consumers to partially mitigate these challenges. Due to their high load and potential flexibility, supercomputing centers (SCs) are increasingly gaining importance in the grid. This paper presents a qualitative study of service contracts between ESPs and SCs in the United States and Europe. From this we extract a contract typology used to understand how, and to what extent, variable tariffs, DR programs, and demand charges are imposed on SCs. Further, we highlight the actions taken by SCs in response to these contractual elements. Finally, we present perspectives on grid integration of SCs to enhance their collaboration with their ESPs to benefit supply stability and resilience. © 2019 ACM.","","Demand response programs; Electricity service; High load; High potential; Intermittency; Peak electricity demand; Qualitative study; Service provider; Supercomputing centers; Use of renewable energies; Consumer behavior","","","Association for Computing Machinery","Conference paper","Scopus"
"Darikas G.; Dubarry M.; Barai A.; Amor-Segan M.; Greenwood D.","Darikas, George (58820021600); Dubarry, Matthieu (14122893100); Barai, Anup (56151829100); Amor-Segan, Mark (35787945200); Greenwood, David (7102348846)","58820021600; 14122893100; 56151829100; 35787945200; 7102348846","Assessment of the Impact of Silicon on Loss of Active Material Quantification in Blended Silicon/Graphite Negative Electrodes","2025","Journal of the Electrochemical Society","3","10.1149/1945-7111/adfca1","https://www.scopus.com/pages/publications/105014317350?origin=resultslist","WMG, University of Warwick, Coventry, CV 4 7AL, United Kingdom; Hawai'i Natural Energy Institute, University of Hawai'i at Manoa, Honolulu, 96822, HI, United States","Darikas G., WMG, University of Warwick, Coventry, CV 4 7AL, United Kingdom; Dubarry M., Hawai'i Natural Energy Institute, University of Hawai'i at Manoa, Honolulu, 96822, HI, United States; Barai A., WMG, University of Warwick, Coventry, CV 4 7AL, United Kingdom; Amor-Segan M., WMG, University of Warwick, Coventry, CV 4 7AL, United Kingdom; Greenwood D., WMG, University of Warwick, Coventry, CV 4 7AL, United Kingdom","The growing demand for high-energy-density lithium-ion batteries in portable electronics, electric vehicles, and grid storage has accelerated the introduction of silicon-graphite blended electrodes in commercially available lithium-ion cells. Despite their commercial adoption and higher energy density, the widespread deployment of silicon-graphite (Si-Gr) composites is hindered by rapid degradation phenomena which limit both their calendar and cycle life. In this work, a novel diagnostic framework that enables the quantification and separation of silicon and graphite active material losses in blended electrodes is presented, based on differential voltage and incremental capacity analysis. Expanding upon the established methods for graphite electrodes, a novel silicon-specific IC diagnostic marker is proposed for the detection of silicon active material loss. The proposed method was validated using synthetic datasets generated from the alawa mechanistic modelling toolbox, simulating a broad range of degradation mode combinations and cell architectures. The results of this work underscore the potential of diagnostic decoupling in composite anode electrodes using derivative analysis and lay the groundwork for scalable health-monitoring strategies in next-generation high-energy lithium-ion batteries. © 2025 The Author(s). Published on behalf of The Electrochemical Society by IOP Publishing Limited.","batteries - Li-ion; battery ageing; degradation modes; differential voltage; incremental capacity; silicon-graphite blended anode","Charging (batteries); Graphite electrodes; Ions; Lithium-ion batteries; Silicon; Silicon batteries; Silicon compounds; Silicon detectors; Active material; Battery aging; Degradation mode; Differential voltage; Higher energy density; Incremental capacity; Ion batteries; Lithium ions; Material loss; Silicon-graphite blended anode; Anodes","AMEC; Argonne National Laboratory, ANL; Aerospace Technology Institute, ATI; UTAC UK Ltd.; Innovate UK, (10023201); Innovate UK","Funding text 1: This research was supported by UTAC UK Ltd.; and by the Aerospace Technology Institute (ATI) project titled \u201CAir Mobility Ecosystem Consortium (AMEC),\u201D Innovate UK project number 10023201. ; Funding text 2: This research was supported by UTAC UK Ltd.; and by the Aerospace Technology Institute (ATI) project titled \u201CAir Mobility Ecosystem Consortium (AMEC),\u201D Innovate UK project number 10023201. The authors are thankful to Marco-Tulio Rodrigues at Argonne National Laboratory for providing the pure silicon electrode data.","Institute of Physics","Article","Scopus"
"Fernando A.; Dubarry M.","Fernando, Alexa (58812425300); Dubarry, Matthieu (14122893100)","58812425300; 14122893100","Model-free emulation of the impact of kinetics and temperature on commercial Li-ion batteries","2025","Journal of Power Sources","3","10.1016/j.jpowsour.2025.237796","https://www.scopus.com/pages/publications/105009590909?origin=resultslist","University of Hawaiʻi at Mānoa, Hawaiʻi Natural Energy Institute, United States","Fernando A., University of Hawaiʻi at Mānoa, Hawaiʻi Natural Energy Institute, United States; Dubarry M., University of Hawaiʻi at Mānoa, Hawaiʻi Natural Energy Institute, United States","On-board battery diagnosis play an essential tool to ensure safe and reliable operation of battery systems. The accuracy of the diagnosis can however be significantly affected by the cell temperature as it will affect its voltage and thus some of the information fed to the battery management system. While calibration at different temperatures is possible, the required laboratory testing will be extensive. In this work, we implemented a methodology relating the impact of rate to the impact of temperature showing that the impact of higher rates is similar than of the impact of lower temperatures and inversely. This allowed to define a simple set of equations enabling the emulation of the cells’ electrochemical response at different temperature without the need for any complex battery model. © 2025 Elsevier B.V.","Incremental capacity; Kinetics; Li-ion; Rate; Temperature","Battery management systems; Costs; Information management; Lithium-ion batteries; Management information systems; Battery systems; Cell's temperatures; Incremental capacity; Ion batteries; Li-ion; Model free; On-board batteries; Rate; Reliable operation; Safe operation; Temperature","Office of Naval Research, ONR, (N00014-22-1-2045, N00014-21-1-2250); Office of Naval Research, ONR","This research was funded by ONR grand number # N00014-21-1-2250 and N00014-22-1-2045 . ","Elsevier B.V.","Article","Scopus"
"Santos M.I.; Uturbey W.","Santos, Maria Izabel (57201744880); Uturbey, Wadaed (16305551000)","57201744880; 16305551000","A practical model for energy dispatch in cogeneration plants","2018","Energy","18","10.1016/j.energy.2018.03.057","https://www.scopus.com/pages/publications/85046027273?origin=resultslist","Graduate Program in Electrical Engineering, Universidade Federal de Minas Gerais, Av. Antônio Carlos 6627, Pampulha, Belo Horizonte, 31270-901, MG, Brazil; Electrical Engineering Department, Universidade Federal de Minas Gerais, Av. Antônio Carlos 6627, Pampulha, Belo Horizonte, 31270-010, MG, Brazil","Santos M.I., Graduate Program in Electrical Engineering, Universidade Federal de Minas Gerais, Av. Antônio Carlos 6627, Pampulha, Belo Horizonte, 31270-901, MG, Brazil; Uturbey W., Electrical Engineering Department, Universidade Federal de Minas Gerais, Av. Antônio Carlos 6627, Pampulha, Belo Horizonte, 31270-010, MG, Brazil","This paper focuses on the development of a dispatch model for cogeneration systems in industrial plants. The proposed model schedules thermal and electrical outputs of the cogeneration units by minimizing total operating costs in the plant while satisfying operational constraints. The work presents a practical model that depends on easily available data in the industrial environment, i.e., efficiency data available from equipment manufacturers or machine tests. The power to heat ratio is modeled using equipment efficiency data that depends on the cogeneration unit output. This approach allows to represent feasibility regions and supplementary firings without complex thermodynamic relations that require additional data. In order to illustrate the application of the model in real systems, a potassium production plant in Brazil is studied. This case study involves two cogeneration units with supplementary firings and a boiler. Results indicate that the model allows obtaining a dispatch strategy with reduced operating costs when compared with the traditional planning used by plant operators. Three scenarios are simulated and cost savings obtained with the optimized strategy vary between 2.0% and 4.0%, when compared with the corresponding unplanned strategy. © 2018 Elsevier Ltd","Cogeneration cost model; Combined heat and power; Economic dispatch; Power to heat ratio","Brazil; Costs; Electric load dispatching; Industrial plants; Operating costs; Scheduling; Combined heat and power; Complex thermodynamics; Cost modeling; Economic Dispatch; Equipment manufacturers; Heat ratio; Industrial environments; Operational constraints; cogeneration; combined heat and power; cost analysis; economic conditions; efficiency measurement; electrical power; energy planning; numerical model; operations technology; power plant; strategic approach; thermal power; thermodynamics; Cogeneration plants","","","Elsevier Ltd","Article","Scopus"
"Mellit A.; Eleuch H.; Benghanem M.; Elaoun C.; Pavan A.M.","Mellit, A. (16176161900); Eleuch, H. (57210082709); Benghanem, M. (6603912941); Elaoun, C. (35733741700); Pavan, A. Massi (57219351670)","16176161900; 57210082709; 6603912941; 35733741700; 57219351670","An adaptive model for predicting of global, direct and diffuse hourly solar irradiance","2010","Energy Conversion and Management","129","10.1016/j.enconman.2009.10.034","https://www.scopus.com/pages/publications/75449088043?origin=resultslist","Department of Electronics, Faculty of Sciences Engineering, LAMEL, Ouled-Aissa, Jijel 18000, P.O. Box 98, Algeria; Institut National des Sciences Appliquées et de Technologie, Zone Urbaine, Nord Tunis, Tunisia, Cedex 1080, B.P. 676, Tunisia; Department of Physics, Faculty of Sciences, Taibah University, Madinah, P.O. Box 344, Saudi Arabia; Laboratoire Cristal, Ecole Nationale des Sciences de l'informatique, Université de Mandouba, 210 Mandouba, Tunisia; Department of Materials and Natural Resources, University of Trieste, 34127 Trieste, Via A. Valerio, 2, Italy","Mellit A., Department of Electronics, Faculty of Sciences Engineering, LAMEL, Ouled-Aissa, Jijel 18000, P.O. Box 98, Algeria; Eleuch H., Institut National des Sciences Appliquées et de Technologie, Zone Urbaine, Nord Tunis, Tunisia, Cedex 1080, B.P. 676, Tunisia; Benghanem M., Department of Physics, Faculty of Sciences, Taibah University, Madinah, P.O. Box 344, Saudi Arabia; Elaoun C., Laboratoire Cristal, Ecole Nationale des Sciences de l'informatique, Université de Mandouba, 210 Mandouba, Tunisia; Pavan A.M., Department of Materials and Natural Resources, University of Trieste, 34127 Trieste, Via A. Valerio, 2, Italy","In this paper, an adaptive model for predicting hourly global, diffuse and direct solar irradiance is described. A dataset of measured air temperature, relative humidity, direct, diffuse and global horizontal irradiance for Jeddah site (Saudi Arabia) were used in this study. Several combinations have been proposed, and the best performance is obtained by using sunshine duration, air temperature and relative humidity as inputs of the developed adaptive α-model. A good agreement between measured and predicted data is obtained. In fact, the correlation coefficient is more than 97% and the mean bias error is less than 0.8. A comparison between a Feed-Forward Neural Network (FFNN) and the adaptive proposed model is presented in order to demonstrate his performance. © 2009 Elsevier Ltd. All rights reserved.","Modeling; Neural network; Prediction; Solar irradiance","Atmospheric humidity; Atmospheric temperature; Moisture; Solar radiation; Adaptive models; Air temperature; Correlation coefficient; Data sets; Direct solar; Mean bias errors; Relative humidities; Saudi Arabia; Solar irradiances; Sunshine duration; Neural networks","","","","Article","Scopus"
"Green A.; Diep C.; Dunn R.; Dent J.","Green, A. (56896660000); Diep, C. (56897024600); Dunn, R. (56896740400); Dent, J. (56896836000)","56896660000; 56897024600; 56896740400; 56896836000","High Capacity Factor CSP-PV Hybrid Systems","2015","Energy Procedia","91","10.1016/j.egypro.2015.03.218","https://www.scopus.com/pages/publications/84943623996?origin=resultslist","SolarReserve LLC, 2425 Olympic Blvd, Santa Monica, 90404, CA, United States","Green A., SolarReserve LLC, 2425 Olympic Blvd, Santa Monica, 90404, CA, United States; Diep C., SolarReserve LLC, 2425 Olympic Blvd, Santa Monica, 90404, CA, United States; Dunn R., SolarReserve LLC, 2425 Olympic Blvd, Santa Monica, 90404, CA, United States; Dent J., SolarReserve LLC, 2425 Olympic Blvd, Santa Monica, 90404, CA, United States","Tower concentrating systems with direct molten salt heat transfer and storage can deploy particularly inexpensive and scalable thermal storage, enabling cost-effective 24-hour generation using only solar energy. While typical capacity factors (CFs) for intermittent renewables are generally between 20% and 40%, the SolarReserve Crescent Dunes project will offer above 50%. This paper discusses how SolarReserve's CSP technology can cost-effectively produce a CF over 80%, and when hybridized with PV, can raise the CF further to roughly 90%. A detailed operational model of a hybrid system in Chile's Atacama Desert was produced, using localized data on weather and interconnection capacity, to illustrate this capability. Analysis of high CF CSP-PV hybrids leads to three important conclusions. First, it was found that effective configuration of high CF systems supported selection of fixed-tilt PV at a high angle, which is optimized for winter generation in order to minimize seasonal differences. Second, when a dispatch strategy was developed which incorporated multiple priority levels and which dispatched CSP in response to PV output, it enabled higher CF CSP-PV hybrid operations than the CSP accomplished alone. Third, it was found that average annual DNI was not a sufficient metric of solar resource, and that seasonal variability and consolidation of non-optimal days were also important to high CF designs. New metrics for solar resource measurement are proposed and discussed. © 2015 The Authors. Published by Elsevier Ltd.","CSP-PV Hybrid; High Capacity Factor; Smart Dispatch","Cost effectiveness; Digital storage; Heat storage; Heat transfer; Hybrid systems; CSP-PV Hybrid; High capacity; Hybrid operations; Interconnection capacity; Intermittent renewables; Seasonal differences; Seasonal variability; Smart Dispatch; Solar energy","","","Elsevier Ltd","Conference paper","Scopus"
"Dave P.; Bhushan M.; Venkataraman C.","Dave, P. (57193732057); Bhushan, M. (7005277010); Venkataraman, C. (7005129538)","57193732057; 7005277010; 7005129538","Absorbing aerosol influence on temperature maxima: An observation based study over India","2020","Atmospheric Environment","29","10.1016/j.atmosenv.2019.117237","https://www.scopus.com/pages/publications/85077313142?origin=resultslist","Interdisciplinary Programme in Climate Studies, Indian Institute of Technology Bombay, Mumbai, 400076, India; Department of Chemical Engineering, Indian Institute of Technology Bombay, Mumbai, 400076, India","Dave P., Interdisciplinary Programme in Climate Studies, Indian Institute of Technology Bombay, Mumbai, 400076, India; Bhushan M., Interdisciplinary Programme in Climate Studies, Indian Institute of Technology Bombay, Mumbai, 400076, India, Department of Chemical Engineering, Indian Institute of Technology Bombay, Mumbai, 400076, India; Venkataraman C., Interdisciplinary Programme in Climate Studies, Indian Institute of Technology Bombay, Mumbai, 400076, India, Department of Chemical Engineering, Indian Institute of Technology Bombay, Mumbai, 400076, India","Increasing trends in summer-time temperature maxima (Tmax) over India, show consequent increases in the intensity and frequency of heatwave events in recent years. Heat waves have been largely attributed to large-scale meteorological blocking, characterized by subsidence, clear skies and low soil moisture, in observational studies, or greenhouse gas enhancements in model studies. While radiative effects of absorbing aerosols are acknowledged, the association of absorbing aerosols with temperature maxima has not been investigated comprehensively. In the current study, statistical tools (such as correlation and Granger causality) were applied to long term (1979–2013) satellite and ground based observations to evaluate influence of absorbing aerosols on Tmax in north-west India (Tmax-NW). Regional absorbing aerosol index (AAI) in the north-west (AAI-NW) and central-India (AAI-CI) showed co-variability with Tmax-NW, implying connections to both local and non-local absorbing aerosols. The effects persisted on seasonal and heatwave event scales, becoming stronger on heatwave days with presence of enhanced AAI loadings. Causal effects of AAI-NW and AAI-CI were identified on Tmax-NW with a lag of 1–11 days, across multiple years, thereby establishing the influence of absorbing aerosols on heatwave events. The absence of confounding effects of surface pressure on these links suggests that, even during heat wave events linked to atmospheric blocking, absorbing aerosols can further enhance temperature maxima and related heatwave intensity. © 2019 Elsevier Ltd","Absorbing aerosols; Granger causality; Surface temperature maxima","India; Aerosols; Climatology; Greenhouse gases; Soil moisture; Statistical mechanics; Statistical tests; Absorbing aerosol; Absorbing aerosol indices; Atmospheric blocking; Granger Causality; Ground-based observations; Observational study; Statistical tools; Surface temperatures; absorption; aerosol; greenhouse gas; heat wave; observational method; soil moisture; surface pressure; surface temperature; temperature effect; aerosol; article; heat; India; observational study; Atmospheric temperature","Centre of Excellence in Climate Studies; DST-CoECS; NCAP-COALESCE, (14/10/2014 - CC); National Aeronautics and Space Administration, NASA; Indian Institute of Technology Bombay, IITB; Department of Science and Technology, Government of Kerala; Ministry of Environment, Forest and Climate Change, MoEFCC","Funding text 1: The Centre of Excellence in Climate Studies project grant at IIT Bombay , from the Department of Science and Technology (DST-CoECS) , supported computing systems and assistantship for Prashant Dave. CV acknowledges partial support from the NCAP-COALESCE project (No. 14/10/2014 - CC , Vol II) funded by the Ministry of Environment, Forests and Climate Change . We would also like to acknowledge R Core Team, 2018 . The AAI data were downloaded from the following NASA website: https://giovanni.gsfc.nasa.gov/giovanni/ .  Appendix A ; Funding text 2: The Centre of Excellence in Climate Studies project grant at IIT Bombay, from the Department of Science and Technology (DST-CoECS), supported computing systems and assistantship for Prashant Dave. CV acknowledges partial support from the NCAP-COALESCE project (No. 14/10/2014-CC, Vol II) funded by the Ministry of Environment, Forests and Climate Change. We would also like to acknowledge R Core Team, 2018. The AAI data were downloaded from the following NASA website:https://giovanni.gsfc.nasa.gov/giovanni/.","Elsevier Ltd","Article","Scopus"
"Virji M.; Randolf G.; Ewan M.; Rocheleau R.","Virji, M. (13411595800); Randolf, G. (15019879100); Ewan, M. (36343195200); Rocheleau, R. (7003457389)","13411595800; 15019879100; 36343195200; 7003457389","Analyses of hydrogen energy system as a grid management tool for the Hawaiian Isles","2020","International Journal of Hydrogen Energy","37","10.1016/j.ijhydene.2020.01.070","https://www.scopus.com/pages/publications/85079424566?origin=resultslist","Hydrogen and Renewable Energy System Analysis (H2RESA), Pickering, L1X 1R1, Ontario, Canada; GRandalytics, Honolulu, 96822, HI, United States; Hawaii Natural Energy Institute, University of Hawaii-Manoa, Honolulu, 96822, HI, United States","Virji M., Hydrogen and Renewable Energy System Analysis (H2RESA), Pickering, L1X 1R1, Ontario, Canada; Randolf G., GRandalytics, Honolulu, 96822, HI, United States; Ewan M., Hawaii Natural Energy Institute, University of Hawaii-Manoa, Honolulu, 96822, HI, United States; Rocheleau R., Hawaii Natural Energy Institute, University of Hawaii-Manoa, Honolulu, 96822, HI, United States","One of the objectives of the research project at Hawaii Natural Energy Institute (HNEI) is to demonstrate long-term durability of the electrolyzer when operated under cyclic operation for frequency regulation on an Island grid system. In this paper, a Hydrogen Energy System with an electrolyzer is analyzed as a potential grid management tool. A simulation tool developed with a validated model of the hydrogen energy system and Island of Hawaii grid model is presented and employed for this investigation. The simulation study uses realistic measured solar and wind power profiles to understand what optimal electrolyzer size would be required to achieve the maximum level of grid frequency stabilization. The simulation results give insight into critical information when designing a hydrogen energy system for grid management applications and the economic impact it has when operated as a pure grid management scheme or as a limitless hydrogen production system. © 2020 Hydrogen Energy Publications LLC","Electrolyzer; Grid management; Hydrogen; Hydrogen energy system; Renewable energy","Electrolytic cells; Hydrogen; Hydrogen production; Information management; Wind power; Electrolyzers; Frequency regulations; Grid management; Hydrogen energy systems; Hydrogen production systems; Long term durability; Renewable energies; Simulation studies; Energy management systems","DOE Fuel Cell Technology Office; Hawaii Center for Advanced Transportation Technologies; Hawaii Mass Transit Agency; Office of Naval Research, ONR; Fuel Cell Technologies Office, FCTO","Funding text 1: In addition to original funding from the US DOE Fuel Cell Technology Office, other funding for this project was provided by the Office of Naval Research and the State of Hawaii. NELHA provided funding for the development of the site infrastructure design and engineering, and is taking on the task of managing the installation of the site improvements. US Hybrid and the Hawaii Center for Advanced Transportation Technologies (HCATT) provided cost sharing for the conversion of the County of Hawaii Mass Transit Agency bus by US Hybrid.; Funding text 2: In addition to original funding from the US DOE Fuel Cell Technology Office , other funding for this project was provided by the Office of Naval Research and the State of Hawaii . NELHA provided funding for the development of the site infrastructure design and engineering, and is taking on the task of managing the installation of the site improvements. US Hybrid and the Hawaii Center for Advanced Transportation Technologies (HCATT) provided cost sharing for the conversion of the County of Hawaii Mass Transit Agency bus by US Hybrid.","Elsevier Ltd","Article","Scopus"
"Basmadjian R.; Botero J.F.; Giuliani G.; Hesselbach X.; Klingert S.; De Meer H.","Basmadjian, Robert (17433324400); Botero, Juan Felipe (35186051500); Giuliani, Giovanni (36847753100); Hesselbach, Xavier (8845369200); Klingert, Sonja (57209073674); De Meer, Hermann (8905799500)","17433324400; 35186051500; 36847753100; 8845369200; 57209073674; 8905799500","Making Data Centers Fit for Demand Response: Introducing GreenSDA and GreenSLA Contracts","2018","IEEE Transactions on Smart Grid","40","10.1109/TSG.2016.2632526","https://www.scopus.com/pages/publications/85049013763?origin=resultslist","Department of Computer Networks and Communications, Universität Passau, Passau, 94032, Germany; Department of Electronic and Telecommunications Engineering, Universidad de Antioquia, Medellín, 050010, Colombia; HPE Italy Innovation Center, Milan, 20063, Italy; Department of Networks Engineering, Universitat Politecnica de Catalunya, Barcelona, 08034, Spain; University of Mannheim, Mannheim, B101, Germany","Basmadjian R., Department of Computer Networks and Communications, Universität Passau, Passau, 94032, Germany; Botero J.F., Department of Electronic and Telecommunications Engineering, Universidad de Antioquia, Medellín, 050010, Colombia; Giuliani G., HPE Italy Innovation Center, Milan, 20063, Italy; Hesselbach X., Department of Networks Engineering, Universitat Politecnica de Catalunya, Barcelona, 08034, Spain; Klingert S., University of Mannheim, Mannheim, B101, Germany; De Meer H., Department of Computer Networks and Communications, Universität Passau, Passau, 94032, Germany","The power grid has become a critical infrastructure, which modern society cannot do without. It has always been a challenge to keep power supply and demand in balance; the more so with the recent rise of intermittent renewable energy sources. Demand response (DR) schemes are one of the counter measures, traditionally employed with large industrial plants. This paper suggests to consider data centers (DCs) as candidates for DR as they are large energy consumers and as they are able to adapt their power profile sufficiently well. To unlock this potential, we suggest a system of contracts that regulate collaboration and economic incentives between the DC and its energy supplier (GreenSDA) as well as between the DC and its customers (GreenSLA). Several presented use cases serve to validate the suitability of DCs for DR schemes. © 2010-2012 IEEE.","Demand response; energy management; green service level (supply demand) agreements; smart grid","Economics; Electric power transmission networks; Energy management; Industrial plants; Renewable energy resources; Data center (DCs); Demand response; Economic incentive; Energy consumer; Energy suppliers; Renewable energy source; Smart grid; Supply-demand; Smart power grids","7th Framework Programme, (288674, FP7-ICT-2011.6.2); European Commission, EC; Bayerisches Staatsministerium für Wirtschaft und Medien, Energie und Technologie, (TSG-01394-2015)","Manuscript received November 4, 2015; revised April 26, 2016 and September 9, 2016; accepted November 6, 2016. Date of publication November 23, 2016; date of current version June 19, 2018. This work was supported in part by the European Commission’s All4Green Project under the 7th Framework Programme under Grant 288674 and Grant FP7-ICT-2011.6.2, and in part by the East-Bavarian Centre of Internet Competence through the Bavarian Ministry of Economic Affairs and Media, Energy and Technology. Paper no. TSG-01394-2015.","Institute of Electrical and Electronics Engineers Inc.","Article","Scopus"
"Carter R.; Kingston T.A.; Atkinson R.W., III; Parmananda M.; Dubarry M.; Fear C.; Mukherjee P.P.; Love C.T.","Carter, Rachel (56114390500); Kingston, Todd A. (57212527243); Atkinson, Robert W. (57202277816); Parmananda, Mukul (57222528609); Dubarry, Matthieu (14122893100); Fear, Conner (57202781900); Mukherjee, Partha P. (57207291331); Love, Corey T. (7102181923)","56114390500; 57212527243; 57202277816; 57222528609; 14122893100; 57202781900; 57207291331; 7102181923","Directionality of thermal gradients in lithium-ion batteries dictates diverging degradation modes","2021","Cell Reports Physical Science","103","10.1016/j.xcrp.2021.100351","https://www.scopus.com/pages/publications/85103024581?origin=resultslist","Chemistry Division, U.S. Naval Research Laboratory, Washington, DC, 20375, United States; NRC/NRL Cooperative Research Associate, U.S. Naval Research Laboratory, Washington, DC, 20375, United States; EXCET, Inc., Springfield, 22151, VA, United States; School of Mechanical Engineering, Purdue University, West Lafayette, 47097, IN, United States; School of Ocean and Earth Science and Technology, Hawaii Natural Energy Institute, Honolulu, 96822, HI, United States","Carter R., Chemistry Division, U.S. Naval Research Laboratory, Washington, DC, 20375, United States; Kingston T.A., Chemistry Division, U.S. Naval Research Laboratory, Washington, DC, 20375, United States, NRC/NRL Cooperative Research Associate, U.S. Naval Research Laboratory, Washington, DC, 20375, United States; Atkinson R.W., III, EXCET, Inc., Springfield, 22151, VA, United States; Parmananda M., School of Mechanical Engineering, Purdue University, West Lafayette, 47097, IN, United States; Dubarry M., School of Ocean and Earth Science and Technology, Hawaii Natural Energy Institute, Honolulu, 96822, HI, United States; Fear C., School of Mechanical Engineering, Purdue University, West Lafayette, 47097, IN, United States; Mukherjee P.P., School of Mechanical Engineering, Purdue University, West Lafayette, 47097, IN, United States; Love C.T., Chemistry Division, U.S. Naval Research Laboratory, Washington, DC, 20375, United States","Carter et al. demonstrate that Li-ion batteries operating at elevated temperature exhibit rapid degradation with the presence of interelectrode thermal gradients. Using incremental capacity analysis and simulations as well as postmortem electrochemical and optical analyses, it is determined that the directionality of the interelectrode thermal gradient dictates whether degradation is prominent at the positive or negative electrode. © 2021; Intentionally applied interelectrode thermal gradients (ITGs) accelerate capacity loss in 35°C cells, and the directionality of the thermal gradient dictates the responsible degradation mode. By simulating cell self-heating at various temperatures and C-rates, we identify 35°C and C/5 as a condition that does not typically exhibit lithium (Li) plating under isothermal conditions but is sensitive to thermal gradients. When subjected to an ITG, we observe 77% capacity fade over 20 cycles when the negative electrode (NE) is warmer than the positive electrode (PE) (ΔTint = +2°C) and 100% capacity fade when the PE is warmer than the NE (ΔTint = −2°C). Incremental capacity analysis diagnoses PE degradation for ΔTint = +2°C and NE degradation for ΔTint = −2°C. Electrochemical impedance spectroscopy and postmortem optical investigation corroborate these findings. We identify ITGs as a means to achieve accelerated aging of Li-ion cells with the capability to dictate a limiting electrode and/or decouple degradation of each electrode. © 2021","accelerated aging; capacity loss; Li-ion battery; thermal gradient; ultrafast charging","","Navy Undersea Research Program, (N00014-17-1-2942); Office of Naval Research, ONR, (N0001420WX00831); Office of Naval Research, ONR; U.S. Naval Research Laboratory, NRL; National Research Council, NRC","The authors thank Dr. Michele Anderson (Office of Naval Research, grant N0001420WX00831) for financial support of this work. C.F. is supported by the Navy Undersea Research Program managed by Maria Medeiros (Office of Naval Research, grant N00014-17-1-2942). T.A.K. performed this research while holding an NRC Research Associateship award at the U.S. Naval Research Laboratory. The authors acknowledge Dr. Karen Swider-Lyons for technical discussion and support. R.C. conceived the idea with C.T.L. and performed initial experiments. T.A.K. built the test facility and performed cell instrumentation and thermal and electrochemical experimentation. R.W.A. and R.C. performed cell fabrication. T.A.K. and R.C. performed data analysis. M.P. simulated battery self-heating and Li plating propensity, and C.F. assisted with these simulations. M.D. simulated and analyzed experimental IC curves for distinct degradation modes. R.W.A. performed and analyzed postmortem EIS and optical microscopy and assisted with experimentation. C.T.L. and P.P.M. supervised, provided resources, and assisted with experimental design and data interpretation. R.C. and T.A.K. wrote the original draft of the manuscript, and all other authors assisted with editing. The authors declare no competing interests.","Cell Press","Article","Scopus"
"Palm D.W.; Muzzillo C.P.; Ben-Naim M.; Khan I.; Gaillard N.; Jaramillo T.F.","Palm, David W. (56996908700); Muzzillo, Christopher P. (25645256300); Ben-Naim, Micha (56646259700); Khan, Imran (57221001467); Gaillard, Nicolas (23987766200); Jaramillo, Thomas F. (6603398169)","56996908700; 25645256300; 56646259700; 57221001467; 23987766200; 6603398169","Tungsten oxide-coated copper gallium selenide sustains long-term solar hydrogen evolution","2021","Sustainable Energy and Fuels","13","10.1039/d0se00487a","https://www.scopus.com/pages/publications/85100156129?origin=resultslist","Department of Chemical Engineering, Stanford University, 443 Via Ortega, Stanford, 94305, CA, United States; National Renewable Energy Laboratory, 15013 Denver W Pkwy, Golden, 80401, CO, United States; Hawaii Natural Energy Institute (HNEI), University of Hawaii, 1680 East-West Rd POST 109, Honolulu, 96822, HI, United States; SUNCAT Center for Interface Science and Catalysis, SLAC National Accelerator Laboratory, 2575 Sand Hill Road, Menlo Park, 94025, CA, United States","Palm D.W., Department of Chemical Engineering, Stanford University, 443 Via Ortega, Stanford, 94305, CA, United States; Muzzillo C.P., National Renewable Energy Laboratory, 15013 Denver W Pkwy, Golden, 80401, CO, United States; Ben-Naim M., Department of Chemical Engineering, Stanford University, 443 Via Ortega, Stanford, 94305, CA, United States; Khan I., National Renewable Energy Laboratory, 15013 Denver W Pkwy, Golden, 80401, CO, United States; Gaillard N., Hawaii Natural Energy Institute (HNEI), University of Hawaii, 1680 East-West Rd POST 109, Honolulu, 96822, HI, United States; Jaramillo T.F., Department of Chemical Engineering, Stanford University, 443 Via Ortega, Stanford, 94305, CA, United States, SUNCAT Center for Interface Science and Catalysis, SLAC National Accelerator Laboratory, 2575 Sand Hill Road, Menlo Park, 94025, CA, United States","This work demonstrates that ultrathin (4 nm) tungsten oxide (WO3) coatings on copper gallium selenide (CuGa3Se5) photocathodes have the potential for long-term solar hydrogen evolution. With a combination of a robust 1.84 eV CuGa3Se5 absorber layer, a WO3 protective coating, and a Pt catalyst, we obtain a new durability milestone for any non-silicon photoelectrochemical hydrogen-producing device by passing 21 490 C cm-2 of charge across six weeks of continuously-illuminated chronoamperometric testing under applied bias. © 2021 The Royal Society of Chemistry.","","Durability; Field emission cathodes; Gallium compounds; Hydrogen; Layered semiconductors; Oxides; Protective coatings; Selenium compounds; Tungsten compounds; Absorber layers; Applied bias; Gallium selenides; Non-silicon; Photoelectrochemical hydrogen; Pt catalysts; Solar hydrogen; Tungsten oxide; catalysis; catalyst; coating; electrochemistry; hydrogen; oxide group; photochemistry; platinum; Copper compounds","National Renewable Energy Laboratory, NREL; U.S. Department of Energy Office of Energy Efficiency and Renewable Energy; National Science Foundation, NSF, (1542152, ECCS-1542152); Office of Energy Efficiency and Renewable Energy, Hydrogen and Fuel Cell Technologies Office, (DE-EE0006670); U.S. Department of Energy, USDOE, (DE-AC36-08GO28308)","The authors gratefully acknowledge research support from the HydroGEN Advanced Water Splitting Materials Consortium, established as part of the Energy Materials Network under the U.S. Department of Energy, Office of Energy Efficiency and Renewable Energy, Hydrogen and Fuel Cell Technologies Office, under Contract DE-EE0006670 administrated by the University of Hawaii. This work was authored in part by the National Renewable Energy Laboratory, operated by Alliance for Sustainable Energy, LLC, for the U.S. DOE under Contract No. DE-AC36-08GO28308. Funding provided by the U.S. Department of Energy Office of Energy Efficiency and Renewable Energy. The views expressed in the article do not necessarily represent the views of the DOE or the U.S. Government. The U.S. Government retains and the publisher, by accepting the article for publication, acknowledges that the U.S. Government retains a nonexclusive, paid-up, irrevocable, worldwide license to publish or reproduce the published form of this work, or allow others to do so, for U.S. Government purposes. Materials characterization contained in this work was performed at the Stanford Nano Shared Facilities (SNSF), supported by the National Science Foundation under Award ECCS-1542152. Coating depositions were conducted at the Stanford Nanofabrication Facility (SNF) with guidance from the team there, especially staff scientist Dr Michelle Rincon and lab member Dr J. Provine. Thanks to Alex DeAngelis and Dr Ivan Moreno-Hernandez for discussions leading to the development of the coating strategy presented here, and to Dr James Young for a discussion of best practices in PEC durability testing. Thanks to Dr Pongkarn Chakthranont for contributing the three-dimensional device schematic and Joel Sanchez for help in adapting it. Finally, D. W. P. would like to thank the National Science Foundation for its support through the Graduate Research Fellowship Program.","Royal Society of Chemistry","Article","Scopus"
"Hatziargyriou N.; Milanovic J.; Rahmann C.; Ajjarapu V.; Canizares C.; Erlich I.; Hill D.; Hiskens I.; Kamwa I.; Pal B.; Pourbeik P.; Sanchez-Gasca J.; Stankovic A.; Van Cutsem T.; Vittal V.; Vournas C.","Hatziargyriou, Nikos (35548793600); Milanovic, Jovica (35508147600); Rahmann, Claudia (35090386600); Ajjarapu, Venkataramana (35582793200); Canizares, Claudio (7005168966); Erlich, Istvan (6602084207); Hill, David (35398599500); Hiskens, Ian (7006588301); Kamwa, Innocent (7005147273); Pal, Bikash (55835710000); Pourbeik, Pouyan (55897192000); Sanchez-Gasca, Juan (7003597983); Stankovic, Aleksandar (57218886189); Van Cutsem, Thierry (7004004510); Vittal, Vijay (7005746413); Vournas, Costas (56227833100)","35548793600; 35508147600; 35090386600; 35582793200; 7005168966; 6602084207; 35398599500; 7006588301; 7005147273; 55835710000; 55897192000; 7003597983; 57218886189; 7004004510; 7005746413; 56227833100","Definition and Classification of Power System Stability - Revisited & Extended","2021","IEEE Transactions on Power Systems","1354","10.1109/TPWRS.2020.3041774","https://www.scopus.com/pages/publications/85097939393?origin=resultslist","National Technical University of Athens, Athens, 157 73, Greece; University of Manchester, Manchester, M13 9PL, United Kingdom; University of Chile, Santiago, N2L 3G1, CL, Chile; Iowa State University, Ames, 50011, IA, United States; University of Waterloo, Waterloo, ON, Canada; University of Duisburg-Essen, Duisburg, 47057, Germany; University of Hong Kong, Hong Kong; University of Michigan, Ann Arbor, 48109, MI, United States; Hydro-Quebec's Research Institute, Varennes, J3X 1S1, QC, Canada; Imperial College of Science, Tecnology and Medicine, London, SW7-2BT, United Kingdom; Power and Energy, Analysis, Consulting and Education, PLLC, Flower Mound, 75028, TX, United States; GE Schenectady, New York, 12345, United States; Tufts University, Medford, 02155, MA, United States; University of Lige, Lige, 4000, Belgium; Arizona State University, Tempe, 85287-5706, AZ, United States; National Technical University of Athens, Papagou, 15669, Greece","Hatziargyriou N., National Technical University of Athens, Athens, 157 73, Greece; Milanovic J., University of Manchester, Manchester, M13 9PL, United Kingdom; Rahmann C., University of Chile, Santiago, N2L 3G1, CL, Chile; Ajjarapu V., Iowa State University, Ames, 50011, IA, United States; Canizares C., University of Waterloo, Waterloo, ON, Canada; Erlich I., University of Duisburg-Essen, Duisburg, 47057, Germany; Hill D., University of Hong Kong, Hong Kong; Hiskens I., University of Michigan, Ann Arbor, 48109, MI, United States; Kamwa I., Hydro-Quebec's Research Institute, Varennes, J3X 1S1, QC, Canada; Pal B., Imperial College of Science, Tecnology and Medicine, London, SW7-2BT, United Kingdom; Pourbeik P., Power and Energy, Analysis, Consulting and Education, PLLC, Flower Mound, 75028, TX, United States; Sanchez-Gasca J., GE Schenectady, New York, 12345, United States; Stankovic A., Tufts University, Medford, 02155, MA, United States; Van Cutsem T., University of Lige, Lige, 4000, Belgium; Vittal V., Arizona State University, Tempe, 85287-5706, AZ, United States; Vournas C., National Technical University of Athens, Papagou, 15669, Greece","Since the publication of the original paper on power system stability definitions in 2004, the dynamic behavior of power systems has gradually changed due to the increasing penetration of converter interfaced generation technologies, loads, and transmission devices. In recognition of this change, a Task Force was established in 2016 to re-examine and extend, where appropriate, the classic definitions and classifications of the basic stability terms to incorporate the effects of fast-response power electronic devices. This paper based on an IEEE PES report summarizes the major results of the work of the Task Force and presents extended definitions and classification of power system stability. © 1969-2012 IEEE.","Converter-driven stability; Electric resonance stability; Frequency stability; Power system stability; Small-signal stability; Transient stability; Voltage stability","Electric power system stability; Electric power transmission; Frequency stability; Power converters; Power quality; Converter-driven stability; Dynamic behaviors; Electric resonance; Electric resonance stability; Generation technologies; Power; Power systems stability; Small signal stability; Task force; Transmission devices; Transients","National Science Foundation, NSF, (1710944); National Science Foundation, NSF","","Institute of Electrical and Electronics Engineers Inc.","Article","Scopus"
"McClurg J.; Mudumbai R.; Hall J.","McClurg, Josiah (55204358900); Mudumbai, Raghuraman (57205878096); Hall, Joseph (57217396238)","55204358900; 57205878096; 57217396238","Fast demand response with datacenter loads","2016","2016 IEEE Power and Energy Society Innovative Smart Grid Technologies Conference, ISGT 2016","5","10.1109/ISGT.2016.7781219","https://www.scopus.com/pages/publications/85010669661?origin=resultslist","Department of Electrical and Computer Engineering, University of Iowa, Iowa City, United States","McClurg J., Department of Electrical and Computer Engineering, University of Iowa, Iowa City, United States; Mudumbai R., Department of Electrical and Computer Engineering, University of Iowa, Iowa City, United States; Hall J., Department of Electrical and Computer Engineering, University of Iowa, Iowa City, United States","This paper shows how datacenters can provide value to the electric grid by functioning as fast and precisely-controllable loads. We discuss the substantial grid-side benefits available from high-penetration, finely-controllable, and fast controllable loads like datacenters. We then measure the power ramp rate and power control precision of an example compute cluster, and last experimentally demonstrate realtime power setpoint tracking with a simple distributed algorithm. These results are an important step toward implementing datacenter demand response at a sub-minute timescale. © 2016 IEEE.","","Electric power transmission networks; Power control; Controllable loads; Data centers; Datacenter; Demand response; Electric grids; Power ramp rates; Set-point tracking; Time-scales; Smart power grids","","","Institute of Electrical and Electronics Engineers Inc.","Conference paper","Scopus"
"Yadav A.; Kumari R.; Varshney S.K.; Lahiri B.","Yadav, Anjali (57226494667); Kumari, Rashmi (57217129409); Varshney, Shailendra K. (7005387872); Lahiri, Basudev (22980353000)","57226494667; 57217129409; 7005387872; 22980353000","Tunable phonon-plasmon hybridization in α-MoO3–graphene based van der Waals heterostructures","2021","Optics Express","27","10.1364/OE.434993","https://www.scopus.com/pages/publications/85116315900?origin=resultslist","Nano Bio Photonics Group, Advance Photonics Laboratory, Department of Electronics and Electrical Communication Engineering, IIT Kharagpur, West Bengal, 721302, India; Fiber Optics, Nano & Quantum Photonics (FONQP) Group, Advance Photonics Laboratory, Department of Electronics and Electrical Communication Engineering, IIT Kharagpur, West Bengal, 721302, India","Yadav A., Nano Bio Photonics Group, Advance Photonics Laboratory, Department of Electronics and Electrical Communication Engineering, IIT Kharagpur, West Bengal, 721302, India, Fiber Optics, Nano & Quantum Photonics (FONQP) Group, Advance Photonics Laboratory, Department of Electronics and Electrical Communication Engineering, IIT Kharagpur, West Bengal, 721302, India; Kumari R., Nano Bio Photonics Group, Advance Photonics Laboratory, Department of Electronics and Electrical Communication Engineering, IIT Kharagpur, West Bengal, 721302, India; Varshney S.K., Fiber Optics, Nano & Quantum Photonics (FONQP) Group, Advance Photonics Laboratory, Department of Electronics and Electrical Communication Engineering, IIT Kharagpur, West Bengal, 721302, India; Lahiri B., Nano Bio Photonics Group, Advance Photonics Laboratory, Department of Electronics and Electrical Communication Engineering, IIT Kharagpur, West Bengal, 721302, India","The plasmon-phonon hybridization behavior between anisotropic phonon polaritons (APhP) of orthorhombic phase Molybdenum Trioxide (α - MoO3) and the plasmon-polaritons of Graphene layer – forming a van der Waals (vdW) heterostructure is investigated theoretically in this paper. It is found that in-plane APhP shows strong interaction with graphene plasmons lying in their close vicinity, leading to large Rabi splitting. Anisotropic behavior of biaxial MoO3 shows the polarization-dependent response with strong anti-crossing behavior at 0.55 eV and 0.3 eV of graphene’s Fermi potential for [100] and [001] crystalline directions, respectively. Numerical results reveal unusual electric field confinement for the two arms of enhanced hybrid modes: the first being confined in the graphene layer representing plasmonic-like behavior. The second shows volume confined zigzag pattern in hyperbolic MoO3. It is also found that the various plasmon-phonon hybridized modes could be wavelength tuned, simply by varying the Fermi potential of the graphene layer. The coupling response of the hybrid structure is studied analytically using the coupled oscillator model. Furthermore, we also infer upon the coupling strength and frequency splitting between the two layers with respect to their structural parameters and interlayer spacing. Our work will provide an insight into the active tunable property of hybrid van der Waals (vdW) structure for their potential application in sensors, detectors, directional spontaneous emission, as well as for the tunable control of the propagating polaritons in fields of flat dispersion where strong localization of photons can be achieved, popularly known as the flatband optics. © 2021 Optical Society of America under the terms of the OSA Open Access Publishing Agreement.","","Anisotropy; Electric fields; Graphene; Light; Molybdenum oxide; Oscillators (mechanical); Photons; Plasmonics; Van der Waals forces; Fermi potential; Graphene layers; Hybridisation; Orthorhombic phase; Phonon polaritons; Plasmon hybridization; Plasmon-polaritons; Strong interaction; Tunables; Van der Waal; Phonons","Institute Scheme for Innovative Research and Development; Department of Science and Technology, Ministry of Science and Technology, India, डीएसटी, (DST/NM/TUE/QM-1/2019); Indian Institute of Technology Kharagpur; Sponsored Research and Industrial Consultancy, SRIC, (IIT/SRIC/EC/DSZ)","Funding text 1: Acknowledgments. Basudev Lahiri wants to acknowledge the Department of Science and Technology (DST), Government of India for funding support through the Nano mission research grant of DST/NM/TUE/QM-1/2019 along with the funding support provided by IIT Kharagpur through the Institute Scheme for Innovative Research and Development (ISIRD).; Funding text 2: Department of Science and Technology, Ministry of Science and Technology, India (DST/NM/TUE/QM-1/2019); Sponsored Research and Industrial Consultancy (IIT/SRIC/EC/DSZ).","The Optical Society","Article","Scopus"
"Basmadjian R.; De Meer H.","Basmadjian, Robert (17433324400); De Meer, Hermann (8905799500)","17433324400; 8905799500","Modelling and analysing conservative governor of DVFS-enabled processors","2018","e-Energy 2018 - Proceedings of the 9th ACM International Conference on Future Energy Systems","15","10.1145/3208903.3213778","https://www.scopus.com/pages/publications/85050214976?origin=resultslist","University of Passau, Innstrasse 43, Passau, 94032, Germany","Basmadjian R., University of Passau, Innstrasse 43, Passau, 94032, Germany; De Meer H., University of Passau, Innstrasse 43, Passau, 94032, Germany","Dynamic voltage and frequency scaling (DVFS) is a mechanism adopted by major hardware vendors to reduce power demand during times of low processor utilization. However, reducing processor frequency to decrease power demand usually results in degraded services’ performance leading to service level agreement violations. Governors, which are a piece of software at kernel level, are devised to exploit the flexibility provided by DVFS technologies of the hardware. Utilization-based governors change frequency and voltage at discrete time instances based on workload’s utilization without taking into account performance constraints of services. In this paper, a model for the utilization-based Conservative governor is proposed. The model allows us to predict both service performance (mean response time) and processor power demand. An M/M/1 simulator is presented which is used to validate the accuracy of the proposed model. For model accuracy validation, a second methodology based on the frequency probabilities of the processor is proposed. Both approaches confirm the derived DTMC model. We also carry out a comparison between On-demand and Conservative governors and show that the latter performs better for Markovian workloads. © 2018 Association for Computing Machinery.","Conservative governors; DVFS; Markov chains; On-demand; Performance; Power demand","Electric power utilization; Governors; Hardware; Markov processes; Smart power grids; Voltage scaling; DVFS; Dynamic voltage and frequency scaling; On demands; Performance; Performance constraints; Power demands; Processor utilization; Service Level Agreements; Dynamic frequency scaling","","","Association for Computing Machinery, Inc","Conference paper","Scopus"
"Klick S.; Laufen H.; Schütte M.; Qian B.; Quade K.L.; Rahe C.; Dubarry M.; Sauer D.U.","Klick, Sebastian (57214884261); Laufen, Hendrik (57225359314); Schütte, Moritz (58544648600); Qian, Bowen (59504205500); Quade, Katharina Lilith (57898817200); Rahe, Christiane (57188809733); Dubarry, Matthieu (14122893100); Sauer, Dirk Uwe (7005040792)","57214884261; 57225359314; 58544648600; 59504205500; 57898817200; 57188809733; 14122893100; 7005040792","Failure Mode and Degradation Analysis of a Commercial Sodium-Ion Battery With Severe Gassing Issue","2025","Batteries and Supercaps","13","10.1002/batt.202400546","https://www.scopus.com/pages/publications/105002485764?origin=resultslist","Chair for Electrochemical Energy Conversion and Storage Systems, Institute for Power Electronics and Electrical Drives (ISEA), RWTH Aachen University, Campus-Boulevard 89, Aachen, 52074, Germany; Juelich Aachen Research Alliance, JARA-Energy, Jülich, 52425, Germany; Center for Ageing, Reliability and Lifetime Prediction of Electrochemical and Power Electronic Systems (CARL), RWTH Aachen University, Campus-Boulevard 89, Aachen, 52074, Germany; University of Hawaii at Manoa, Hawaii Natural Energy Institute, 1680 East West Road, POST109, Honolulu, 96815, HI, United States; Helmholtz Institute Münster (HIMS), IMD-4, Forschungszentrum Jülich, Jülich, 52425, Germany","Klick S., Chair for Electrochemical Energy Conversion and Storage Systems, Institute for Power Electronics and Electrical Drives (ISEA), RWTH Aachen University, Campus-Boulevard 89, Aachen, 52074, Germany, Juelich Aachen Research Alliance, JARA-Energy, Jülich, 52425, Germany, Center for Ageing, Reliability and Lifetime Prediction of Electrochemical and Power Electronic Systems (CARL), RWTH Aachen University, Campus-Boulevard 89, Aachen, 52074, Germany; Laufen H., Chair for Electrochemical Energy Conversion and Storage Systems, Institute for Power Electronics and Electrical Drives (ISEA), RWTH Aachen University, Campus-Boulevard 89, Aachen, 52074, Germany, Juelich Aachen Research Alliance, JARA-Energy, Jülich, 52425, Germany, Center for Ageing, Reliability and Lifetime Prediction of Electrochemical and Power Electronic Systems (CARL), RWTH Aachen University, Campus-Boulevard 89, Aachen, 52074, Germany; Schütte M., Chair for Electrochemical Energy Conversion and Storage Systems, Institute for Power Electronics and Electrical Drives (ISEA), RWTH Aachen University, Campus-Boulevard 89, Aachen, 52074, Germany, Juelich Aachen Research Alliance, JARA-Energy, Jülich, 52425, Germany, Center for Ageing, Reliability and Lifetime Prediction of Electrochemical and Power Electronic Systems (CARL), RWTH Aachen University, Campus-Boulevard 89, Aachen, 52074, Germany; Qian B., Chair for Electrochemical Energy Conversion and Storage Systems, Institute for Power Electronics and Electrical Drives (ISEA), RWTH Aachen University, Campus-Boulevard 89, Aachen, 52074, Germany, Center for Ageing, Reliability and Lifetime Prediction of Electrochemical and Power Electronic Systems (CARL), RWTH Aachen University, Campus-Boulevard 89, Aachen, 52074, Germany; Quade K.L., Chair for Electrochemical Energy Conversion and Storage Systems, Institute for Power Electronics and Electrical Drives (ISEA), RWTH Aachen University, Campus-Boulevard 89, Aachen, 52074, Germany, Juelich Aachen Research Alliance, JARA-Energy, Jülich, 52425, Germany, Center for Ageing, Reliability and Lifetime Prediction of Electrochemical and Power Electronic Systems (CARL), RWTH Aachen University, Campus-Boulevard 89, Aachen, 52074, Germany; Rahe C., Chair for Electrochemical Energy Conversion and Storage Systems, Institute for Power Electronics and Electrical Drives (ISEA), RWTH Aachen University, Campus-Boulevard 89, Aachen, 52074, Germany, Juelich Aachen Research Alliance, JARA-Energy, Jülich, 52425, Germany, Center for Ageing, Reliability and Lifetime Prediction of Electrochemical and Power Electronic Systems (CARL), RWTH Aachen University, Campus-Boulevard 89, Aachen, 52074, Germany; Dubarry M., University of Hawaii at Manoa, Hawaii Natural Energy Institute, 1680 East West Road, POST109, Honolulu, 96815, HI, United States; Sauer D.U., Chair for Electrochemical Energy Conversion and Storage Systems, Institute for Power Electronics and Electrical Drives (ISEA), RWTH Aachen University, Campus-Boulevard 89, Aachen, 52074, Germany, Juelich Aachen Research Alliance, JARA-Energy, Jülich, 52425, Germany, Center for Ageing, Reliability and Lifetime Prediction of Electrochemical and Power Electronic Systems (CARL), RWTH Aachen University, Campus-Boulevard 89, Aachen, 52074, Germany, Helmholtz Institute Münster (HIMS), IMD-4, Forschungszentrum Jülich, Jülich, 52425, Germany","Sodium-ion batteries offer a promising alternative to lithium-ion batteries by addressing ecological and economic challenges. However, to assess the applicability of these cells for different sectors, understanding aging behavior, including degradation modes, is crucial. This work presents a comprehensive aging analysis of 67 commercial sodium-ion batteries under various temperatures, C-rates, and depths of discharge. We analyzed the initial cell-to-cell variance and the aging trajectories regarding capacity fade and resistance increase. We demonstrated that the cycling rate does not significantly influence the aging trajectories, whereas smaller depths of discharge significantly reduce degradation. The degradation gradients for 25 °C and 40 °C were similar; for −10 °C, we observed rapid capacity fading that can be attributed to irreversible sodium plating. Furthermore, we identified the degradation modes for four different aging categories. Since some aging tests stopped due to gas-induced current interrupt device triggering at low current rates and states of charge, we proposed two hypotheses for the gassing under specific conditions, suggesting inadequate gas consumption in cathode-electrolyte side reactions or solid electrolyte interphase instability as potential causes. Overall, this work provides a valuable in-depth analysis of the aging behavior of a commercial sodium-ion battery as a function of temperature, C-rate, and depth of discharge, with data made available for further research. © 2024 The Author(s). Batteries & Supercaps published by Wiley-VCH GmbH.","aging analyses; cyclic aging; degradation modes; sodium-ion battery","Degradation; Lithium-ion batteries; Metal ions; Ageing behavior; Aging analyze; Cyclic aging; Degradation analysis; Degradation mode; Depth of discharges; Failure mode analysis; Ion batteries; Lithium ions; Sodium ion batteries; Sodium-ion batteries","Bundesministerium für Bildung und Forschung, BMBF, (03XP0302C); Bundesministerium für Bildung und Forschung, BMBF; Bundesministerium für Wirtschaft und Klimaschutz, BMWK, (03EI6106D); Bundesministerium für Wirtschaft und Klimaschutz, BMWK; Office of Naval Research, ONR, (#N00014-21-1-2250, 21‐1‐2250); Office of Naval Research, ONR","Funding text 1: This research received funding from the Federal Ministry of Education and Research (BMBF) (funding code: 03XP0302C (greenBattNutzung)) and the Federal Ministry for Economic Affairs and Climate Action (BMWK) (funding code: 03EI6106D (WINTER)). M.\u2005D. is thankful for Office of Naval Research funding, award #N00014\u201021\u20101\u20102250. Open Access funding enabled and organized by Projekt DEAL. ; Funding text 2: This research received funding from the Federal Ministry of Education and Research (BMBF) (funding code: 03XP0302C (greenBattNutzung)) and the Federal Ministry for Economic Affairs and Climate Action (BMWK) (funding code: 03EI6106D (WINTER)). M. D. is thankful for Office of Naval Research funding, award #N00014-21-1-2250. Open Access funding enabled and organized by Projekt DEAL.","John Wiley and Sons Inc","Article","Scopus"
"Sigrist L.; Lobato E.; Rouco L.; Gazzino M.; Cantu M.","Sigrist, L. (24759643300); Lobato, E. (7005258069); Rouco, L. (6603723974); Gazzino, M. (23090737500); Cantu, M. (55954030800)","24759643300; 7005258069; 6603723974; 23090737500; 55954030800","Economic assessment of smart grid initiatives for island power systems","2017","Applied Energy","46","10.1016/j.apenergy.2016.12.076","https://www.scopus.com/pages/publications/85006978712?origin=resultslist","Universidad Pontificia Comillas, Madrid, Spain; Enel Ingegneria e Innovazione S.p.A., Pisa, Italy","Sigrist L., Universidad Pontificia Comillas, Madrid, Spain; Lobato E., Universidad Pontificia Comillas, Madrid, Spain; Rouco L., Universidad Pontificia Comillas, Madrid, Spain; Gazzino M., Enel Ingegneria e Innovazione S.p.A., Pisa, Italy; Cantu M., Enel Ingegneria e Innovazione S.p.A., Pisa, Italy","Islands are facing considerable challenges in meeting their energy needs in a sustainable, affordable and reliable way. The present paper develops an integrated approach to economically assess initiatives that can transform island power systems into smart ones. Single and multi-action initiatives fostering the deployment of renewable energy sources (RES), energy storage systems (ESS), demand-side management (DSM), and electric vehicle (EV) are considered. An hourly unit commitment on a weekly basis is proposed to assess the impact of the initiatives on the system operation costs of five prototype island power systems, which have been identified by applying clustering techniques to a set of sixty islands power systems. The different investment costs of the initiatives are accounted for determining their corresponding internal rate of return (IRR) through their lifetime. The economic assessment of single and multi-action initiatives for five prototype islands representing sixty island power systems quantifies which initiatives are most suitable for which type of island power system. The assessment shows that islands of different sizes and features require different initiatives. Larger islands tend to DSM initiatives, whereas smaller islands tend to RES initiatives. Multi-action initiatives achieve highest system operation cost reduction, whereas single action initiatives yield to highest IRR. © 2016 Elsevier Ltd","Demand side management; Electric vehicles; Energy storage; Renewable energy sources; Smart island; Unit commitment","Cost reduction; Demand side management; Earnings; Electric power system economics; Electric power transmission networks; Electric utilities; Electric vehicles; Energy storage; Investments; Natural resources; Operating costs; Renewable energy resources; Storage management; Clustering techniques; Demand Side Management (DSM); Energy storage systems; Internal rate of return; Island power systems; Renewable energy source; Smart island; Unit-commitment; cost analysis; demand-side management; economic activity; electric vehicle; energy budget; energy resource; integrated approach; optimization; renewable resource; smart grid; Smart power grids","","","Elsevier Ltd","Article","Scopus"
"Bhardwaj V.; Bhattacharya A.; Srivastava S.; Khovaylo V.V.; Sannigrahi J.; Banerjee N.; Mani B.K.; Chatterjee R.","Bhardwaj, Vishal (22233547600); Bhattacharya, Anupam (57200521433); Srivastava, Shivangi (57225774976); Khovaylo, Vladimir V. (10639803100); Sannigrahi, Jhuma (54909253700); Banerjee, Niladri (55796630127); Mani, Brajesh K. (22934924200); Chatterjee, Ratnamala (35607588300)","22233547600; 57200521433; 57225774976; 10639803100; 54909253700; 55796630127; 22934924200; 35607588300","Strain driven emergence of topological non-triviality in YPdBi thin films","2021","Scientific Reports","9","10.1038/s41598-021-86936-2","https://www.scopus.com/pages/publications/85103674689?origin=resultslist","Department of Physics, Indian Institute of Technology Delhi, New Delhi, India; Department of Mechanical Engineering, Indian Institute of Technology Delhi, New Delhi, India; National University of Science and Technology “MISiS”, Moscow, 119049, Russian Federation; Department of Physics, Loughborough University, Loughborough, LE11 3TU, United Kingdom","Bhardwaj V., Department of Physics, Indian Institute of Technology Delhi, New Delhi, India; Bhattacharya A., Department of Mechanical Engineering, Indian Institute of Technology Delhi, New Delhi, India; Srivastava S., Department of Physics, Indian Institute of Technology Delhi, New Delhi, India; Khovaylo V.V., National University of Science and Technology “MISiS”, Moscow, 119049, Russian Federation; Sannigrahi J., Department of Physics, Loughborough University, Loughborough, LE11 3TU, United Kingdom; Banerjee N., Department of Physics, Loughborough University, Loughborough, LE11 3TU, United Kingdom; Mani B.K., Department of Physics, Indian Institute of Technology Delhi, New Delhi, India; Chatterjee R., Department of Physics, Indian Institute of Technology Delhi, New Delhi, India","Half-Heusler compounds exhibit a remarkable variety of emergent properties such as heavy-fermion behaviour, unconventional superconductivity and magnetism. Several of these compounds have been predicted to host topologically non-trivial electronic structures. Remarkably, recent theoretical studies have indicated the possibility to induce non-trivial topological surface states in an otherwise trivial half-Heusler system by strain engineering. Here, using magneto-transport measurements and first principles DFT-based simulations, we demonstrate topological surface states on strained [110] oriented thin films of YPdBi grown on (100) MgO. These topological surface states arise in an otherwise trivial semi-metal purely driven by strain. Furthermore, we observe the onset of superconductivity in these strained films highlighting the possibility of engineering a topological superconducting state. Our results demonstrate the critical role played by strain in engineering novel topological states in thin film systems for developing next-generation spintronic devices. © 2021, The Author(s).","","article; simulation; superconductivity","Ministry of Education and Human Resources Development, MOEHRD, MOE HRD; Ministry of Human Resource Development, MHRD; Engineering and Physical Sciences Research Council, EPSRC, (EP/S016430/1, EP/P030599/1)","Authors would like to thank the CRF and NRF IIT Delhi for providing characterization facilities. VB and AB acknowledge MHRD India for financial support. SS, NB and RC acknowledges the financial assistance received from SPARC proposal #754. NB and JS also acknowledge funding from the EPSRC through EP/S016430/1. We also thank Prof. Umesh V. Waghmare from JNCASR for useful suggestions in DFT calculations. The DFT results presented in the paper are based on the computations using the High Performance Computing cluster, Padum, at IIT Delhi.","Nature Research","Article","Scopus"
"Chaurasia N.; Kumar M.; Chaudhry R.; Verma O.P.","Chaurasia, Nisha (57191330818); Kumar, Mohit (56243664000); Chaudhry, Rashmi (57196372354); Verma, Om Prakash (58100586900)","57191330818; 56243664000; 57196372354; 58100586900","Comprehensive survey on energy-aware server consolidation techniques in cloud computing","2021","Journal of Supercomputing","61","10.1007/s11227-021-03760-1","https://www.scopus.com/pages/publications/85103406871?origin=resultslist","Dr B R Ambedkar NIT Jalandhar, Jalandhar, India; IIIT Naya Raipur, Naya Raipur, India","Chaurasia N., Dr B R Ambedkar NIT Jalandhar, Jalandhar, India; Kumar M., Dr B R Ambedkar NIT Jalandhar, Jalandhar, India; Chaudhry R., IIIT Naya Raipur, Naya Raipur, India; Verma O.P., Dr B R Ambedkar NIT Jalandhar, Jalandhar, India","The objective of cloud computing is to provide seamless services using virtualization technology over the Internet to serve the Quality of Service (QoS)-driven end users requirements. In order to provide various services like Software as a Service, Platform as a Service, Infrastructure as a Service, the cloud server’s datacenters are kept active, which have large electrical consumption. Due to improper utilization of resources, optimizing the servers energy consumption becomes a significant challenge for service vendors from environmental and economic perspectives as well. The challenge to provide services with a low energy consumption profile opens up a new dimension of optimized server use for intelligent management of resources (such as CPU/disk/memory), with reduced power consumption through server consolidation. This enables fewer active physical servers to provide the required services without compromising the QoS. This article presents a narrative recent advancement comprehensive as well as systematic survey of existing energy-efficient techniques along with their limitations and the challenges associated in implementing them. © 2021, The Author(s), under exclusive licence to Springer Science+Business Media, LLC, part of Springer Nature.","Scheduling algorithm; Server consolidation; Virtual machine; VM migration","Energy efficiency; Energy utilization; Green computing; Platform as a Service (PaaS); Power management; Quality of service; Software as a service (SaaS); Surveys; Electrical consumption; Energy-aware servers; Intelligent management; Low energy consumption; Reduced power consumption; Server consolidation; Utilization of resources; Virtualization technologies; Infrastructure as a service (IaaS)","","","Springer","Article","Scopus"
"Usaola J.","Usaola, J. (6603121932)","6603121932","Operation of concentrating solar power plants with storage in spot electricity markets","2012","IET Renewable Power Generation","123","10.1049/iet-rpg.2011.0178","https://www.scopus.com/pages/publications/84857276260?origin=resultslist","Universidad Carlos III de Madrid, Department of Electrical Engineering, 28911 Leganés, Avenida de la Universidad 30, Spain","Usaola J., Universidad Carlos III de Madrid, Department of Electrical Engineering, 28911 Leganés, Avenida de la Universidad 30, Spain","Concentrating solar power (CSP) is a promising technology, which will most likely develop in some parts of the world in the near future. It is already being exploited in certain countries, such as the USA and Spain, where subsidy policies are granted to support its development. One advantage of this technology is the possibility of storing the received thermal energy, and using it later. This storage allows CSP plants to smooth the electricity production and to schedule it independently of the instantaneous solar resource. In this way, these plants may be considered as dispatchable, and therefore they can be more easily and efficiently integrated into the power grid. In an electricity market, this means fitting the production as much as possible to the spot price, which sets the system needs of energy. In this way, shifting part of its production to hours with more demand and higher prices maximises the revenues of the plant. This study proposes an optimisation method that aims to maximise CSP plant revenues by taking into account daily electricity prices. The model is independent of the technology used. The performed simulation cases with this model show that current Spanish subsidy policies reduce the incentive for the full use of CSP plant dispatchability. © 2012 The Institution of Engineering and Technology.","","Commerce; Solar energy; Solar power plants; Concentrating solar power; Concentrating solar power plant; Electricity market; Electricity prices; Electricity production; Optimisation method; Power grids; Solar resources; Spot electricity market; Spot price; Computer simulation","","","","Article","Scopus"
"Pantazoglou M.; Tzortzakis G.; Delis A.","Pantazoglou, Michael (22635749500); Tzortzakis, Gavriil (57190020924); Delis, Alex (7003291105)","22635749500; 57190020924; 7003291105","Decentralized and Energy-Efficient Workload Management in Enterprise Clouds","2016","IEEE Transactions on Cloud Computing","40","10.1109/TCC.2015.2464817","https://www.scopus.com/pages/publications/84976534494?origin=resultslist","Department of Informatics and Telecommunications, University of Athens, Panepistimiopolis, Athens, 15784, Greece","Pantazoglou M., Department of Informatics and Telecommunications, University of Athens, Panepistimiopolis, Athens, 15784, Greece; Tzortzakis G., Department of Informatics and Telecommunications, University of Athens, Panepistimiopolis, Athens, 15784, Greece; Delis A., Department of Informatics and Telecommunications, University of Athens, Panepistimiopolis, Athens, 15784, Greece","We present a decentralized approach towards scalable and energy-efficient management of virtual machine (VM) instances that are provisioned by large, enterprise clouds. In our approach, the computation resources of the data center are effectively organized into a hypercube structure. The hypercube seamlessly scales up and down as resources are either added or removed in response to changes in the number of provisioned VM instances. Without supervision from any central components, each compute node operates autonomously and manages its own workload by applying a set of distributed load balancing rules and algorithms. On one hand, underutilized nodes attempt to shift their workload to their hypercube neighbors and switch off. On the other, overutilized nodes attempt to migrate a subset of their VM instances so as to reduce their power consumption and prevent degradation of their own resources, which in turn may lead to SLA violations. In both cases, the compute nodes in our approach do not overload their counterparts in order to improve their own energy footprint. An evaluation and comparative study of the proposed approach provides evidence of its merits in terms of elasticity, energy efficiency, and scalability, as well as of its feasibility in the presence of high workload rates. © 2013 IEEE.","B.9.2 Energy-aware systems; H.3.4.b Distributed systems; K.6.4.a Centralization/decentralization","Geometry; Network management; Power management; Comparative studies; Computation resources; Decentralized approach; Distributed load balancing; Distributed systems; Energy-aware systems; K.6.4.a Centralization/decentralization; Workload management; Energy efficiency","","","Institute of Electrical and Electronics Engineers Inc.","Article","Scopus"
